weight_config,seed,epoch,train_total_MSE_std,val_total_MSE_std,train_unweighted_total_MSE_std,val_unweighted_total_MSE_std,is_best_joint_so_far,w_SOH,w_R0,w_R1,w_R2,train_SOH_MSE_std,val_SOH_MSE_std,is_best_SOH_so_far,train_R0_MSE_std,val_R0_MSE_std,is_best_R0_so_far,train_R1_MSE_std,val_R1_MSE_std,is_best_R1_so_far,train_R2_MSE_std,val_R2_MSE_std,is_best_R2_so_far
soh40,42,1,0.2614917100609812,0.49414592625216147,0.2957243972039031,0.5703861776488616,True,0.4,0.2,0.2,0.2,0.1245609614892935,0.18918492066536066,True,0.28405962206432017,0.7928769432953198,True,0.39326294411453294,0.7081172267398833,True,0.3810140611474657,0.5913656198948828,True
soh40,42,2,0.1982218026138035,0.33699418781323953,0.22618773401546072,0.39525547267458144,True,0.4,0.2,0.2,0.2,0.08635807700717481,0.10394904836787199,True,0.2228003237287681,0.5655177231335894,True,0.28014822318949933,0.45740061698904416,True,0.31544431213640056,0.4541545022078201,True
soh40,42,3,0.17543087568445306,0.30933200057806304,0.2019485519452232,0.3646294739974782,True,0.4,0.2,0.2,0.2,0.06936017064137232,0.08814210690040243,True,0.20778015824792284,0.5098593301180229,True,0.2557508276581728,0.4208108016119401,True,0.2749030512334249,0.43970565735954725,True
soh40,42,4,0.18969352649613175,0.33275339645326785,0.213409790605437,0.38579175558852064,False,0.4,0.2,0.2,0.2,0.09482847005891075,0.12059995991225689,False,0.22464022488718363,0.5498050742755445,False,0.25126313151205293,0.4203034437006152,True,0.2829073359636006,0.4524585444656659,False
soh40,42,5,0.15777307325944817,0.267663183694695,0.182313055691514,0.3174740715597182,True,0.4,0.2,0.2,0.2,0.05961314353118477,0.06841963223460218,True,0.19693354091409762,0.46114769750368173,True,0.2339481323690262,0.3548728103071,True,0.23875740595174735,0.38545614619348884,True
soh40,42,6,0.19144986872387937,0.3017962509344492,0.21756684801997822,0.3522604065005058,False,0.4,0.2,0.2,0.2,0.08698195153948383,0.09993962867022281,False,0.22138860134688887,0.4949978808657676,False,0.26282847819300487,0.37996500974106123,False,0.2990683610005354,0.43413910672497136,False
soh40,42,7,0.1524289524298597,0.27040460524328475,0.17483872987359647,0.31908052768609974,False,0.4,0.2,0.2,0.2,0.06278984265491269,0.07570091547202487,False,0.19273958163724994,0.45580731956313675,True,0.21646964922130127,0.3557651591339888,False,0.22735584598092198,0.3890487165752485,False
soh40,42,8,0.1508156014973728,0.29266944966658925,0.17406501276921965,0.3496304769982004,False,0.4,0.2,0.2,0.2,0.057817956409985376,0.06482534034014469,True,0.18906087333208596,0.5329105879893241,False,0.21650537804537828,0.4299452015842377,False,0.232875843289429,0.37084077807909493,True
soh40,42,9,0.14609947056674438,0.2740573274232586,0.16914778909893005,0.32684592706925386,False,0.4,0.2,0.2,0.2,0.05390619643800172,0.06290292883927728,True,0.18652651431305026,0.4989191070262236,False,0.2204686246178261,0.381426161334262,False,0.2156898210268421,0.36413551107725267,True
soh40,42,10,0.14965119680621747,0.2731711745266498,0.171602300728919,0.3224423605605232,False,0.4,0.2,0.2,0.2,0.061846781115411316,0.07608643039115606,False,0.18837141137852267,0.4857031838091869,False,0.20739809684854085,0.3547390898677816,True,0.22879291357320108,0.37324073817396836,False
soh40,42,11,0.14505730242642148,0.26631644398860876,0.1663822729415402,0.31545292809025977,True,0.4,0.2,0.2,0.2,0.05975742036594657,0.0697705075820047,False,0.19221138604946644,0.46758577950043817,False,0.2019483780329209,0.35167012141166554,True,0.2116119073178269,0.3727853038669307,False
soh40,42,12,0.14482083770593626,0.27585143994354866,0.1668817658572723,0.32600885802983365,False,0.4,0.2,0.2,0.2,0.05657712510059204,0.07522176759840858,False,0.1840276302582969,0.47536075630299873,False,0.2105082352049565,0.3677611237403695,False,0.21641407286524372,0.3856917844775578,False
soh40,42,13,0.14307652434367044,0.2692348828487707,0.16389957646914077,0.31778150918429265,False,0.4,0.2,0.2,0.2,0.059784315841789046,0.07504837750668251,False,0.18916913797235954,0.4731271730260837,False,0.19771083372709483,0.3558904747102169,False,0.20893401833531966,0.36706001149418754,False
soh40,42,14,0.135794638258006,0.27250645655784367,0.1564611249465089,0.3246195017154079,False,0.4,0.2,0.2,0.2,0.0531286915039944,0.06405427592758686,False,0.18299046713791864,0.4929805600237946,False,0.1960175434344977,0.39703386849281536,False,0.19370779770962485,0.34440930241743467,True
soh40,42,15,0.13539902748745355,0.28881275042022453,0.15609216049839192,0.342569220287616,False,0.4,0.2,0.2,0.2,0.05262649544370004,0.07378687095065851,False,0.17883355015877508,0.5251778457456514,False,0.1947337541994002,0.39000785489515805,False,0.19817484219169237,0.381304309558996,False
soh40,42,16,0.1331501446644566,0.27971726411844916,0.1536876950710539,0.33072230639496725,False,0.4,0.2,0.2,0.2,0.050999943038067284,0.07569709501237668,False,0.17673925940856475,0.4923934538380685,False,0.1889195785534248,0.37336411831271793,False,0.1980919992841588,0.38143455841670587,False
soh40,42,17,0.14581963966552997,0.27167973335899137,0.16658128077077874,0.32136482744662453,False,0.4,0.2,0.2,0.2,0.06277307524453471,0.07293935700845862,False,0.19432125891955376,0.4716849453223677,False,0.2030022774586897,0.377165286781668,False,0.20622851146033683,0.3636697206740038,False
soh40,42,18,0.13795909481364865,0.2522983936712526,0.15972437755641075,0.2995441031469581,True,0.4,0.2,0.2,0.2,0.05089796384260016,0.06331555576843077,False,0.18584815630938958,0.42793118347526704,True,0.21420938322878288,0.3511336943938747,True,0.18794200684487042,0.3557959789502599,False
soh40,42,19,0.1285128179504983,0.26677831038656996,0.14963794279478493,0.31991254966036264,False,0.4,0.2,0.2,0.2,0.04401231857335184,0.05424135329139917,True,0.17399401551210295,0.5072622839807762,False,0.1903952575309463,0.3759656996948908,False,0.1901501795627386,0.3421808616743845,True
soh40,42,20,0.1318976550421078,0.2524937591277125,0.15281741097245735,0.30072420157130814,False,0.4,0.2,0.2,0.2,0.04821863132070956,0.05957198935332975,False,0.17516135493845572,0.46477862294058525,False,0.19300337173558446,0.3567553892508362,False,0.19488628589507964,0.32179080474048144,True
soh40,42,21,0.12662182524301732,0.23648260375280056,0.14690333999820593,0.28390912086906955,True,0.4,0.2,0.2,0.2,0.0454957662222628,0.04677653528772452,True,0.1706261330512183,0.42756595403841474,True,0.18609373198251952,0.3284864310434084,True,0.18539772873682314,0.3328075631067305,False
soh40,42,22,0.129255383687144,0.32571603104065855,0.15039239110942856,0.392384530162689,False,0.4,0.2,0.2,0.2,0.04470735399800572,0.059042034552536704,False,0.1758219625476429,0.6306921631599917,False,0.20127712063172334,0.5372220396703237,False,0.1797631272603423,0.342581883267904,False
soh40,42,23,0.13226309758430627,0.26965250415970154,0.15324768207290732,0.32370807156023884,False,0.4,0.2,0.2,0.2,0.048324759629902014,0.05343023455755228,False,0.1726071435046752,0.4766150955929011,False,0.1971550428193356,0.405052528422928,False,0.19490378233771646,0.359734427667574,False
soh40,42,24,0.12398199752115378,0.28309204294604084,0.14397185279091823,0.3398770500526188,False,0.4,0.2,0.2,0.2,0.04402257644209592,0.05595201451972892,False,0.1683405403329972,0.5354452332103318,False,0.18469815847260448,0.4161850370964589,False,0.17882613591597532,0.35192591538395573,False
soh40,42,25,0.12013710576004613,0.23124653116593394,0.14040139256056178,0.27396737571833885,True,0.4,0.2,0.2,0.2,0.039079958557983414,0.060363152956314316,False,0.1650230826027517,0.41386169805291356,True,0.1815392999841107,0.31244276583911473,True,0.17596322909740136,0.30920188602501264,True
soh40,42,26,0.12704962442652104,0.26935495998669273,0.14684785950598297,0.32826722676341663,False,0.4,0.2,0.2,0.2,0.047856684108673296,0.03370589287979725,True,0.1748237603543076,0.5791618399883003,False,0.18688143524850095,0.4114481869064966,False,0.17782955831245006,0.28875298727907234,True
soh40,42,27,0.12844833657206364,0.29651078461348773,0.14840078822134642,0.35590722918566187,False,0.4,0.2,0.2,0.2,0.048638529974932496,0.05892500632479111,False,0.17695447569256542,0.6097096176336979,False,0.18276489350006644,0.41020979643765654,False,0.18524525371782127,0.3447844963465018,False
soh40,42,28,0.1197724580777165,0.2648279754340356,0.13908493576532788,0.3186446769894649,False,0.4,0.2,0.2,0.2,0.04252254732727095,0.04956116921231826,False,0.1689538277900323,0.5171390385673418,False,0.17605512235458928,0.390827788926295,False,0.16880824558941895,0.3170507112519046,False
soh40,42,29,0.12562732419983375,0.23904016555764915,0.1451002815149621,0.28783840928468946,False,0.4,0.2,0.2,0.2,0.04773549493932035,0.04384719064948782,False,0.16922390718460223,0.48986547383167967,False,0.1871330348936401,0.32664220210574774,False,0.17630868904228572,0.2909987705518427,False
soh40,42,30,0.13074651519294211,0.25052802392722673,0.1518994518261608,0.30319016230069507,False,0.4,0.2,0.2,0.2,0.046134768660067375,0.0398794704333533,False,0.18301543435114467,0.4882843932449372,False,0.1951721700709367,0.36654602893192756,False,0.18327543422249445,0.31805075659256216,False
soh40,42,31,0.1236004237104475,0.2971436748678728,0.14293768122580158,0.35460448377457365,False,0.4,0.2,0.2,0.2,0.04625139364903116,0.06730043924106932,False,0.1713959014736374,0.5078804137554612,False,0.18544320511905565,0.4938351925769046,False,0.16866022466148212,0.34940188952485934,False
soh40,42,32,0.11927930570419817,0.24456314592500294,0.1394864401220497,0.2930896793419569,False,0.4,0.2,0.2,0.2,0.03845076803279203,0.05045701225718703,False,0.16305352164217016,0.45847768942509726,False,0.1825501107480698,0.3298590288356402,False,0.1738913600651668,0.33356498684990316,False
soh40,42,33,0.13853956353732905,0.2742419491865961,0.15882155927402739,0.32564971937695325,False,0.4,0.2,0.2,0.2,0.05741158059053555,0.06861086842516757,False,0.18580845050838116,0.5030104062883815,False,0.19962876399375104,0.3675107518464214,False,0.19243744200344184,0.3634668509478424,False
soh40,42,34,0.13428920274251788,0.25324233465875906,0.15368396381829272,0.30308796471938737,False,0.4,0.2,0.2,0.2,0.056710158439418415,0.05385981441624575,False,0.17702848668155713,0.4679270595268634,False,0.19955486612082698,0.36006849067054897,False,0.18144234403136836,0.3304964942638914,False
soh40,42,35,0.1184761292115835,0.26621267579541985,0.1377580622495378,0.3181556968358998,False,0.4,0.2,0.2,0.2,0.041348397059766305,0.058440591633499926,False,0.16537833921599884,0.5197935765311149,False,0.1803997797768048,0.34701811260021254,False,0.16390573294558122,0.34737050657877183,False
soh40,42,36,0.11618209259677015,0.26842989536333567,0.13383041770476697,0.31754869029214794,False,0.4,0.2,0.2,0.2,0.04558879216478285,0.0719547156480864,False,0.16370407819967636,0.47731210894500015,False,0.16665986101233685,0.3707444400274003,False,0.1593689394422718,0.35018349654810504,False
soh40,42,37,0.11643170050389882,0.23074412346570208,0.13570278303510125,0.2737362170593038,True,0.4,0.2,0.2,0.2,0.03934737037908913,0.05877574909129532,False,0.16192505145989924,0.4107645454961845,True,0.1742890851904666,0.30861560224831613,True,0.16724962511095,0.3167889714014191,False
soh40,42,38,0.11738933459156045,0.2503879493713974,0.13663794711879176,0.3007651518710094,False,0.4,0.2,0.2,0.2,0.040394884482635084,0.048879139372949514,False,0.16648851359343636,0.498869542467788,False,0.17783887705078447,0.32389974889131634,False,0.16182951334831117,0.3314121767519837,False
soh40,42,39,0.12760593261981326,0.2873040639609758,0.14839018705984527,0.3401008660084298,False,0.4,0.2,0.2,0.2,0.044468914859685106,0.07611685577115984,False,0.17229640554967418,0.5228752785877423,False,0.18567589565536732,0.3586209016334707,False,0.19111953217465452,0.40279042804134635,False
soh40,42,40,0.1614678687818509,0.24751223611661294,0.17993069749404814,0.294614877783311,False,0.4,0.2,0.2,0.2,0.08761655393306186,0.05910166944982062,False,0.19770260562618527,0.4362240999172193,False,0.21965023632907255,0.35539615851089884,False,0.2147533940878729,0.3277375832553053,False
soh40,42,41,0.12047975806619524,0.27996988309161036,0.1396520025090794,0.3354439992699855,False,0.4,0.2,0.2,0.2,0.04379078029465867,0.058073418378109656,False,0.16989395823468048,0.5323173389402424,False,0.17925410681620849,0.4012859477362773,False,0.1656691646907699,0.35009929202531276,False
soh40,42,42,0.12373231991980183,0.3058380872425189,0.14184735923444125,0.3618137334903712,False,0.4,0.2,0.2,0.2,0.051272162661244125,0.08193550225110932,False,0.16896496642953576,0.5682838281446896,False,0.1741299021063117,0.4195031866415839,False,0.17302240574067337,0.37753241692410217,False
soh40,42,43,0.11316032109805296,0.29463676951765183,0.13256558403974616,0.35433734065588995,False,0.4,0.2,0.2,0.2,0.03553926933128017,0.055834484964699185,False,0.16011409681586572,0.5478432630967801,False,0.1832514512388652,0.4735820424524701,False,0.15135751877297351,0.34008957210961044,False
soh40,42,44,0.10969898492962869,0.27460042905486676,0.12787775972534549,0.32867548132009916,False,0.4,0.2,0.2,0.2,0.03698388574676144,0.05830021999393705,False,0.15729160486119315,0.521579481674601,False,0.16706857027416924,0.39642734654536294,False,0.15016697801925818,0.3383948770664957,False
soh40,42,45,0.1120135218917439,0.2639230073255252,0.13126977164946438,0.31740931755113977,False,0.4,0.2,0.2,0.2,0.03498852286086204,0.049977766423066936,False,0.1596929573530195,0.5222567964958209,False,0.1787252633646664,0.3667950762181534,False,0.15167234301930954,0.3306076310675178,False
soh40,42,46,0.10839309268961302,0.234591517944587,0.1272598401053094,0.282078892648786,False,0.4,0.2,0.2,0.2,0.03292610302682737,0.04464201912779102,False,0.15665299434578459,0.44476532532492685,False,0.168112755654671,0.30707079372640417,True,0.15134750739395472,0.33183743241602187,False
soh40,42,47,0.1108374383077102,0.2858239275513996,0.12999804598579504,0.3417588181624641,False,0.4,0.2,0.2,0.2,0.03419500759537088,0.06208436510714159,False,0.157272252576014,0.4739247938432612,False,0.18194898108288723,0.49413377518064183,False,0.14657594268890803,0.33689233851881184,False
soh40,42,48,0.1226362771063232,0.23531779021217036,0.14230125827519685,0.2830847410267215,False,0.4,0.2,0.2,0.2,0.04397635243082851,0.04424998695396585,False,0.16651428154731343,0.4592549156422597,False,0.18360412935949091,0.32116970130065625,False,0.1751102697631546,0.3076643602100042,False
soh40,42,49,0.11550656673251683,0.2690092698419932,0.13430848799733988,0.3215926458046887,False,0.4,0.2,0.2,0.2,0.04029888167322462,0.05867576599121094,False,0.16570797269361717,0.521116448341178,False,0.17388425727484402,0.3707634836771552,False,0.15734284034767368,0.3358148852092107,False
soh40,42,50,0.112667650451927,0.24750173409570733,0.13120942073630476,0.2960803329678369,False,0.4,0.2,0.2,0.2,0.03850056931441601,0.0531873386071888,False,0.15909187891601131,0.4549233359114791,False,0.16816582146827153,0.33581089233034694,False,0.15907941324652014,0.34039976502233293,False
soh40,42,51,0.11743759744761927,0.2505303312975071,0.13686944050497593,0.30004854387377505,False,0.4,0.2,0.2,0.2,0.039710225218192556,0.05245748099243533,False,0.16118218552791772,0.4750286576501604,False,0.1798240104803913,0.3343507188871882,False,0.16676134079340219,0.33835731796531626,False
soh40,42,52,0.10807524417885048,0.2519304109785861,0.12650745376868133,0.30127373075908515,False,0.4,0.2,0.2,0.2,0.03434640581952709,0.05455713185658988,False,0.1566780362602048,0.4860793021003454,False,0.16785109439165138,0.32830080462674555,False,0.14715427860334204,0.3361576844526597,False
soh40,42,53,0.1087762478190957,0.25572980070851214,0.12800154636581537,0.3066711495256072,False,0.4,0.2,0.2,0.2,0.03187505363221696,0.0519644054401317,False,0.1596170195536562,0.47142406210731064,False,0.175990358263191,0.382376966786159,False,0.14452375401419734,0.3209191637688275,False
soh40,42,54,0.10945722031758254,0.2448614059770011,0.12817539118706972,0.2923528409536076,False,0.4,0.2,0.2,0.2,0.03458453683963372,0.05489566607057508,False,0.15744287817048166,0.43900951573207597,False,0.17338070711532047,0.34268379716515524,False,0.14729344262284308,0.332822384846624,False
soh40,42,55,0.10573109652399768,0.25954517397166194,0.12459214287645218,0.31326001415573435,False,0.4,0.2,0.2,0.2,0.030286911114179704,0.04468581323537221,False,0.15941894002014176,0.5349279052984658,False,0.16403068275088958,0.3464624814032591,False,0.14463203762059765,0.3269638566858402,False
soh40,42,56,0.10745425422817337,0.27422293376231016,0.12602798038644222,0.32756270993007863,False,0.4,0.2,0.2,0.2,0.03315934959509792,0.06086382909123631,False,0.15779917461772155,0.5257042487416841,False,0.16839066370419656,0.36716475676099813,False,0.14476273362875283,0.3565180051263959,False
soh40,42,57,0.10860099810202001,0.28231420436320886,0.1272256608709511,0.33483661056678415,False,0.4,0.2,0.2,0.2,0.03410234702629554,0.07222457954890778,False,0.15826429398435177,0.5295349250280074,False,0.16959726704649333,0.3776952232930968,False,0.14693873542666386,0.35989171439712453,False
soh40,42,58,0.11250411643665209,0.2877362195567211,0.13197254039306078,0.34418620647716974,False,0.4,0.2,0.2,0.2,0.03463042061101732,0.061936271874926244,False,0.15668725658730073,0.5285019703056195,False,0.1777880596857989,0.40917255426307025,False,0.15878442468812617,0.37713402946506286,False
soh40,42,59,0.11464106916093905,0.24014943129098765,0.1335862060240985,0.2869457372064689,False,0.4,0.2,0.2,0.2,0.03886052170830129,0.05296420762906262,False,0.16363218899566392,0.4410839461170751,False,0.17666618918190047,0.3370709791785018,False,0.15518592421052832,0.3166638159012361,False
soh40,42,60,0.10033231058796946,0.23899512337615364,0.11865916494605286,0.2860328229602715,False,0.4,0.2,0.2,0.2,0.027024893155635825,0.05084432503968207,False,0.149801619625362,0.4404040808856782,False,0.1652510110149776,0.32371254104144703,False,0.13255913598823602,0.3291703448742787,False
soh40,42,61,0.1077684047255247,0.2574540477106705,0.1270140186852001,0.3063101583419588,False,0.4,0.2,0.2,0.2,0.030785948886823063,0.062029605185517374,False,0.1549303647196281,0.4621532633553597,False,0.17254183048802396,0.3426397812410258,False,0.14979793064632527,0.3584179835859322,False
soh40,42,62,0.1175338221747459,0.27708531719174156,0.13775974245456574,0.33179711967164066,False,0.4,0.2,0.2,0.2,0.03663014105546643,0.05823810727214525,False,0.15999318748259375,0.5246400541518251,False,0.18113437929120382,0.39560839483915977,False,0.17328126198899899,0.3487019224234324,False
soh40,42,63,0.1086234415911396,0.2510918865662214,0.12717254357855834,0.30040640745245284,False,0.4,0.2,0.2,0.2,0.034427033641464565,0.053833803021295555,False,0.15334313186329526,0.44625181339086,False,0.1680603390050088,0.359307311568486,False,0.15285966980446478,0.3422327018291698,False
soh40,42,64,0.1147770801826491,0.27491216282268716,0.13309288621129936,0.3265946624162025,False,0.4,0.2,0.2,0.2,0.04151385606804806,0.06818216444862574,False,0.16133653857004532,0.5238461146753577,False,0.16864855471425758,0.3657119858211077,False,0.16087259549284647,0.3486383847197188,False
soh40,42,65,0.11162749748627436,0.23960213959123275,0.13149486897923576,0.28856806590855827,False,0.4,0.2,0.2,0.2,0.03215801151442877,0.04373843432193076,False,0.1564343507537118,0.46152492714776105,False,0.17185193699549509,0.3209681194719252,False,0.1655351766533074,0.3280407826926159,False
soh40,42,66,0.10621579624432384,0.2744824320579598,0.1239068857839983,0.3285996950439384,False,0.4,0.2,0.2,0.2,0.035451438085625946,0.05801338011404539,False,0.15734881207876655,0.5256342805499205,False,0.16597517360717093,0.3896550618431076,False,0.1368521193644298,0.3410960576686802,False
soh40,42,67,0.1297445816750689,0.26473517162482574,0.14897878359096925,0.3180553573260993,False,0.4,0.2,0.2,0.2,0.05280777401146748,0.051454428819731286,False,0.16725336299083715,0.5191806912709772,False,0.1838650281681177,0.36481349136616337,False,0.19198896919345462,0.3367728178475254,False
soh40,42,68,0.11150801612707051,0.2609640968392646,0.12994735575368394,0.31270575017448565,False,0.4,0.2,0.2,0.2,0.037750657620616766,0.053997483498380267,False,0.15575360573208089,0.4985442889872728,False,0.17803896514893172,0.3738214058540577,False,0.1482461945131064,0.3244598223582317,False
soh40,42,69,0.1083257246705058,0.23463787463281868,0.12690011407104856,0.2806081216294066,False,0.4,0.2,0.2,0.2,0.034028167068334794,0.05075688664646667,False,0.15761282147203512,0.4093820973969882,True,0.16720792632868883,0.33568394337093715,False,0.14875154141513544,0.3266095591032346,False
soh40,42,70,0.10705458603347,0.2912052662845125,0.1254422504791894,0.35084678054270324,False,0.4,0.2,0.2,0.2,0.03350392825059248,0.05263920925174955,False,0.15857471054151875,0.6206660925501906,False,0.1673164651139362,0.40561023463303564,False,0.14237389801071004,0.32447158573583706,False
soh40,42,71,0.10202440107194503,0.285585461326816,0.12005285441296526,0.3414185936373572,False,0.4,0.2,0.2,0.2,0.02991058770786414,0.06225293208465115,False,0.154364554476604,0.5692947537460727,False,0.16231574129319007,0.38404235242115115,False,0.1336205341742028,0.35008433629755387,False
soh40,42,72,0.09698972632550261,0.2879818395195073,0.11486927992635027,0.3431316135615318,False,0.4,0.2,0.2,0.2,0.025471511922111938,0.06738274335140908,False,0.14677851321807048,0.565247465691074,False,0.1609191646888468,0.3887107579082251,False,0.12630792987637188,0.3511854872954192,False
soh40,42,73,0.10134219351806256,0.26819023157229616,0.11898932656623909,0.31836889275049984,False,0.4,0.2,0.2,0.2,0.030753661325356438,0.06747558685948121,False,0.14906620062899398,0.51048828489523,False,0.1638855686327085,0.34120169314230514,False,0.13225187567789742,0.3543100061049831,False
soh40,42,74,0.09797599235547957,0.25125956929850723,0.11570582370111472,0.30068040837429344,False,0.4,0.2,0.2,0.2,0.02705666697293894,0.05357621299536207,False,0.1463416961066547,0.4822792224601565,False,0.16301535882427493,0.33392541839897666,False,0.12640957290059035,0.3329407796426787,False
soh40,42,75,0.10538742228191932,0.31155290501038146,0.12346214025328192,0.37538601460377197,False,0.4,0.2,0.2,0.2,0.03308855039646892,0.05622046663681906,False,0.15594280042098932,0.6041404438007271,False,0.17255151671976884,0.48679116476212264,False,0.13226569347590053,0.35439198321541926,False
soh40,42,76,0.10995062977537218,0.2583320920558823,0.1278612933916337,0.30935400746892916,False,0.4,0.2,0.2,0.2,0.03830797531032595,0.054244430403695004,False,0.15850367328298712,0.4779280318401334,False,0.1694481695583736,0.3672068285968921,False,0.1451853554148482,0.3380367390349961,False
soh40,42,77,0.10207367154696684,0.25355497722686343,0.12048698288171605,0.3020727379372846,False,0.4,0.2,0.2,0.2,0.028420426207969994,0.059483934385178676,False,0.15578544043055886,0.4552263893586064,False,0.16474158873562447,0.353476218743128,False,0.13300047615271085,0.34010440926222535,False
soh40,42,78,0.10714465836821262,0.258014685770843,0.12586367069182638,0.30905129313687374,False,0.4,0.2,0.2,0.2,0.032268609073757545,0.053868256306720284,False,0.16658855832943734,0.4874355970693298,False,0.16863498876817218,0.35966961977860684,False,0.13596252659593847,0.3352316993928379,False
soh40,42,79,0.09958013420574188,0.2475181740202283,0.1174970770774953,0.29748846027611586,False,0.4,0.2,0.2,0.2,0.02791236271872816,0.04763702899667792,False,0.14805166355611335,0.4729905780732069,False,0.1633521011386905,0.346972768579326,False,0.1306721808964492,0.32235346545525273,False
soh40,42,80,0.10092303812114972,0.23706345670106121,0.11892380572684724,0.2828988997904502,False,0.4,0.2,0.2,0.2,0.028919967698359687,0.05372168434350512,False,0.15082215942664604,0.4337537533077956,False,0.16206039626573396,0.3215496909263011,False,0.13389269951664926,0.322570470584199,False
soh40,42,81,0.09577858857631502,0.24259631046971858,0.11328114924712687,0.28968895377849396,False,0.4,0.2,0.2,0.2,0.025768345893067608,0.054225737234616926,False,0.14553573491333968,0.45261334587369556,False,0.1591037401732247,0.32021868098474743,False,0.1227167760088755,0.331698051020916,False
soh40,42,82,0.09791921155410581,0.2561170982519403,0.11584888926479212,0.30658651997280767,False,0.4,0.2,0.2,0.2,0.026200500711360594,0.0542394113684709,False,0.1470753136309322,0.49087790993359537,False,0.1618472770839185,0.35376814107223603,False,0.12827246563295713,0.3274606175169283,False
soh40,42,83,0.10089418644410492,0.24674033860305822,0.11847321755585608,0.29591933299167766,False,0.4,0.2,0.2,0.2,0.030578061997100302,0.050024361048580296,False,0.15046174924525949,0.47984415459992974,False,0.16475873688287643,0.3335168915038708,False,0.12809432209818805,0.3202919248143299,False
soh40,42,84,0.09698925165812886,0.24282774353470282,0.11506185845713016,0.28907364756512616,False,0.4,0.2,0.2,0.2,0.024698824462123622,0.057844127413009226,False,0.1488436596220756,0.44373983539215306,False,0.1592363530853345,0.32610887889602685,False,0.1274685966589869,0.3286017485593156,False
soh40,42,85,0.10606501777721855,0.27751970971632406,0.12462311981380747,0.3295687803035484,False,0.4,0.2,0.2,0.2,0.031832609630862825,0.06932342736742647,False,0.15231355542749694,0.48430644759073366,False,0.1671450249822064,0.3664584784337521,False,0.14720128921466372,0.39818676782228146,False
soh40,42,86,0.11266703816201812,0.28626309932625904,0.13176086820784855,0.3444412286784083,False,0.4,0.2,0.2,0.2,0.036291717978696424,0.05355058191766191,False,0.161651256124694,0.5483220459322432,False,0.17303561739796003,0.4391430453259826,False,0.15606488133004368,0.3367492415377455,False
soh40,42,87,0.10061018941682824,0.23441115951944289,0.1188044491894251,0.2817366540878915,False,0.4,0.2,0.2,0.2,0.027833150326440806,0.04510918124564825,False,0.1516092542964594,0.43045789278167296,False,0.16215198203958336,0.32467114580238726,False,0.13362341009521678,0.3267083965218576,False
soh40,42,88,0.10890467478320336,0.2782637125443921,0.12687835975776277,0.33249281167075695,False,0.4,0.2,0.2,0.2,0.037009934884965644,0.06134731603893268,False,0.15537148606226311,0.543539844411843,False,0.1706019454067941,0.3640698770454213,False,0.14453007267702825,0.36101420918683075,False
soh40,42,89,0.09946128278091762,0.2707879074816626,0.11709934739620703,0.32389154675427445,False,0.4,0.2,0.2,0.2,0.028909024319759894,0.058373350391215065,False,0.14882489550006686,0.49780340612443813,False,0.15974468597931787,0.38040967080952987,False,0.13091878378568353,0.3589797596919147,False
soh40,42,90,0.09523227828021129,0.2466156425863095,0.11321112979808115,0.2934216897560847,False,0.4,0.2,0.2,0.2,0.02331687220873188,0.05939145390720886,False,0.14249227579747073,0.4300257191153784,False,0.1640884215952225,0.35018322675662766,False,0.12294694959089948,0.3340863592451237,False
soh40,42,91,0.14239534161971995,0.24899164398367302,0.16338314087114617,0.2998584561084466,False,0.4,0.2,0.2,0.2,0.058444144614015134,0.045524395484578574,False,0.1736659097640235,0.44984678360797714,False,0.1951246725450253,0.3827695185713076,False,0.22629783656152072,0.32129312676992305,False
soh40,42,92,0.10329377427832731,0.2629102730137975,0.12072897563763127,0.31660478066901754,False,0.4,0.2,0.2,0.2,0.03355296884111144,0.04813224239291741,False,0.1512843052859569,0.5268413464636423,False,0.17109051111754156,0.35465968805209264,False,0.1269881173059152,0.3367858457674177,False
soh40,42,93,0.11195724224522594,0.27260486648971066,0.13106319908586722,0.3272141080619641,False,0.4,0.2,0.2,0.2,0.03553341488266065,0.05416790020069687,False,0.16180306405377298,0.509781341732871,False,0.17927459313799043,0.4097961695679903,False,0.14764172426904487,0.3351110207462982,False
soh40,42,94,0.10010116466453815,0.23872118046697488,0.11763190092093434,0.28713458713523965,False,0.4,0.2,0.2,0.2,0.029978219638953356,0.04506755379391581,False,0.15219155669260045,0.45833439437936985,False,0.163714440108746,0.33629597763691205,False,0.12464338724343756,0.30884042273076084,False
soh40,42,95,0.12062763537286533,0.2542031325023075,0.13922295971473028,0.30396714592228774,False,0.4,0.2,0.2,0.2,0.046246338005405535,0.05514707882238659,False,0.16065399114004805,0.46785281670840334,False,0.17602938867202203,0.35334214951857534,False,0.17396212104144546,0.33952653863978566,False
soh40,42,96,0.1068741257383942,0.27696401265204684,0.12461219669893928,0.3294543300569576,False,0.4,0.2,0.2,0.2,0.035921841896213905,0.06700274303240358,False,0.16307502726800496,0.5568899745552861,False,0.16489213317508367,0.33960033075829804,False,0.13455978445645453,0.35432427188184273,False
soh40,42,97,0.09854954924846265,0.28021987938811965,0.11702653344985722,0.33603667608744675,False,0.4,0.2,0.2,0.2,0.024641612442884344,0.05695269259081146,False,0.1504434812364617,0.5611474004248401,False,0.1682319928078401,0.39461880608389094,False,0.12478904731224273,0.33142780525024435,False
soh40,42,98,0.10388155884053472,0.2752862753746678,0.12232660609223892,0.3312871739665749,False,0.4,0.2,0.2,0.2,0.030101369833717934,0.05128268100703951,False,0.1564099339733776,0.5166668681720188,False,0.1695542509624306,0.3970822330242283,False,0.13324086959942952,0.36011691366301307,False
soh40,42,99,0.09920471700520869,0.23197716003835758,0.11765002937517458,0.2782107679102358,False,0.4,0.2,0.2,0.2,0.025423467525345182,0.04704272855084468,False,0.14830618794544334,0.4262049229886389,False,0.17021650234846242,0.3173507431145544,False,0.1266539596814473,0.32224467698690523,False
soh40,42,100,0.10239463618819808,0.27666511673963556,0.12077485689126768,0.3324102565964032,False,0.4,0.2,0.2,0.2,0.028873753375919645,0.053684557312564905,False,0.1515119605260734,0.5354194546076139,False,0.17119202973879685,0.416504460655643,False,0.13152168392428085,0.32403255380979096,False
soh40,42,101,0.09899973916889568,0.2549668892548398,0.11658104722901166,0.3057126467576222,False,0.4,0.2,0.2,0.2,0.028674506928431705,0.05198385924370987,False,0.1462067000182277,0.47732803717409866,False,0.1604883134998649,0.36846679122634773,False,0.13095466846952233,0.32507189938633274,False
soh40,42,102,0.09989679255810076,0.2982599217334001,0.11787113942227388,0.3592264889010262,False,0.4,0.2,0.2,0.2,0.027999405101408217,0.05439365306289535,False,0.14842064872611346,0.5948627571351564,False,0.16381816074097133,0.459862832960568,False,0.13124634312060252,0.32778671244548524,False
soh40,42,103,0.09493333317650555,0.24513940333904344,0.11254686700310888,0.29278616546344577,False,0.4,0.2,0.2,0.2,0.024479197870092236,0.05455235484143398,False,0.14556446914481178,0.4366244654098191,False,0.15526425575775074,0.3423649457859143,False,0.12487954523978079,0.3376028958166158,False
soh40,42,104,0.13264641722360118,0.25519657733945955,0.1515189810881594,0.3028528505897942,False,0.4,0.2,0.2,0.2,0.05715616176536829,0.06457148433812075,False,0.1833374690193917,0.44158106968062927,False,0.1811941040720163,0.3448662513253289,False,0.18438818949586125,0.360392597015098,False
soh40,42,105,0.10608784284575426,0.2617080550796199,0.12303832482452026,0.30727450156647074,False,0.4,0.2,0.2,0.2,0.03828591493069023,0.07944226913221653,False,0.15183669389537197,0.4365339264584578,False,0.16897922554622077,0.36566570149045347,False,0.13305146492579809,0.3474561091847553,False
soh40,42,106,0.09685733944211083,0.22337385882542657,0.11447843963266391,0.2677884573902709,True,0.4,0.2,0.2,0.2,0.02637293867989851,0.04571546456604926,False,0.1472626764166626,0.3963692114671358,True,0.15742221980407503,0.3200340061340124,False,0.12685592363001952,0.30903514739388616,False
soh40,42,107,0.09350821535512237,0.2665383819597992,0.11139003164638792,0.3196711791714935,False,0.4,0.2,0.2,0.2,0.021980950190060144,0.05400719311302162,False,0.14641411273743415,0.5338193358447764,False,0.15676750090238947,0.35864547536459285,False,0.12039756275566792,0.33221271236358324,False
soh40,42,108,0.10418301623577864,0.2676805610271306,0.12158253533957762,0.31783668569431733,False,0.4,0.2,0.2,0.2,0.03458493982058259,0.06705606235838368,False,0.15117329037095037,0.5086242998344471,False,0.1646318982327314,0.35452544092063093,False,0.13594001293404617,0.3411409396638076,False
soh40,42,109,0.13390384370585645,0.28386824812696204,0.154828399972987,0.3359356965218444,False,0.4,0.2,0.2,0.2,0.050205618637334234,0.07559845454743261,False,0.16472494987613606,0.44771444812258343,False,0.19222191416507026,0.3767339512076835,False,0.21216111721340744,0.44369593220967807,False
soh40,42,110,0.10315069659915738,0.2859824512078477,0.12205921867776592,0.3436839573505975,False,0.4,0.2,0.2,0.2,0.02751660828472321,0.05517642663684857,False,0.1487389748769852,0.5316647379363496,False,0.1737794000661312,0.43196708691166874,False,0.13820189148322407,0.35592757791752305,False
soh40,42,111,0.09944446250966774,0.28530006099440275,0.11740717287630327,0.3436275627917585,False,0.4,0.2,0.2,0.2,0.027593621043125575,0.051990053804979584,False,0.14852875674312158,0.5632737800737644,False,0.1649638610825885,0.43329529998745425,False,0.12854245263637742,0.32595111730083587,False
soh40,42,112,0.09850866693356786,0.2492175707616046,0.1171519513316446,0.29792845253325884,False,0.4,0.2,0.2,0.2,0.023935529341260767,0.05437404367498761,False,0.14801704110422575,0.4729366553712029,False,0.17520022175047426,0.33429057991271066,False,0.1214550131306177,0.33011253117413425,False
soh40,42,113,0.09978417534765574,0.26467399341344733,0.11682275848956447,0.314282105812105,False,0.4,0.2,0.2,0.2,0.03162984278002077,0.06624154381881668,False,0.14790824575959002,0.49866015272405767,False,0.16469839977280007,0.3559384174266233,False,0.12305454564584704,0.3362883092789221,False
soh40,42,114,0.11215929583664194,0.2594225793307523,0.12966907171988695,0.30930769684873277,False,0.4,0.2,0.2,0.2,0.042120192303662006,0.05988210925883037,False,0.15643594242400746,0.4657842743426306,False,0.18289625617149566,0.3837462485429553,False,0.1372238959803826,0.3278181552505148,False
soh40,42,115,0.09489993723856033,0.2981047560908553,0.1126362573123918,0.3564167472575073,False,0.4,0.2,0.2,0.2,0.02395465694323445,0.06485679142424708,False,0.14369878184264842,0.5658799199690451,False,0.15886148250362145,0.44380347396539094,False,0.12403010796006285,0.3511268036713462,False
soh40,42,116,0.10686959700457577,0.22708349845451403,0.1248736571995829,0.2759880113579024,False,0.4,0.2,0.2,0.2,0.03485335622454713,0.031465446840960455,True,0.14894207146452607,0.4766208904977929,False,0.16751529168866822,0.3280789518758201,False,0.14818390942059026,0.2677867562170363,True
soh40,42,117,0.10631570608335048,0.2724702461273408,0.12366104021425639,0.3234964656897061,False,0.4,0.2,0.2,0.2,0.03693436955972681,0.06836536787787953,False,0.1565231234113641,0.520475116609073,False,0.16336944086267102,0.3446130910325738,False,0.13781722702326363,0.36053228723929803,False
soh40,42,118,0.09577642509774881,0.23995448996036178,0.11391938128321316,0.2867618611089695,False,0.4,0.2,0.2,0.2,0.023204600355891385,0.05272500536593065,False,0.14303044606688922,0.4314382014617295,False,0.16241368217281807,0.32682348842730397,False,0.127028796537254,0.336060749180914,False
soh40,42,119,0.10105928251371853,0.2481864290627776,0.11919969897795675,0.29514313693690586,False,0.4,0.2,0.2,0.2,0.028497616656765618,0.06035959756626463,False,0.1475523460047359,0.45578754437253793,False,0.15900871276198547,0.3296645887164016,False,0.14174012048834,0.3347608170924193,False
soh40,42,120,0.09935543123240148,0.25404084780771286,0.11604951901053287,0.30641476274689705,False,0.4,0.2,0.2,0.2,0.032579080119875946,0.04454518805097597,False,0.14679870955469715,0.5022548360679616,False,0.15762021691549166,0.35783999487582324,False,0.12720006945206672,0.3210190319928275,False
soh40,42,121,0.09395787822748856,0.2592203021944879,0.1114672456404133,0.3092181318604936,False,0.4,0.2,0.2,0.2,0.023920408575789573,0.05922898353046521,False,0.1429078297116986,0.4876918774856176,False,0.16193654253505346,0.36666027235975235,False,0.11710420173911158,0.323291394066139,False
soh40,42,122,0.09951733983693403,0.23991739672255447,0.11777191276210622,0.2873451313780982,False,0.4,0.2,0.2,0.2,0.02649904813624523,0.050206458100379416,False,0.14577380030207446,0.4331740615319359,False,0.16988239723582868,0.3415945520971971,False,0.12893240537427655,0.3244054537828805,False
soh40,42,123,0.09420241065199893,0.26153809474394235,0.1115057569140864,0.3123444819973609,False,0.4,0.2,0.2,0.2,0.024989025603649028,0.058312545730268124,False,0.14383579990940304,0.4996049610578135,False,0.16086020398376258,0.3681068199368485,False,0.11633799815953096,0.32335360126451346,False
soh40,42,124,0.09604760635481534,0.34377338779640126,0.11299460105366603,0.41074531461876235,False,0.4,0.2,0.2,0.2,0.028259627559412522,0.0758856805069569,False,0.1470003977499358,0.6687406876289419,False,0.15643568298314328,0.5034793459344978,False,0.12028269592217251,0.3948755444046527,False
soh40,42,125,0.09979085005447105,0.2667120449504918,0.11809829881112227,0.3208901849773653,False,0.4,0.2,0.2,0.2,0.026561055027866144,0.04999948484299766,False,0.14288617112257104,0.5217474586097258,False,0.16788187251106212,0.38217867310945136,False,0.1350640965829898,0.3296351233472864,False
soh40,42,126,0.09997052777883945,0.31085433092058534,0.11746397593433591,0.37328612115698634,False,0.4,0.2,0.2,0.2,0.029996735156853666,0.06112716997498112,False,0.14946290333525777,0.5933575606347266,False,0.15875106946814085,0.44812452964367977,False,0.1316451957770913,0.39053522437455795,False
soh40,42,127,0.09108757257504742,0.2624362091349917,0.10855076641352501,0.31522474531071365,False,0.4,0.2,0.2,0.2,0.02123479722113704,0.05128206443210383,False,0.1414215859737448,0.4858552754510444,False,0.15609317101058806,0.38574460331270305,False,0.11545351144863014,0.3380170380470033,False
soh40,42,128,0.09380236026342559,0.25587758677748507,0.11124702702152492,0.3068537846045655,False,0.4,0.2,0.2,0.2,0.024023693231028216,0.05197279546916305,False,0.1430116872641807,0.4917583536247216,False,0.1589491920317816,0.35747767140870107,False,0.11900353555910916,0.3262063179156765,False
soh40,42,129,0.11373942599385517,0.24474913043084742,0.13322525606831048,0.2950274679491787,False,0.4,0.2,0.2,0.2,0.03579610569603382,0.043635780357522184,False,0.15806714968977,0.4666805810127101,False,0.1925750228076785,0.35212642246700687,False,0.14646274607975965,0.3176670879594757,False
soh40,42,130,0.09817934063846961,0.23070321071225283,0.11612282917849562,0.27604630745751446,False,0.4,0.2,0.2,0.2,0.026405386478365534,0.049330823731206334,False,0.14937237617880908,0.42416909013577103,False,0.16047546982965402,0.3162503881100986,False,0.12823808422715385,0.3144349278529818,False
soh40,42,131,0.09639280809211209,0.2584196125959548,0.11356839854293607,0.3045601334234907,False,0.4,0.2,0.2,0.2,0.027690446288816194,0.07385752928581123,False,0.14785056921301942,0.4724564366184092,False,0.1570482361048969,0.3356267887637676,False,0.12168434256501175,0.3362997790259747,False
soh40,42,132,0.09443107477773423,0.27414202718425856,0.11199504057131887,0.3281099542326363,False,0.4,0.2,0.2,0.2,0.024175211603395617,0.058270318990747735,False,0.14243273780233628,0.5437206060103411,False,0.1599266227394712,0.3778376134220667,False,0.1214455901400724,0.3326112785073896,False
soh40,42,133,0.09786117040267013,0.2580731461234562,0.11557711497553685,0.30922484724262617,False,0.4,0.2,0.2,0.2,0.02699739211120319,0.05346634164677646,False,0.14818362365509222,0.4976199531625858,False,0.16007754137603583,0.35095766559850333,False,0.1270499027598162,0.334855428562639,False
soh40,42,134,0.09419075504878713,0.23403193536195593,0.1117402749916599,0.2792739392281534,False,0.4,0.2,0.2,0.2,0.02399267527729594,0.053063919897165905,False,0.14428657296870706,0.4168333458654687,False,0.1593003097535318,0.32155414451790687,False,0.11938154196710483,0.32564434663207226,False
soh40,42,135,0.09166594695147184,0.24451055065341007,0.10926846913936046,0.29339297984159785,False,0.4,0.2,0.2,0.2,0.02125585819991741,0.048980833900659104,False,0.14249150105272165,0.46309252452178545,False,0.15686238012664408,0.3388699915786972,False,0.11646413717815866,0.3226285693652495,False
soh40,42,136,0.10557524324425975,0.25867512210124666,0.12471228812814344,0.309565352959707,False,0.4,0.2,0.2,0.2,0.029027063708724897,0.05511419866740524,False,0.1479553676795037,0.5090847998282472,False,0.16373910267641364,0.3458042765208312,False,0.15812761844793155,0.32825813682234445,False
soh40,42,137,0.09353602903941655,0.2592906107792339,0.11130408756736622,0.31160075968008966,False,0.4,0.2,0.2,0.2,0.022463794927617808,0.05005001517581075,False,0.14575509719928315,0.5220752619152841,False,0.16220426327265092,0.3635625322525317,False,0.11479319486991303,0.31071522937673207,False
soh40,42,138,0.12083023908470152,0.3124321503950414,0.13773951011782176,0.3685393637771723,False,0.4,0.2,0.2,0.2,0.05319315495222053,0.08800329686651777,False,0.15687917385900693,0.5339748584814215,False,0.1692070098905076,0.4430033325351674,False,0.171678701769552,0.4091759672255825,False
soh40,42,139,0.09112421037439558,0.282993007367769,0.1084193318767588,0.3420078965277951,False,0.4,0.2,0.2,0.2,0.0219437243649427,0.04693345072766445,False,0.14347752451498766,0.563704109929639,False,0.1576446533137689,0.41991766673261416,False,0.11061142531333595,0.3374763587212628,False
soh40,42,140,0.09462538590065706,0.24367605930573488,0.11176341217482318,0.29029103407042534,False,0.4,0.2,0.2,0.2,0.026073280803992554,0.05721616024697295,False,0.14718973110555475,0.4355766645542598,False,0.15569532096443459,0.3451151847337995,False,0.11809531582531078,0.3232561267466692,False
soh40,42,141,0.10101763757526319,0.25779198735985354,0.11910615081522007,0.3080886299892025,False,0.4,0.2,0.2,0.2,0.02866358461543567,0.05660541684245775,False,0.15019676418895275,0.4941848708894572,False,0.1647525816345603,0.34597685148304697,False,0.13281167282193157,0.3355873807418481,False
soh40,42,142,0.10297041206387834,0.31278801628169217,0.1213132699877917,0.3758429339427452,False,0.4,0.2,0.2,0.2,0.02959898036822494,0.06056834563747994,False,0.1550655335436348,0.6792272584034591,False,0.16685279311939363,0.41981919231664505,False,0.1337357729199134,0.34375693941339686,False
soh40,42,143,0.10021007932469378,0.29077399823923294,0.11847714446378724,0.34965293324108687,False,0.4,0.2,0.2,0.2,0.027141818768319944,0.055258258231817056,False,0.14905909635009154,0.5811236055165497,False,0.1649085809262031,0.4152928652172582,False,0.13279908181053432,0.3469370039987225,False
soh40,42,144,0.09491138181558853,0.2764173793013645,0.11255345191272065,0.3325649579232546,False,0.4,0.2,0.2,0.2,0.02434310142706005,0.05182706481380405,False,0.14375949568054355,0.533546892532142,False,0.15389369091219188,0.3914611545863777,False,0.1282175196310871,0.3534247197606946,False
soh40,42,145,0.09629843265026676,0.24182580253724964,0.11368643832314439,0.2902978458100215,False,0.4,0.2,0.2,0.2,0.026746409958756184,0.0479376294461622,False,0.14727661747698328,0.45977981879840185,False,0.16014476338053255,0.33450526044427886,False,0.12057796247630555,0.31896867455124306,False
soh40,42,146,0.09300784381999866,0.2416643537960018,0.109915462272754,0.28767457800194146,False,0.4,0.2,0.2,0.2,0.025377370008977274,0.0576234569722432,False,0.1411210238347863,0.43251040351006337,False,0.15883974845987292,0.3501832860790491,False,0.11432370678737952,0.3103811654464101,False
soh40,42,147,0.10709656617925223,0.26888020849601096,0.1226618041769767,0.31840578591281654,False,0.4,0.2,0.2,0.2,0.04483561418835434,0.07077789882878882,False,0.15525762584930342,0.509786377494195,False,0.16033421826449856,0.35170907963477666,False,0.13021975840575048,0.3413497876935056,False
soh40,42,148,0.09542627788478514,0.2557016873256883,0.1129174064615667,0.30506072798499934,False,0.4,0.2,0.2,0.2,0.02546176357765882,0.058265524688444106,False,0.14487804001860402,0.4448812860189299,False,0.1585053666738096,0.36834087811127936,False,0.12282445557619437,0.34875522312134394,False
soh40,42,149,0.09799485354439735,0.23320258580374084,0.11498381961029101,0.2766748067348999,False,0.4,0.2,0.2,0.2,0.03003898928082262,0.05931370207910451,False,0.14821453159022757,0.4128342853094646,False,0.16288387749521727,0.3213990560863792,False,0.11879788007489663,0.3131521834646513,False
soh40,42,150,0.12625504593237882,0.2723252245015432,0.14491279770879006,0.3210282589189735,False,0.4,0.2,0.2,0.2,0.05162403882673376,0.07751308683182177,False,0.1720745711140059,0.5053010246045845,False,0.18405059320839157,0.3643219248983225,False,0.17190198768602907,0.3369769993411654,False
soh40,42,151,0.09001201423769215,0.24279358419097685,0.10693124262260059,0.28945643983372427,False,0.4,0.2,0.2,0.2,0.022335100698058365,0.05614216161998737,False,0.14165778701090626,0.46411461873593907,False,0.15147385215087036,0.3191845767508603,False,0.11225823063056738,0.31838440222811015,False
soh40,42,152,0.09451469878049848,0.23467873907643325,0.11127407535120594,0.2819335948679855,False,0.4,0.2,0.2,0.2,0.027477192497668654,0.04565931591022411,False,0.14125078528702206,0.4273793263201699,False,0.16215223200698317,0.32896571174830275,False,0.11421609161314987,0.3257300254932453,False
soh40,42,153,0.1018825434139471,0.24410343281202182,0.11982778424627194,0.29446815862894354,False,0.4,0.2,0.2,0.2,0.030101580084647774,0.04264452954433476,False,0.14816355247038596,0.4842385369887768,False,0.16559225305766187,0.3304146360492459,False,0.1354537513723921,0.32057493193341674,False
soh40,42,154,0.10338543319893467,0.2607316067521477,0.12135095795468977,0.31332585331988816,False,0.4,0.2,0.2,0.2,0.03152333417591427,0.050354620481185684,False,0.15371218028722258,0.4684035764548267,False,0.1664079049711844,0.42208563654529035,False,0.1337604123844378,0.31245957979824995,False
soh40,42,155,0.08940032247844373,0.2518640683427178,0.10662390861412244,0.302787867683956,False,0.4,0.2,0.2,0.2,0.0205059779357289,0.04816887097776476,False,0.1411655712541062,0.4874360678569987,False,0.15602882203878746,0.352725060539307,False,0.10879526322786721,0.3228214713617535,False
soh40,42,156,0.08743768499625663,0.23949297263498337,0.1040127686271664,0.2868814665154561,False,0.4,0.2,0.2,0.2,0.021137350472617514,0.04993899711309243,False,0.13963646376710692,0.4437733268737291,False,0.14871462429127077,0.31446009002507513,False,0.10656263597767042,0.3393534520499278,False
soh40,42,157,0.08720194554425655,0.2698137449560233,0.10441935975409647,0.3245945393486806,False,0.4,0.2,0.2,0.2,0.018332288704896792,0.05069056738539405,False,0.13692845735336948,0.5139247917442861,False,0.15742574483127084,0.39361227943452576,False,0.1049909481268488,0.3401505188305165,False
soh40,42,158,0.09612842897067925,0.2741998450162673,0.11330553354016985,0.33027675462869127,False,0.4,0.2,0.2,0.2,0.02742001069271682,0.04989220656657147,False,0.14394754460432546,0.5214380556326763,False,0.15852479087052077,0.42571957340274097,False,0.12332978799311639,0.32405718291277624,False
soh40,42,159,0.09761653085915045,0.23924961014329924,0.11623592574664965,0.2863892613475066,False,0.4,0.2,0.2,0.2,0.023138951309153596,0.05069100532646986,False,0.14420154337571275,0.4097206500119374,False,0.16659563659004942,0.34675134662732215,False,0.1310075717116829,0.33839404342429685,False
soh40,42,160,0.08848357799267698,0.23600534140303822,0.10567736261302917,0.28404080220575295,False,0.4,0.2,0.2,0.2,0.019708439511268227,0.04386349819217924,False,0.13939617101959564,0.4400683282480548,False,0.15247247226501195,0.33893885465585144,False,0.11113236765624084,0.31329252772692634,False
soh40,42,161,0.08908927117093832,0.25743158721097115,0.10635582267865619,0.3086227884506194,False,0.4,0.2,0.2,0.2,0.020023065140066777,0.052666782252377975,False,0.14065923181620685,0.5166489293796931,False,0.15401895034498989,0.35139029635930924,False,0.11072204341336127,0.31378514581109745,False
soh40,42,162,0.09550673349018472,0.2315292636498786,0.11330288610704449,0.2801268578017569,False,0.4,0.2,0.2,0.2,0.024322123022745702,0.037138887042365405,False,0.14476402919511358,0.46222252719583357,False,0.16344312289948812,0.34291417548526887,False,0.12068226931083052,0.2782318414835598,False
soh40,42,163,0.10471699864643058,0.26473082099757567,0.12338817048756909,0.31522041344432006,False,0.4,0.2,0.2,0.2,0.0300323112818766,0.06277245121059821,False,0.15435086024340913,0.49035209860069323,False,0.1755407530005694,0.3544165589808106,False,0.13362875742442118,0.3533405449851781,False
soh40,42,164,0.08757519199883712,0.2514580499368907,0.10421688595702912,0.3000185367653266,False,0.4,0.2,0.2,0.2,0.02100841616606906,0.057216102623147184,False,0.1377934513132512,0.4793348421750923,False,0.14917586882010794,0.3393373612150364,False,0.1088898075286883,0.32418584104803044,False
soh40,42,165,0.09272801351099792,0.2441098468029207,0.11014979830175034,0.2893745616293516,False,0.4,0.2,0.2,0.2,0.023040874347988235,0.06305098749719718,False,0.1433310205443656,0.4321559788928679,False,0.15764465460133373,0.3305343367233559,False,0.11658264371331378,0.3317569434039853,False
soh40,42,166,0.09718012917781353,0.26311572318577015,0.11471742419014472,0.31393930622380717,False,0.4,0.2,0.2,0.2,0.02703094912848875,0.05982139103362207,False,0.14917726562912162,0.5139631347832648,False,0.15354161476765069,0.34334356784667014,False,0.12911986723531782,0.33862913123167165,False
soh40,42,167,0.08957890563898152,0.2369099434921653,0.10681500411729339,0.28396651384800464,False,0.4,0.2,0.2,0.2,0.020634511725734057,0.04868366206880783,False,0.14089865816220468,0.42117567085379853,False,0.15442434740318933,0.3459916556762544,False,0.11130249917804547,0.3200150667931578,False
soh40,42,168,0.09351130519189915,0.25841905125107145,0.11116152883794572,0.31031668003598367,False,0.4,0.2,0.2,0.2,0.022910410607712896,0.05082853611142254,False,0.14434655091621992,0.5128299258996435,False,0.1599556911556115,0.35701374648393663,False,0.11743346267223853,0.3205945116489319,False
soh40,42,169,0.0889035720294752,0.23801654988988608,0.10594231310057407,0.2856256603169607,False,0.4,0.2,0.2,0.2,0.020748607745079698,0.04758010818158752,False,0.13976189826224325,0.44304113757975777,False,0.1512962559820385,0.3370727071616628,False,0.11196249041293486,0.3148086883448348,False
soh40,42,170,0.097319052010856,0.28696662596746014,0.11486059548631565,0.3434194440122845,False,0.4,0.2,0.2,0.2,0.027152878109017363,0.06115535378816265,False,0.1478502260516202,0.5785076817588983,False,0.1596093976359598,0.4056892254960567,False,0.12482988014866521,0.3283255150060204,False
soh40,42,171,0.09014468672586624,0.24116064734121134,0.10703568953087728,0.28804764560082025,False,0.4,0.2,0.2,0.2,0.02258067550582209,0.05361265430277568,False,0.1381060740419113,0.44706099867129606,False,0.15032625893373505,0.32926134617695096,False,0.11712974964204063,0.32225558325225817,False
soh40,42,172,0.12289892789065682,0.2332080593594265,0.14199299690076964,0.28011858431175746,False,0.4,0.2,0.2,0.2,0.04652265185020559,0.045565959550102675,False,0.16432964222768712,0.43977118634185325,False,0.17883593091687036,0.32878141880095224,False,0.17828376260831544,0.30635577255412166,False
soh40,42,173,0.08875604488124961,0.29791380518229243,0.10589118007083227,0.35862218183518857,False,0.4,0.2,0.2,0.2,0.020215504122918917,0.05508029857070785,False,0.13815186024199913,0.5747645295311509,False,0.1530410604809975,0.45267005227400126,False,0.11215629543741353,0.35197384696489437,False
soh40,42,174,0.09000801636404679,0.2573387378557021,0.10643754985005328,0.30411223296201984,False,0.4,0.2,0.2,0.2,0.024289882420020795,0.07024475743043099,False,0.14157776648120088,0.4685954554148299,False,0.1506722018820776,0.3342336370225636,False,0.10921034861691385,0.34337508198025485,False
soh40,42,175,0.08476797379814259,0.23693740173752947,0.1016645765270809,0.2834412300737739,False,0.4,0.2,0.2,0.2,0.017181562882389322,0.05092208839255157,False,0.13894445537690334,0.43330211791230067,False,0.14946530490352877,0.3224128832610365,False,0.10106698294550216,0.327127830729207,False
soh40,42,176,0.10185931803790894,0.2495856429538941,0.1198569155950192,0.2959188878836352,False,0.4,0.2,0.2,0.2,0.029868927809467937,0.06425266323492966,False,0.1491398942858033,0.44665504946139123,False,0.16093922252704781,0.33701665456049884,False,0.13947961775775775,0.335751184277721,False
soh40,42,177,0.08853607459662725,0.2468752317544187,0.10528514298724882,0.29332184732865046,False,0.4,0.2,0.2,0.2,0.02153980103414095,0.061088769457491504,False,0.13943416427920027,0.44214111316919347,False,0.1490935466304619,0.3214006835421028,False,0.1110730600051922,0.3486568231458141,False
soh40,42,178,0.08642942964938517,0.23466336962884068,0.10319582773873012,0.2809388433814022,False,0.4,0.2,0.2,0.2,0.01936383729200536,0.049561474618594815,False,0.13779971109544117,0.42263080944472237,False,0.14758714851259955,0.32359814637101464,False,0.1080326140548744,0.3279649430912768,False
soh40,42,179,0.09884519440963646,0.2846107484940126,0.11666979512090933,0.34041947998113103,False,0.4,0.2,0.2,0.2,0.02754679156454494,0.06137582254553849,False,0.15103801137490586,0.5628845595875233,False,0.16388613598532725,0.402476986577033,False,0.1242082415588593,0.3349405512144295,False
soh40,42,180,0.09290670431919626,0.23875146308366105,0.10982563345858413,0.28708981504292896,False,0.4,0.2,0.2,0.2,0.025230987761644737,0.04539805524658941,False,0.1447303986242031,0.4691869225345841,False,0.15591932025872776,0.3493619446749412,False,0.11342182718976097,0.2844123377156011,False
soh40,42,181,0.10631762947868646,0.2464244955781443,0.12402516922410112,0.29652775641561013,False,0.4,0.2,0.2,0.2,0.03548747049702777,0.046011452228281076,False,0.1524104163468799,0.4787605741305041,False,0.16790340744341636,0.347807823791298,False,0.14029938260908045,0.3135311755123572,False
soh40,42,182,0.10685348210758051,0.2841100302743152,0.1254692152471709,0.33671074066179624,False,0.4,0.2,0.2,0.2,0.03239054954921898,0.07370718872439105,False,0.15116506965447182,0.4926775981969045,False,0.16430575329447042,0.3676428419608316,False,0.15401548849052235,0.4128153337650577,False
soh40,42,183,0.08970231839348478,0.25161507134145805,0.1070702646330279,0.3011703606117793,False,0.4,0.2,0.2,0.2,0.020230533435312247,0.05339391426017277,False,0.145380879800265,0.47688303184335834,False,0.15053184282842688,0.33212677057906465,False,0.11213780246810745,0.3422777257645216,False
soh40,42,184,0.093205592788125,0.2568663097487118,0.10933419641152863,0.30797627742651573,False,0.4,0.2,0.2,0.2,0.028691178294510483,0.05242643903749587,False,0.14212090945839487,0.4847807656811778,False,0.15458030170683837,0.35724376510243033,False,0.1119443961863708,0.33745413988495887,False
soh40,42,185,0.0879796002610787,0.24829925728392976,0.10473836270010134,0.29565814652077216,False,0.4,0.2,0.2,0.2,0.02094455050498811,0.05886370033656002,False,0.14087963547614335,0.4563701750084667,False,0.14666789232853264,0.340017666660097,False,0.11046137249074127,0.32738104407796503,False
soh40,42,186,0.09035852601242553,0.2616498780806731,0.10782920377504844,0.31322229026236875,False,0.4,0.2,0.2,0.2,0.02047581496193387,0.05536022935389032,False,0.14008736773074135,0.457203418821039,False,0.1630211291662824,0.4300147350631705,False,0.10773250324123614,0.31031077781137517,False
soh40,42,187,0.0884017137556913,0.26472233995052724,0.10560099634017196,0.3165191824818093,False,0.4,0.2,0.2,0.2,0.019604583417768596,0.057534969825398886,False,0.13792905688569435,0.4951805332447043,False,0.15654460634943265,0.3905161196916827,False,0.10832573870779222,0.3228451071654515,False
soh40,42,188,0.08878254043061284,0.23889984437722764,0.10580768364193699,0.2847991094310382,False,0.4,0.2,0.2,0.2,0.020681967585316256,0.05530278416198546,False,0.1393394223466211,0.421355765279277,False,0.1558118481548031,0.3354105897021422,False,0.1073974964810075,0.327127298580748,False
soh40,42,189,0.08774515744239417,0.24606777634019247,0.10460735956609712,0.29240738119986337,False,0.4,0.2,0.2,0.2,0.020296348947582313,0.060709356901508804,False,0.137266268519487,0.4225526105086986,False,0.1534926656459035,0.34350297814099245,False,0.10737415515141567,0.34286457924825364,False
soh40,42,190,0.08655802700742725,0.2393932115168127,0.10324392855503892,0.28618410818086676,False,0.4,0.2,0.2,0.2,0.01981442081698059,0.052229624860596444,False,0.13698944929928772,0.43936064626707205,False,0.14893289735389206,0.338303111632189,False,0.10723894674999528,0.3148430499636095,False
soh40,42,191,0.0929430948706987,0.257323951628805,0.10985739004765437,0.3093826046448627,False,0.4,0.2,0.2,0.2,0.025285914162875983,0.04908933956457409,False,0.14287467582788016,0.45417697890539843,False,0.16315522225469584,0.3884054985715098,False,0.1081137479451655,0.3458586015379685,False
soh40,42,192,0.08288234978647818,0.24076796236343473,0.09897747984256385,0.2863037852180671,False,0.4,0.2,0.2,0.2,0.01850182956213546,0.05862467094490535,False,0.1347342328918489,0.4399014220649687,False,0.14478670694599285,0.31687978552793566,False,0.0978871499702782,0.3298092623344585,False
soh40,42,193,0.08824892764565566,0.2740924949892317,0.10521884657670168,0.3311285640557702,False,0.4,0.2,0.2,0.2,0.0203692519214715,0.04594821872307815,False,0.13801422388472684,0.5725666933063701,False,0.15253953854948152,0.3866486226702413,False,0.1099523719511269,0.31935072152339095,False
soh40,42,194,0.09631371597044387,0.25582629533303625,0.11381674820916596,0.30216723105572246,False,0.4,0.2,0.2,0.2,0.0263015870155555,0.07046255244229135,False,0.1461437945357821,0.44849942229007794,False,0.15943395646758052,0.3336934729918826,False,0.12338765481774572,0.35601347649863796,False
soh40,42,195,0.095384403137402,0.2636735114347363,0.11179865637715886,0.31121434895858624,False,0.4,0.2,0.2,0.2,0.02972739017837463,0.07351016133933629,False,0.14492390144325518,0.4845818600806977,False,0.16266069209231082,0.3562510429975312,False,0.10988264179469476,0.33051433141677977,False
soh40,42,196,0.08661132012852452,0.27912188944764105,0.1037566901586953,0.3338657558132437,False,0.4,0.2,0.2,0.2,0.01802984000784133,0.060146423985230596,False,0.13827560857556495,0.49121666101373335,False,0.15157026440904806,0.4121617531283343,False,0.1071510476423269,0.3719381851256764,False
soh40,42,197,0.09165367665904063,0.24318987432632125,0.10875707306034718,0.29002711828377487,False,0.4,0.2,0.2,0.2,0.023240091053814454,0.0558408984965068,False,0.13812535439941476,0.44119375240977704,False,0.15818383101950603,0.32504403715225055,False,0.11547901576865348,0.33802978507656506,False
soh40,42,198,0.09776115962602305,0.22935905505354315,0.11515635259804041,0.27778982528896046,False,0.4,0.2,0.2,0.2,0.028180387737953602,0.035635974111873935,False,0.1452416031083534,0.4720586549227748,False,0.1557507674174092,0.3249346632914884,False,0.13145265212844545,0.2785300088297047,False
soh40,42,199,0.09812658966806138,0.25115453162481993,0.11538817831461601,0.29700507744796323,False,0.4,0.2,0.2,0.2,0.02908023508184283,0.06775234833224662,False,0.1462502835706819,0.43397247448963555,False,0.15919856191645979,0.33007680712277043,False,0.12702363268947955,0.3562186798472003,False
soh40,42,200,0.10881741325884181,0.2640424499433539,0.1272682323325609,0.3118062575896577,False,0.4,0.2,0.2,0.2,0.03501413696396551,0.0729872193581388,False,0.15133357744715875,0.4216524120020077,False,0.17056089636528102,0.3556964386834102,False,0.15216431855383827,0.39688896031507404,False
soh40,43,1,0.253681540898887,0.4357785459259363,0.28323242381556074,0.5024746726056537,True,0.4,0.2,0.2,0.2,0.13547800923219205,0.16899403920706665,True,0.2838428197743998,0.7143137948612109,True,0.3457216374302344,0.6062548464695712,True,0.36788722882541675,0.5203360098847659,True
soh40,43,2,0.22333486636909042,0.3417488197804147,0.25179595654231046,0.4011504767487508,True,0.4,0.2,0.2,0.2,0.10949050567621012,0.10414219190707019,True,0.23069875624535033,0.5484960410784726,True,0.30649965415242725,0.49275198084396976,True,0.36049491009525414,0.45921169316549065,True
soh40,43,3,0.21005339004941231,0.28011119322535655,0.23976647671738593,0.3325720311479376,True,0.4,0.2,0.2,0.2,0.09120104337751778,0.07026784153503234,True,0.23660041671035836,0.45540781642869915,True,0.3071480450165186,0.3984764638191718,True,0.32411640176514894,0.40613600280884704,True
soh40,43,4,0.1757554870683613,0.30607554283833505,0.20096859730567898,0.36085540233709934,False,0.4,0.2,0.2,0.2,0.07490304611909052,0.08695610484327794,False,0.20844232715072,0.470420180800681,False,0.24445241470354848,0.42650416682800985,False,0.27607660124935696,0.4595411568764285,False
soh40,43,5,0.17498037978769243,0.329289222027907,0.19954023750535582,0.388509363626539,False,0.4,0.2,0.2,0.2,0.0767409489170387,0.09240865563337897,False,0.21182400513110286,0.5158748228962159,False,0.23361616589229153,0.45666117756627717,False,0.2759798300809903,0.489092798410284,False
soh40,43,6,0.17731148896067356,0.34077212164031095,0.20260792127767957,0.4011791853789031,False,0.4,0.2,0.2,0.2,0.07612575969264943,0.09914386668594222,False,0.2081100118360799,0.5478074227409558,False,0.2434530690121103,0.45540202614700614,False,0.2827428445698786,0.5023634259417082,False
soh40,43,7,0.15974778207796,0.2927449226753084,0.1818836049855527,0.34748308144656537,False,0.4,0.2,0.2,0.2,0.07120449044758916,0.0737922875902804,False,0.1987112930274266,0.5393051753525038,False,0.21499139605539863,0.4244806033364977,False,0.24262724041179637,0.35235425950697946,True
soh40,43,8,0.15412353294052075,0.27867452359965356,0.17599209044798794,0.32883708611142615,True,0.4,0.2,0.2,0.2,0.06664930291065198,0.07802427355256325,False,0.19382240857065294,0.4914800964495187,False,0.21137915899734763,0.36097258126673876,True,0.2321174913132992,0.38487139317688385,False
soh40,43,9,0.18381320354144412,0.2977082464196291,0.20241210397487813,0.3474427409310416,False,0.4,0.2,0.2,0.2,0.10941760180770795,0.09877026837397919,False,0.21907052482203127,0.5245088456251099,False,0.21914505998405484,0.37733869121241975,False,0.2620152292857186,0.3891531585126575,False
soh40,43,10,0.16324965959878068,0.3094603152229162,0.18505372517775362,0.3644522766797063,False,0.4,0.2,0.2,0.2,0.07603339728288885,0.08949246939575564,False,0.19320287975642644,0.549467706358378,False,0.23571927845934684,0.4215937630711591,False,0.23525934521235234,0.3972551678935326,False
soh40,43,11,0.15555482669445603,0.26185585694706076,0.17880795702554472,0.3110443504732329,True,0.4,0.2,0.2,0.2,0.06254230537010118,0.06510188284237219,True,0.1983512434836948,0.45867491651727715,False,0.21886768864989745,0.34451206794101163,True,0.23547059059848555,0.3758885345922707,False
soh40,43,12,0.139184726607003,0.2573504036482295,0.160107053312865,0.3075299054808666,True,0.4,0.2,0.2,0.2,0.055495419783555,0.0566323963176808,True,0.18404749062259693,0.4868592921470689,False,0.19998158966549864,0.367935139921701,False,0.20090371317980946,0.3186927935370158,True
soh40,43,13,0.1426215838320583,0.2505431480724497,0.1639897097540597,0.2974265216088181,True,0.4,0.2,0.2,0.2,0.057149080144052775,0.06300965392697613,False,0.18697038664109747,0.4536330028609051,True,0.203501891204688,0.3340206201494344,True,0.20833748102640046,0.3390428094979567,False
soh40,43,14,0.1325568089362388,0.27170416631605804,0.15230802140326177,0.32017325229363097,False,0.4,0.2,0.2,0.2,0.05355195906814696,0.07782782240576615,False,0.17811833147346232,0.49078696723776644,False,0.18815201699214942,0.3554605118453893,False,0.18940977807928838,0.356617707685602,False
soh40,43,15,0.13871259696096672,0.24943849135361015,0.15918232947164793,0.29446992101150204,True,0.4,0.2,0.2,0.2,0.05683366691824183,0.06931277272204257,False,0.17917905799471723,0.40016488602622324,True,0.19615283723050045,0.32080078216925334,True,0.20456375574313226,0.3876012431284889,False
soh40,43,16,0.1383214160687911,0.2553569137155452,0.1593340326534272,0.30354784627227044,False,0.4,0.2,0.2,0.2,0.054270949730246626,0.06259318348864414,False,0.18425407843850727,0.4601077984460691,False,0.1944388277845599,0.33451641820894834,False,0.204372274660395,0.35697398494542015,False
soh40,43,17,0.13144241880225757,0.24743029924006238,0.1517133069835322,0.2949425162646658,True,0.4,0.2,0.2,0.2,0.05035886607715903,0.057381431141648766,False,0.17635715515546066,0.45986317069575433,False,0.19048594351834378,0.3147641852120188,True,0.18965126318316528,0.34776127800924117,False
soh40,43,18,0.12379276428542563,0.24374564012018707,0.14352745956715182,0.29176050362909023,True,0.4,0.2,0.2,0.2,0.0448539831585208,0.05168618608457444,True,0.17235200319217103,0.47086550919691256,False,0.18005541720678353,0.3229805646299723,False,0.17684843471113196,0.32150975460490144,False
soh40,43,19,0.13703503368294084,0.26946534852293785,0.15758003424831377,0.3218550516540293,False,0.4,0.2,0.2,0.2,0.054855031421449166,0.059906535998572034,False,0.17918562758232948,0.5025055549284142,False,0.20366991505818255,0.39987066291804235,False,0.19260956293129386,0.3251374527710887,False
soh40,43,20,0.12625521099053988,0.2531690176751249,0.14586876852672848,0.2985516876451292,False,0.4,0.2,0.2,0.2,0.047800980845785414,0.07163833779510774,False,0.17356028425519124,0.44098071378402626,False,0.18200279726118185,0.31326743821697906,True,0.18011101174475538,0.36832026078440366,False
soh40,43,21,0.15939459085988675,0.22964934334737488,0.1830136644398642,0.27624690871328533,True,0.4,0.2,0.2,0.2,0.06491829653997695,0.04325908188373301,True,0.1946078065626422,0.4193824063708875,False,0.2286816627611058,0.3211624049769011,False,0.2438468918957318,0.32118374162161983,False
soh40,43,22,0.1408202767712059,0.22132545250706223,0.1617877679655576,0.26562143234595426,True,0.4,0.2,0.2,0.2,0.05695031199379894,0.04414153315149405,False,0.18489853721531094,0.41100155373375696,False,0.20028769962400594,0.29392349420895053,True,0.20501452302911463,0.31341914828961553,True
soh40,43,23,0.11937653291045712,0.22261611730905478,0.13904848083423352,0.2672782880646407,False,0.4,0.2,0.2,0.2,0.040688741215351557,0.04396743428671108,False,0.16501802634214666,0.4066512538233161,False,0.17755766866592104,0.3071906258289128,False,0.17292948711351477,0.3113038383196228,True
soh40,43,24,0.15009032025389768,0.25221429298779685,0.1685857212839191,0.3021425301725942,False,0.4,0.2,0.2,0.2,0.0761087161338119,0.05250134424860744,False,0.1957887988481346,0.4982797513400315,False,0.20172577966001495,0.33011318602149614,False,0.200719590493715,0.3276758390802417,False
soh40,43,25,0.14125113179599885,0.23495833353890416,0.16177098490978548,0.27883919279626695,False,0.4,0.2,0.2,0.2,0.05917171934085238,0.05943489650945289,False,0.18233153346025413,0.4153070287375762,False,0.19884226416469838,0.31275176477207633,False,0.206738422673337,0.32786308116596236,False
soh40,43,26,0.13043729515464786,0.2411692539199758,0.15055034229383835,0.2884663070403123,False,0.4,0.2,0.2,0.2,0.049985106597885805,0.05198104143862998,False,0.17376410257883287,0.45017934711422214,False,0.1854839403869324,0.3317139449318874,False,0.1929682196117023,0.3199908946765095,False
soh40,43,27,0.13589856760763763,0.23466193383963938,0.1556344334048834,0.2801455104870485,False,0.4,0.2,0.2,0.2,0.0569551044186545,0.05272762725000295,False,0.18444294061062907,0.4279439524280971,False,0.18388043601702786,0.31959013155616045,False,0.19725925257322216,0.32032033071393345,False
soh40,43,28,0.1525232987119092,0.2618549765554532,0.17461953795225596,0.31030467244353616,False,0.4,0.2,0.2,0.2,0.06413834175052203,0.06805619300312146,False,0.1915452201873422,0.4843495014619119,False,0.21158737767170646,0.34698634118425603,False,0.2312072121994532,0.34182665412485513,False
soh40,43,29,0.11853108965773022,0.23573623251857714,0.13828616834710727,0.28199070080908134,False,0.4,0.2,0.2,0.2,0.03951077490022207,0.050718359356560376,False,0.16586247588406797,0.4495550971043349,False,0.1803634786734267,0.30686745924263276,False,0.16740794393071232,0.3208218875327973,False
soh40,43,30,0.13354248583293293,0.2437949385496773,0.15469404179903481,0.295321872268287,False,0.4,0.2,0.2,0.2,0.0489362619685254,0.03768720367523839,True,0.17662224220055547,0.4537787565491656,False,0.19847680712416368,0.3736813437863398,False,0.1947408559028947,0.3161401850624042,False
soh40,43,31,0.12129577774960087,0.25476731650200257,0.14128512690159242,0.30425319284197666,False,0.4,0.2,0.2,0.2,0.04133838114163464,0.05682381114210607,False,0.16885601947655204,0.4726061312612393,False,0.18123757271137161,0.3501759567306535,False,0.1737085342768114,0.3374068722339078,False
soh40,43,32,0.12693990977749295,0.2182953278881833,0.14737170012584072,0.26446760030134914,True,0.4,0.2,0.2,0.2,0.04521274838410183,0.03360623823551973,True,0.16930864361002207,0.43072383284412746,False,0.18404353539237325,0.3102689269644994,False,0.1909218731168657,0.28327140316125,True
soh40,43,33,0.1346952119988621,0.22365582806345455,0.15441664567795949,0.2695456142181748,False,0.4,0.2,0.2,0.2,0.055809477282472646,0.04009668344457344,False,0.18001203226116438,0.4286641137303842,False,0.1894463492221675,0.3107837263296774,False,0.19239872394603338,0.2986379333680641,False
soh40,43,34,0.11725975173679258,0.23731247788821908,0.13640352944171275,0.28244438012011025,False,0.4,0.2,0.2,0.2,0.04068464091711187,0.05678486896065427,False,0.16634985687046489,0.4269119965893989,False,0.17668679074390473,0.31381748108830854,False,0.1618928292353695,0.3322631738420793,False
soh40,43,35,0.1310847858028553,0.2448608009825716,0.14992511427231123,0.292597847446266,False,0.4,0.2,0.2,0.2,0.05572347192503156,0.053912615127793974,False,0.1758957189703644,0.45968471650473064,False,0.1822492102933265,0.3252116556969884,False,0.1858320559005224,0.3315824024555509,False
soh40,43,36,0.11716378159606752,0.25114399454147474,0.13611289810543054,0.29794923232014586,False,0.4,0.2,0.2,0.2,0.041367315558615475,0.06392304342679027,False,0.16281465687810212,0.45180007630621954,False,0.1738563354098656,0.3175070596161061,False,0.16641328457513893,0.3585667499314675,False
soh40,43,37,0.12270458663931309,0.23540035437637705,0.14194746095164915,0.2806458697177732,False,0.4,0.2,0.2,0.2,0.045733089389968805,0.054418293010792346,False,0.16573671583593583,0.4214090470787301,False,0.18201507515504825,0.31254642205595845,False,0.17430496342564372,0.3342097167256119,False
soh40,43,38,0.13658120648810013,0.2537595863288813,0.157832525208999,0.30404096849067,False,0.4,0.2,0.2,0.2,0.051575931604504514,0.05263405768172619,False,0.1732627380268281,0.4312502073048022,False,0.20812798231537288,0.3841742734416959,False,0.19836344888929058,0.3481053355344559,False
soh40,43,39,0.12097152769484254,0.253868921035583,0.14043389202030782,0.30288582018567095,False,0.4,0.2,0.2,0.2,0.04312207039298141,0.057801324435231186,False,0.16501319776636872,0.45974388104800007,False,0.18191572432022887,0.33192724731775497,False,0.1716845756016523,0.36207082794169754,False
soh40,43,40,0.12064305631341332,0.22489796627813238,0.14042282225689198,0.26979307491954907,False,0.4,0.2,0.2,0.2,0.04152399253949868,0.045317531712465775,False,0.165505354379126,0.39874359465751913,True,0.18203829744279135,0.31572404306952406,False,0.17262364466615188,0.31938713023868714,False
soh40,43,41,0.13368162636721406,0.22863591574685546,0.15278172442677806,0.2751014699055271,False,0.4,0.2,0.2,0.2,0.05728123412895807,0.042773699112168974,False,0.1780474756205491,0.43545586443299106,False,0.19213923042802772,0.3125358764455812,False,0.1836589575295774,0.30964043963136706,False
soh40,43,42,0.1168357529999723,0.24589283778406748,0.1364903106053234,0.29473451422103636,False,0.4,0.2,0.2,0.2,0.03821752257856783,0.05052613203619182,False,0.16157126829110108,0.46754015309045616,False,0.1758552661640719,0.31740868861240296,False,0.17031718538755283,0.3434630831450945,False
soh40,43,43,0.12252154525691335,0.2313396279443524,0.14195188140949644,0.2781041473293083,False,0.4,0.2,0.2,0.2,0.04480020064658095,0.044281550404528476,False,0.17299421008145874,0.4552292716286194,False,0.1820195281000221,0.31111377779784616,False,0.16799358680992402,0.30179198948623936,False
soh40,43,44,0.15140521949260444,0.29147636364741647,0.17174886770949727,0.3425114498776343,False,0.4,0.2,0.2,0.2,0.07003062662503308,0.0873360187265448,False,0.2001030495774084,0.49873774694030565,False,0.21587510499736462,0.387558128072542,False,0.20098668963818292,0.39641390577114494,False
soh40,43,45,0.11754743384660686,0.24209726082786545,0.13745007930768027,0.2879420576838099,False,0.4,0.2,0.2,0.2,0.03793685200231307,0.0587180734040874,False,0.16230938601421915,0.41812558522954807,False,0.1836711027312806,0.3181661559842722,False,0.16588297648290834,0.3567584161173321,False
soh40,43,46,0.1119383041316501,0.23293446719151953,0.1309111243898735,0.28126894890688947,False,0.4,0.2,0.2,0.2,0.03604702309875645,0.03959654033003977,False,0.1589868489504371,0.4570635201475753,False,0.17407993283310152,0.3142490747248026,False,0.15453069267719893,0.31416666042514013,False
soh40,43,47,0.12556255420765083,0.20532174730877917,0.14493396048935653,0.24946242770220461,True,0.4,0.2,0.2,0.2,0.0480769290808279,0.02875902573507718,True,0.16477304724488692,0.4108964253903866,False,0.18779612791296907,0.289319699551913,True,0.1790897377187423,0.2688745601314418,True
soh40,43,48,0.12798790393559029,0.22343834838813684,0.1480299745930698,0.2686944276451499,False,0.4,0.2,0.2,0.2,0.04781962130567213,0.04241403136008456,False,0.17325150261835612,0.4145320759769304,False,0.1806351668030922,0.3081434187524435,False,0.19041360764515877,0.30968818449114105,False
soh40,43,49,0.10934483961711874,0.2547519354097412,0.12800094826184855,0.30377962710062106,False,0.4,0.2,0.2,0.2,0.03472040503819952,0.05864116864622179,False,0.15887458164821794,0.4258222722805858,False,0.17372490945562127,0.38070098026861393,False,0.14468389690535544,0.34995408720706284,False
soh40,43,50,0.1303564065644335,0.24806964596136014,0.14876541082965886,0.29317465186718616,False,0.4,0.2,0.2,0.2,0.05672038950353207,0.06764962233805584,False,0.17232022596208005,0.4238562489435778,False,0.18907036136623356,0.3252093696654866,False,0.17695066648678973,0.35598336652162454,False
soh40,43,51,0.12661270486147863,0.2599315613918622,0.14611766131281925,0.3064862413344031,False,0.4,0.2,0.2,0.2,0.0485928790561161,0.07371284162169857,False,0.16673647281511905,0.4397064970935212,False,0.18529765722196967,0.3626677653367079,False,0.1838436361580722,0.3498578612856846,False
soh40,43,52,0.13367181532626926,0.23560648917729954,0.15306156868532825,0.2815409686577488,False,0.4,0.2,0.2,0.2,0.05611280189003319,0.051868571255502385,False,0.18099693038666786,0.43299922785622424,False,0.18134108100698323,0.31443193611594633,False,0.19379546145762871,0.32686413940332226,False
soh40,43,53,0.10871758687028524,0.25958521875797824,0.12771808970200207,0.30944909950032,False,0.4,0.2,0.2,0.2,0.03271557554341782,0.0601296957886111,False,0.15585838170296476,0.4487715612779081,False,0.16767712732237786,0.3566972920503497,False,0.1546212742392479,0.37219784888441115,False
soh40,43,54,0.13305989343144145,0.24406689694510916,0.15255724865396847,0.2895954071783911,False,0.4,0.2,0.2,0.2,0.05507047254133335,0.06195285601198133,False,0.17029485886253437,0.4114524068298821,False,0.1828023033333327,0.3371658448254953,False,0.20206135987867344,0.3478105210462057,False
soh40,43,55,0.11984058278682054,0.23067588721624757,0.1396778549814154,0.27746110274576635,False,0.4,0.2,0.2,0.2,0.040491494008441035,0.04353502509817256,False,0.16726325752752982,0.43546930083110946,False,0.19146069983865147,0.3295275899315894,False,0.15949596855103934,0.3013124951221939,False
soh40,43,56,0.11184273421738959,0.2366475848483493,0.12954321575040664,0.2819869860234615,False,0.4,0.2,0.2,0.2,0.041040808085321394,0.05528998014790054,False,0.15992386400069444,0.43215870422657376,False,0.1683263367437299,0.31679184079851036,False,0.1488818541718808,0.3237074189208613,False
soh40,43,57,0.10882747785345061,0.24572496230910876,0.12805257882702833,0.2938025799542976,False,0.4,0.2,0.2,0.2,0.03192707395913966,0.05341449172835336,False,0.16002597514794686,0.4290660748664851,False,0.17146249478483053,0.3376937531471517,False,0.14879477141619632,0.35503600007520014,False
soh40,43,58,0.1301711183320275,0.2255169746829044,0.1496632826033189,0.2710749320685989,False,0.4,0.2,0.2,0.2,0.0522024612468619,0.043285145140126394,False,0.1711679766857835,0.4308683129857522,False,0.18376820688444137,0.3135789588430059,False,0.19151448559618878,0.29656731130551117,False
soh40,43,59,0.10592854656176676,0.23210031173890752,0.124789501842658,0.2789764183004135,False,0.4,0.2,0.2,0.2,0.03048472543820172,0.04459588549288378,False,0.15323397569858976,0.4351095837922431,False,0.1764403085690729,0.3212803355426219,False,0.13899899766476764,0.314919868373905,False
soh40,43,60,0.10408713386409699,0.2580852589186505,0.12234435596000244,0.30912570578417103,False,0.4,0.2,0.2,0.2,0.03105824548047518,0.05392347145656805,False,0.15517888568575458,0.5103546743228266,False,0.1645240735719292,0.3341461765281511,False,0.1386162191018508,0.33807850082913854,False
soh40,43,61,0.10204495824446579,0.24372729659590495,0.12016051785178762,0.2908584175982146,False,0.4,0.2,0.2,0.2,0.029582719815178474,0.05520281258666623,False,0.1495231332251031,0.43122197356461894,False,0.16281590047446015,0.32525108559173116,False,0.13872031789240874,0.35175779864984213,False
soh40,43,62,0.11973140466647333,0.2573864252238582,0.13879047083965879,0.30570818988701076,False,0.4,0.2,0.2,0.2,0.04349513997373147,0.06409936657124776,False,0.16871389063098616,0.4392515799040564,False,0.17803923623366005,0.35402961936353633,False,0.16491361652025746,0.36545219370920257,False
soh40,43,63,0.10777405780894164,0.24955254935895094,0.12667526124306341,0.2977525339129409,False,0.4,0.2,0.2,0.2,0.03216924407245455,0.056752611142991176,False,0.15570106398345565,0.43847657535320445,False,0.16559922307902394,0.3297696978745568,False,0.1532315138373195,0.36601125128101103,False
soh40,43,64,0.11338131165189738,0.2349354448872662,0.13219291387131327,0.2812179008575884,False,0.4,0.2,0.2,0.2,0.03813490277423372,0.04980562100597739,False,0.1584620923407343,0.42000063256477427,False,0.16778373553255532,0.3241561412254585,False,0.16439092483772977,0.33090920863414347,False
soh40,43,65,0.10401155969306551,0.24723206982509088,0.12239304300842457,0.2989257956379155,False,0.4,0.2,0.2,0.2,0.030485626431629234,0.040457166573792426,False,0.15398013347024161,0.46859081900303784,False,0.16557134741325188,0.36334049133964313,False,0.13953506471857555,0.32331470563518866,False
soh40,43,66,0.11751169165699767,0.2836535207581051,0.13667939949749308,0.33774612300846596,False,0.4,0.2,0.2,0.2,0.040840860295015935,0.06728311175666186,False,0.16539757334187805,0.5082619528358797,False,0.17653136822532697,0.3963010819793468,False,0.1639477961277514,0.3791383454619754,False
soh40,43,67,0.1069816896102705,0.23854315443425686,0.12573965503780116,0.28639447162894077,False,0.4,0.2,0.2,0.2,0.03194982790014791,0.04713788565552127,False,0.1537061938575531,0.4318727538687142,False,0.16583417926010516,0.3204134597466505,False,0.15146841913339842,0.34615378724487705,False
soh40,43,68,0.10314705914126272,0.2450958028051624,0.12170884715171712,0.2946232936492384,False,0.4,0.2,0.2,0.2,0.028899907099445087,0.04698583942885846,False,0.1505911462428978,0.4511901885247915,False,0.16453761755683224,0.3498007160551437,False,0.14280671770769338,0.3305164305881599,False
soh40,43,69,0.10718499778573659,0.24581085869582187,0.1261248836910106,0.2934344991324955,False,0.4,0.2,0.2,0.2,0.03142545416464048,0.05531629694912729,False,0.15775663332463288,0.4310376774031474,False,0.1712008523422348,0.3467127132756369,False,0.1441165949325343,0.34067130890207037,False
soh40,43,70,0.10872161148201623,0.23093253907705125,0.1270913995286599,0.27593187295249016,False,0.4,0.2,0.2,0.2,0.03524245929544159,0.05093520357529562,False,0.1563218747654103,0.4365316324460012,False,0.17404411016285412,0.3001430026387208,False,0.14275715389093355,0.316117653149943,False
soh40,43,71,0.10554213899160363,0.25795352944252975,0.12450979346666076,0.312894828763864,False,0.4,0.2,0.2,0.2,0.029671521091375098,0.03818833215719263,False,0.15356356803158108,0.5014075835189673,False,0.1692951628214114,0.37799171564262507,False,0.14550892192227544,0.33399168373667104,False
soh40,43,72,0.10838575967891055,0.24999402900080203,0.12712635215990892,0.3019095266464015,False,0.4,0.2,0.2,0.2,0.033423389754917106,0.042332038418403925,False,0.15508729571596871,0.48285791100748066,False,0.1678087903761499,0.348786903103883,False,0.1521859327925999,0.3336612540558386,False
soh40,43,73,0.09946040819852997,0.27307597837359643,0.1178336993962289,0.3281604327456573,False,0.4,0.2,0.2,0.2,0.02596724340773428,0.05273816088535274,False,0.15001718360054075,0.5476033970212989,False,0.16334465112233337,0.36078325912657777,False,0.13200571945430714,0.3515169139493999,False
soh40,43,74,0.10190430241259438,0.25968775543882894,0.12031376705695743,0.31033364789134943,False,0.4,0.2,0.2,0.2,0.0282664438351422,0.05710418562874693,False,0.1482716254130212,0.4831945852191086,False,0.16831435060282438,0.3526174296952019,False,0.13640264837684193,0.34841839102234035,False
soh40,43,75,0.10941092384911393,0.3128643508414779,0.1293592918452887,0.37524059387986614,False,0.4,0.2,0.2,0.2,0.029617451864414827,0.06335937868792485,False,0.15302260720664698,0.5108262160472076,False,0.1913213695042096,0.5597603250517976,False,0.14347573880588335,0.3670164557325346,False
soh40,43,76,0.11715362800911203,0.2440778475756605,0.1360386505159452,0.28870451520912993,False,0.4,0.2,0.2,0.2,0.041613537981779435,0.06557117704178271,False,0.16356201423636985,0.4265802149707311,False,0.17204606405989242,0.3128492758578851,False,0.166932985785739,0.34981739296612085,False
soh40,43,77,0.11024956885238896,0.25679405895719504,0.13030211319415747,0.31085302769110645,False,0.4,0.2,0.2,0.2,0.030039391485314936,0.04055818402154928,False,0.15365281675409684,0.4959610887812074,False,0.17406714719600677,0.3701746527279483,False,0.1634490973412113,0.3367181852337209,False
soh40,43,78,0.13107671373662302,0.28721659417990086,0.15087213659644733,0.34327204165810693,False,0.4,0.2,0.2,0.2,0.051895022297325816,0.06299480426707657,False,0.18264594252984698,0.5740547684218189,False,0.1808760809861066,0.39603210060652344,False,0.18807150057250988,0.34000649333700883,False
soh40,43,79,0.0996220600781226,0.23319585668366796,0.11791642307249214,0.27981656743873673,False,0.4,0.2,0.2,0.2,0.026444608100644404,0.046713013663392776,False,0.15518785921876369,0.41790411391736226,False,0.15820147970151457,0.33003982893581724,False,0.13183174526904592,0.3246093132383748,False
soh40,43,80,0.10066169389435514,0.2435993081940923,0.11878428098542063,0.29302921356584133,False,0.4,0.2,0.2,0.2,0.02817134553009321,0.045879686707096155,False,0.15070376256201531,0.4708540152208393,False,0.16528511309477173,0.33262951866144536,False,0.13097690275480225,0.3227536336739845,False
soh40,43,81,0.10401569082838075,0.22426345526205443,0.1225326057243144,0.2703604613267762,False,0.4,0.2,0.2,0.2,0.029948031244646095,0.03987543100316719,False,0.1503771350280039,0.4246398327067307,False,0.1725223457338199,0.32452546834360513,False,0.1372829108907877,0.2924011132536018,False
soh40,43,82,0.1110672908948456,0.28594156465743203,0.12976629270158976,0.34558935452025685,False,0.4,0.2,0.2,0.2,0.03627128366786895,0.04735040520613287,False,0.16635232925553176,0.59198802198382,False,0.17262328640727675,0.42173925179859206,False,0.1438182714756816,0.32127973909248236,False
soh40,43,83,0.09808184909670371,0.2662380924993803,0.11609473479237448,0.32031565822031055,False,0.4,0.2,0.2,0.2,0.02603030631402064,0.049927829615659225,False,0.1473294444252394,0.5438738167251812,False,0.1584525651633664,0.34575910550694483,False,0.1325666232668715,0.34170188103345683,False
soh40,43,84,0.10459676043606887,0.2497907726997287,0.12189140028187709,0.29734042645157405,False,0.4,0.2,0.2,0.2,0.035418201052835975,0.05959215769234741,False,0.1497473141272627,0.4417889274856633,False,0.1586970836450702,0.3442720889013151,False,0.14370300230233948,0.3437085317269703,False
soh40,43,85,0.098642295223656,0.2654092558608001,0.11630569365135848,0.318818227092761,False,0.4,0.2,0.2,0.2,0.027988701512846104,0.051773370932956475,False,0.1486820535934343,0.4792925336855128,False,0.16078570501827777,0.40042795508849455,False,0.1277663144808757,0.3437790486640802,False
soh40,43,86,0.11398745726147319,0.25247486827222365,0.1326525983753094,0.3025411059622333,False,0.4,0.2,0.2,0.2,0.03932689280612829,0.05220991751218491,False,0.1607104863603667,0.4825516110237238,False,0.1702093057218207,0.35984921586270674,False,0.16036370861292193,0.3155536794503178,False
soh40,43,87,0.09811912864907225,0.2525373517210678,0.11605980781013792,0.3047047749932349,False,0.4,0.2,0.2,0.2,0.026356412004809666,0.04386765863239945,False,0.1470077411285525,0.48026453508584505,False,0.16158195082759927,0.3674260507231815,False,0.12929312727959016,0.3272608555315134,False
soh40,43,88,0.1155066577513726,0.22393080399891896,0.13440888718971344,0.2723654392944874,False,0.4,0.2,0.2,0.2,0.039897739998009205,0.030192262816645228,False,0.15777368166098724,0.4421961927402582,False,0.1812390150169346,0.3206513448587582,False,0.15872511208292278,0.296421956762288,False
soh40,43,89,0.11215492146077537,0.2530374835072399,0.13042160794407714,0.3046491992196828,False,0.4,0.2,0.2,0.2,0.03908817552756828,0.04659062065746849,False,0.15448239980038878,0.4680696607947654,False,0.17467026353326642,0.37380242239031575,False,0.15344559291508508,0.33013409303618146,False
soh40,43,90,0.09853167457346182,0.2811400568445196,0.11709082817013777,0.3394910067494883,False,0.4,0.2,0.2,0.2,0.024295060186757964,0.04773625722464478,False,0.14897166009608262,0.5894431826130587,False,0.16150897353341506,0.38974668108941773,False,0.13358761886429546,0.3310379060708319,False
soh40,43,91,0.09982382892101341,0.2653743179329059,0.11747398232584524,0.31905883174313404,False,0.4,0.2,0.2,0.2,0.02922321530168598,0.05063626269199337,False,0.14923364452707655,0.5047914428740107,False,0.1646221046010756,0.39048674900845576,False,0.1268169648735429,0.33032087239807634,False
soh40,43,92,0.09939202367543505,0.285914186137655,0.11780808414150011,0.3422052804652698,False,0.4,0.2,0.2,0.2,0.02572778181117472,0.06074980882719564,False,0.14693008594745216,0.5295154074450591,False,0.16646928975070802,0.425089741475915,False,0.13210517905666558,0.35346616411290954,False
soh40,43,93,0.10645410148795953,0.2549657881883588,0.12476170144183749,0.30655208127518885,False,0.4,0.2,0.2,0.2,0.03322370167244776,0.04862061584103864,False,0.15368123255787228,0.49538505517378445,False,0.16780575839259138,0.3484735079992922,False,0.14433611314443848,0.33372914608664006,False
soh40,43,94,0.09895870749456204,0.2920061968074479,0.11746352490630854,0.3528690177205844,False,0.4,0.2,0.2,0.2,0.02493943784757598,0.048554913154901694,False,0.14854428103205133,0.6098200008314001,False,0.16676563153102533,0.41158049723526974,False,0.1296047492145815,0.3415206596607661,False
soh40,43,95,0.09273826200756538,0.27013964926831024,0.11029999041373985,0.32589159703455123,False,0.4,0.2,0.2,0.2,0.022491348382867492,0.047131858203346276,False,0.1426799703274769,0.5192212814774448,False,0.15808535604899773,0.4122666233036843,False,0.11794328689561728,0.32494662515372935,False
soh40,43,96,0.1162885454804656,0.2927741647847516,0.1354668697990644,0.34713644716679903,False,0.4,0.2,0.2,0.2,0.03957524820607047,0.07532503525656156,False,0.15896818999315832,0.5344684229127795,False,0.17400529421911615,0.39758619631980324,False,0.16931874677791262,0.38116613417805195,False
soh40,43,97,0.09529341173043647,0.26217672472450343,0.11319919374676271,0.31692734604466216,False,0.4,0.2,0.2,0.2,0.023670283665131502,0.043174239443868306,False,0.14469410482327905,0.5092160780443481,False,0.16007841968717781,0.390802802103283,False,0.12435396681146249,0.3245162645871492,False
soh40,43,98,0.11093827439597757,0.28456053334412507,0.12958879563840794,0.34272988059989673,False,0.4,0.2,0.2,0.2,0.03633618942625609,0.051883144321038285,False,0.16306501315875777,0.5869166297498746,False,0.17193153059998623,0.39381227267707236,False,0.14702244936863168,0.33830747565160185,False
soh40,43,99,0.09919777950443588,0.2893078622029259,0.11744307337677573,0.3512831871733735,False,0.4,0.2,0.2,0.2,0.02621660401507642,0.04140656232113565,False,0.14542932239587003,0.5537143880789207,False,0.16940802532404053,0.4856323214805902,False,0.12871834177211597,0.32437947681284746,False
soh40,43,100,0.09846134678292748,0.2619441666939229,0.1158437177930052,0.31397736585092223,False,0.4,0.2,0.2,0.2,0.028931862742616554,0.053811370065925346,False,0.14686826929884264,0.508762181946882,False,0.16168513555160544,0.3567152333894979,False,0.12588960357895618,0.3366206780013837,False
soh40,43,101,0.10585719615136117,0.2667593850730875,0.12464548154001734,0.3218920362195712,False,0.4,0.2,0.2,0.2,0.030704054596736415,0.046228780487152746,False,0.15490227545848523,0.5578821135903737,False,0.16477715919677596,0.35710248228106883,False,0.1481984369080718,0.3263547685196895,False
soh40,43,102,0.09957319329885407,0.2670687845496814,0.11788113181811033,0.3225406476776297,False,0.4,0.2,0.2,0.2,0.02634143922182899,0.04518133203788827,False,0.14939354735404128,0.49543246784213474,False,0.1611828950272696,0.4320839785107862,False,0.13460664566930147,0.31746481231970936,False
soh40,43,103,0.09500553301271027,0.2520149655073843,0.11254807844550851,0.304641545431813,False,0.4,0.2,0.2,0.2,0.024835351281517256,0.04150864580966915,False,0.14540876395577176,0.4903669609935179,False,0.15830719403142315,0.36208842605661995,False,0.1216410045133219,0.32460214886744504,False
soh40,43,104,0.09482832861265948,0.2634384549552194,0.11273302909438869,0.31833634882381706,False,0.4,0.2,0.2,0.2,0.02320952668574264,0.043846879480828695,False,0.1437209529212429,0.48774634109046455,False,0.16114238445140594,0.41708375347957616,False,0.1228592523191633,0.3246684212443988,False
soh40,43,105,0.1230884327914032,0.32180060272753,0.14248492110175856,0.389454677006489,False,0.4,0.2,0.2,0.2,0.045502479549981795,0.051184305611693966,False,0.15768570473288449,0.6037552690352528,False,0.18499655420967168,0.5593153454114329,False,0.18175494591449626,0.3435637879675764,False
soh40,43,106,0.10689414219703645,0.2881723323140945,0.12503699140492106,0.34172064226545695,False,0.4,0.2,0.2,0.2,0.034322745365498036,0.0739790925086445,False,0.15703771913237222,0.5656907469861513,False,0.16621398057218056,0.3745225704936394,False,0.14257352054963338,0.35269015907339263,False
soh40,43,107,0.11104538125256413,0.3148310634221928,0.13057820197391484,0.38098654775686297,False,0.4,0.2,0.2,0.2,0.03291409836716119,0.05020912608351232,False,0.1583441072830132,0.6391099024023833,False,0.17895425589264025,0.4925864674570424,False,0.1521003463528448,0.3420406950845138,False
soh40,43,108,0.09388614420005924,0.28474109216263166,0.11155364120681557,0.3447873858014562,False,0.4,0.2,0.2,0.2,0.023216156173033846,0.044555917607333365,False,0.14309516165840205,0.5851641004838972,False,0.15881352177169103,0.4202094602855127,False,0.12108972522413537,0.32922006482908145,False
soh40,43,109,0.09966253387941316,0.2814328298249665,0.11761384672559075,0.33717861611290667,False,0.4,0.2,0.2,0.2,0.02785728249470279,0.058449684673205604,False,0.14720753439223513,0.5809459545283236,False,0.16074857564907902,0.37754768475734,False,0.13464199436634608,0.3317711404927574,False
soh40,43,110,0.10099431397970346,0.27038165415883664,0.11945610926539421,0.32660957957504677,False,0.4,0.2,0.2,0.2,0.02714713283694042,0.04546995249399606,False,0.14783366671761958,0.5537067785652444,False,0.17309242396219138,0.3779236169060485,False,0.12975121354482544,0.3293379703348982,False
soh40,43,111,0.10477361252224383,0.30057273300968435,0.12261227250408291,0.3623504660397789,False,0.4,0.2,0.2,0.2,0.03341897259488752,0.053461800889306195,False,0.155170906146022,0.6289451855866094,False,0.16138294370236894,0.42939464708998965,False,0.14047626757305318,0.3376002305932102,False
soh40,43,112,0.09974047042547125,0.2810227797921998,0.11758347957346829,0.33766389943199454,False,0.4,0.2,0.2,0.2,0.028368433833483052,0.05445830123302079,False,0.14546253548927096,0.5899843211818939,False,0.1624804211676981,0.36908253018010506,False,0.13402252780342105,0.33713044513295837,False
soh40,43,113,0.1056916675453004,0.31678782516182463,0.12406204289798164,0.38106518783716664,False,0.4,0.2,0.2,0.2,0.03221016613457544,0.059678374460456596,False,0.15355550660550327,0.6457365677720606,False,0.1813576464368162,0.4864564415047812,False,0.12912485241503166,0.3323893676113682,False
soh40,43,114,0.09982538117457598,0.2685333075434873,0.11771039126927951,0.3242940487581734,False,0.4,0.2,0.2,0.2,0.02828534079576189,0.045490342684742904,False,0.14989831665545855,0.5584281694711344,False,0.15782096928406408,0.3782171000092847,False,0.1348369383418335,0.31504058286753156,False
soh40,43,115,0.09468143474589737,0.2930416314598231,0.11165071729044686,0.35308839619023813,False,0.4,0.2,0.2,0.2,0.02680430456769937,0.05285457253816265,False,0.14645474202227987,0.6101294852046286,False,0.15340550978648174,0.42526548271939624,False,0.11993831278532645,0.3241040442987651,False
soh40,43,116,0.09471047176440163,0.278983418455338,0.11163393527240792,0.3341878041175351,False,0.4,0.2,0.2,0.2,0.027016617732376427,0.05816587580654917,False,0.14316738543865704,0.5769600085141611,False,0.15465923214150215,0.3781309289930983,False,0.12169250577709606,0.32349440315633204,False
soh40,43,117,0.09992978170541207,0.2696662060764108,0.11775847341641105,0.3237992599781895,False,0.4,0.2,0.2,0.2,0.028615014861416155,0.05313399046929581,False,0.1493107840289426,0.5348194383468533,False,0.16263026479824297,0.3809684292470354,False,0.13047782997704246,0.3262751818495734,False
soh40,43,118,0.10145020933068562,0.31562313476935927,0.11896290440608917,0.38084619865769015,False,0.4,0.2,0.2,0.2,0.03139942902907133,0.054730879216035686,False,0.14991701920889286,0.66220122705733,False,0.15836967578631672,0.47182553987509007,False,0.13616549360007582,0.3346271484823049,False
soh40,43,119,0.09031585550862194,0.28966020670911957,0.1081624547271178,0.35027135189668435,False,0.4,0.2,0.2,0.2,0.018929458634638446,0.04721562595886046,False,0.13956138802596718,0.6082076871901735,False,0.15932882950848762,0.413832845757713,False,0.11483014273937797,0.3318292486799905,False
soh40,43,120,0.10458681396563235,0.2879976709882235,0.12257120299468169,0.3431643624958416,False,0.4,0.2,0.2,0.2,0.03264925784943502,0.06733090495775114,False,0.15240486635586628,0.5539052166687382,False,0.16055979719110927,0.3833242584308367,False,0.14467089058231616,0.36809706992604035,False
soh40,43,121,0.0986157883419531,0.26421005740657333,0.11627835332657689,0.3173832663825499,False,0.4,0.2,0.2,0.2,0.0279655284034579,0.051517221502667104,False,0.14963087096353503,0.5596173996605135,False,0.15875933337390294,0.34205754941319055,False,0.1287576805654117,0.3163408949538283,False
soh40,43,122,0.0954817619446232,0.2702228759302907,0.1127938299509101,0.3289879895349286,False,0.4,0.2,0.2,0.2,0.026233489919475553,0.0351624215117394,False,0.14281168532611682,0.5728890623689424,False,0.1583287727042393,0.39683882030768086,False,0.12380137185380873,0.3110616539513515,False
soh40,43,123,0.0936663912364957,0.2904753559901527,0.11065418102586681,0.3528446969603618,False,0.4,0.2,0.2,0.2,0.025715232079011233,0.04099799210931599,False,0.1440471547284736,0.6254293636448325,False,0.15845466962964447,0.4365130781062469,False,0.11439966766633797,0.30843835398105185,False
soh40,43,124,0.09167216660135644,0.2919503506109124,0.10916008144709655,0.35172248718156646,False,0.4,0.2,0.2,0.2,0.02172050721839596,0.05286180432829612,False,0.14494148466609744,0.6188439629842243,False,0.15617003106282698,0.4023475569820172,False,0.1138083028410658,0.33283662443172823,False
soh40,43,125,0.08735496687251856,0.28401706086023026,0.10467228612337282,0.34297768502235026,False,0.4,0.2,0.2,0.2,0.018085689869101536,0.04817456421175032,False,0.14081614546352914,0.6117290488107116,False,0.15031106972739494,0.3889126900663906,False,0.10947623943346563,0.32309443700054846,False
soh40,43,126,0.09525541584590007,0.28496399652556686,0.1130704001347388,0.3412026743963853,False,0.4,0.2,0.2,0.2,0.023995478690545132,0.06000928504229312,False,0.14465511204368908,0.587401452810734,False,0.15927401139146494,0.3812924498559478,False,0.12435699841325604,0.3361075098765664,False
soh40,43,127,0.0885071259530956,0.2896518761270326,0.10543843550310655,0.35145044353450877,False,0.4,0.2,0.2,0.2,0.0207818877530517,0.04245760649712784,False,0.1385005196752522,0.6423204670098909,False,0.15016685946369646,0.4010131704370023,False,0.11230447512042585,0.3200105301940141,False
soh40,43,128,0.10645016265596308,0.2660925904240001,0.12472616866808514,0.3229973663949549,False,0.4,0.2,0.2,0.2,0.03334613860747475,0.03847348654018068,False,0.15028459298411903,0.637843222528133,False,0.16628566856178414,0.36497467581488136,False,0.14898827451896265,0.25069808069662464,True
soh40,43,129,0.09714279873830486,0.25390939366974447,0.1147411763014469,0.30847928567476435,False,0.4,0.2,0.2,0.2,0.02674928848573673,0.03562982564966484,False,0.14553901300215435,0.5596171589228192,False,0.15831910635487645,0.35421352569698517,False,0.12835729736302,0.28445663242958813,False
soh40,43,130,0.0958538438088402,0.2942957473891949,0.11371291753403502,0.3556576310700782,False,0.4,0.2,0.2,0.2,0.024417548908060863,0.04884821266566158,False,0.1475959706134453,0.6015912111374478,False,0.16187546279410703,0.4398464541477753,False,0.12096268782052692,0.332344646329428,False
soh40,43,131,0.09486935627234147,0.2684893434665269,0.11258443775155497,0.32416674982991656,False,0.4,0.2,0.2,0.2,0.024009030355487487,0.04577971801296822,False,0.1438581403189827,0.5285304391999733,False,0.1596329462661735,0.3991920090534535,False,0.12283763406557617,0.32316483305327137,False
soh40,43,132,0.09763541507891801,0.2811029699384324,0.11487035200835544,0.33677690700404067,False,0.4,0.2,0.2,0.2,0.028695667361168294,0.05840722167599958,False,0.1477675988117418,0.5886687513933414,False,0.16280486452167212,0.37083576867338736,False,0.1202132773388395,0.3291958862734343,False
soh40,43,133,0.09105277087314052,0.2591919270323831,0.10872580583078419,0.31098509584110523,False,0.4,0.2,0.2,0.2,0.020360631042565813,0.05201925179749457,False,0.1430392266621406,0.5150836416628433,False,0.1566420400599563,0.3603662841563087,False,0.11486132555847402,0.31647120574777426,False
soh40,43,134,0.09043349246204349,0.2917215381427446,0.10712923620798315,0.3542331568238113,False,0.4,0.2,0.2,0.2,0.02365051747828484,0.04167506341847768,False,0.1416832576441829,0.6494597367229894,False,0.14950881034381894,0.4175805028440684,False,0.11367435936564589,0.30821732430970966,False
soh40,43,135,0.11550986520769568,0.291736460659597,0.13317528839423465,0.35135040496386,False,0.4,0.2,0.2,0.2,0.04484817246153987,0.05328068344254508,False,0.15718885993501605,0.6022693408553365,False,0.16759685308635752,0.40757517235904533,False,0.1630672680940251,0.3422764231985131,False
soh40,43,136,0.10579192287074317,0.2821999676588257,0.12355516705629709,0.3417348858030494,False,0.4,0.2,0.2,0.2,0.03473894612852747,0.04406029508193094,False,0.14898653108015816,0.6418896232569961,False,0.16282644796032383,0.3706586798363592,False,0.14766874305617889,0.3103309450369114,False
soh40,43,137,0.0950101620813221,0.2879884021613659,0.11290983735428013,0.34775228718527984,False,0.4,0.2,0.2,0.2,0.02341146098948991,0.04893286206570997,False,0.14557870149615817,0.6185850159868485,False,0.15567945382803447,0.39959063985086724,False,0.126969733103438,0.3239006308376937,False
soh40,43,138,0.09271583515714979,0.2952408149530678,0.11024010923206626,0.35559723402530213,False,0.4,0.2,0.2,0.2,0.022618738857483927,0.05381513866413036,False,0.1435222185665289,0.6249314848848893,False,0.1582267621601156,0.39977463822829057,False,0.1165927173441366,0.3438676743238984,False
soh40,43,139,0.09557987873513202,0.3124839592392338,0.11326051075424616,0.3788789672589087,False,0.4,0.2,0.2,0.2,0.02485735065867541,0.0469039271605339,False,0.14681882417883876,0.705544300045177,False,0.16290926837046324,0.4201679634757854,False,0.1184565998090072,0.3428996783541384,False
soh40,43,140,0.09288515329454437,0.3154281379171845,0.11008739836376197,0.38195640793336133,False,0.4,0.2,0.2,0.2,0.02407617301767397,0.049315057852477105,False,0.14635249309971277,0.7159986871890944,False,0.15283082478022883,0.4223952130156112,False,0.11709010255743231,0.34011667367626264,False
soh40,43,141,0.08554169722753183,0.2730901663339216,0.10256296176633228,0.3302329231172672,False,0.4,0.2,0.2,0.2,0.017456639072329968,0.04451913920053903,False,0.13698265414572716,0.5707724829385638,False,0.14849437316286837,0.3764799925903886,False,0.10731818068440362,0.3291600777395774,False
soh40,43,142,0.09656967032504454,0.2977603553020162,0.11377315396836207,0.36071760823109456,False,0.4,0.2,0.2,0.2,0.027755735751774403,0.04593134358570295,False,0.14671127566397013,0.6645534645667689,False,0.16079748574154643,0.41096406134931346,False,0.11982811871615733,0.3214215634225929,False
soh40,43,143,0.09284622100940174,0.3154692725556131,0.10955171125425339,0.3824212764609612,False,0.4,0.2,0.2,0.2,0.026024260029995087,0.0476612569342207,False,0.1465094240178472,0.7038994233042266,False,0.15153063054062213,0.45278450033061607,False,0.11414253042854917,0.3253399252747813,False
soh40,43,144,0.09507976175095936,0.2912448512304456,0.11262310720371521,0.35037074251831474,False,0.4,0.2,0.2,0.2,0.024906379939935934,0.0547412860789688,False,0.1465256526947406,0.5972696936994997,False,0.16356542276960054,0.4122751903534729,False,0.11549497341058378,0.3371967999413176,False
soh40,43,145,0.08887408964652356,0.2898616423264835,0.10648511567316869,0.35153546162108495,False,0.4,0.2,0.2,0.2,0.018429985539943013,0.043166365148077555,False,0.1384806021960294,0.6289748443339562,False,0.1602172941897115,0.41283902904761516,False,0.10881258076699084,0.32116160795469084,False
soh40,43,146,0.0993292190061559,0.26534778380359836,0.11678500406768746,0.321423937457319,False,0.4,0.2,0.2,0.2,0.02950607876002965,0.04104316918871554,False,0.1477169260848303,0.5772947823100646,False,0.1624362010831173,0.38011789743009383,False,0.1274808103427726,0.2872399009004021,False
soh40,43,147,0.10405084693184019,0.30383528593857145,0.1224148951194276,0.3668124347616722,False,0.4,0.2,0.2,0.2,0.030594654181490585,0.051926690646168686,False,0.15079680345357782,0.62883823021355,False,0.1630475214766021,0.440288948066564,False,0.14522060136603987,0.3461958701204059,False
soh40,43,148,0.1072943954749134,0.29260374313624377,0.1264216996072024,0.3528015458990681,False,0.4,0.2,0.2,0.2,0.030785178945757406,0.05181253208494618,False,0.15082757878851327,0.6227082603048913,False,0.17231558880150588,0.4013363167242652,False,0.15175845189303303,0.3353490744821697,False
soh40,43,149,0.0949819657176801,0.291337308227127,0.11267058389153195,0.35174463660381705,False,0.4,0.2,0.2,0.2,0.02422749302227262,0.049707994720366785,False,0.14393234940561841,0.6303787183188265,False,0.1544437626018462,0.39765157215558417,False,0.1280787305363906,0.3292402612204907,False
soh40,43,150,0.0955155103379442,0.3037777489892406,0.11352891637972265,0.3716196979348788,False,0.4,0.2,0.2,0.2,0.023461886170830407,0.03240995320668753,False,0.1450149976745917,0.7136985544448367,False,0.15895115563540843,0.43464395830737645,False,0.12668762603806002,0.3057263257806146,False
soh40,43,151,0.12004825275294123,0.319380934710376,0.13846704700364248,0.38445376763279354,False,0.4,0.2,0.2,0.2,0.04637307575013621,0.05908960302070548,False,0.1660847740728714,0.6720712582172398,False,0.16952804414910747,0.45121593559103057,False,0.17188229404245484,0.3554382737021984,False
soh40,43,152,0.09253016399451011,0.3009965027158521,0.10928112921348095,0.3620542529966114,False,0.4,0.2,0.2,0.2,0.025526303118626737,0.056765501592814745,False,0.14429616344932936,0.6427192584071941,False,0.15520957318208425,0.41920751942860535,False,0.11209247710388341,0.32952473255783155,False
soh40,43,153,0.09147682128393797,0.31083909259062215,0.10862410802003974,0.37556147823381525,False,0.4,0.2,0.2,0.2,0.022887674339530883,0.05194955001784956,False,0.14482414137785318,0.695812453622612,False,0.15198841759393594,0.42370196114167896,False,0.11479619876883895,0.3307819481531205,False
soh40,43,154,0.11126872785645264,0.3234476339414839,0.1290461968108394,0.38548693294896175,False,0.4,0.2,0.2,0.2,0.04015885203890565,0.07529043791157242,False,0.1534779218613819,0.6841616106181783,False,0.1659721009210341,0.39767874032982165,False,0.15657591242203592,0.38481694293627466,False
soh40,43,155,0.09233162303456208,0.33679268567335285,0.10974444153981075,0.40798821944173996,False,0.4,0.2,0.2,0.2,0.022680349013567348,0.0520105505998041,False,0.14143831319308178,0.7507581606107782,False,0.15362746761459797,0.48848683848689434,False,0.12123163633799589,0.34069732806948344,False
soh40,43,156,0.09677403280246877,0.3145793703310981,0.11458061193531333,0.38138944166248223,False,0.4,0.2,0.2,0.2,0.025547716271090492,0.04733908500556139,False,0.14713209022193374,0.6938987431839142,False,0.16310983668803075,0.4578458196776318,False,0.12253280456019833,0.32647411878282157,False
soh40,43,157,0.09078567185872816,0.30977694543424333,0.10768809308092657,0.37443764433436705,False,0.4,0.2,0.2,0.2,0.02317598696993453,0.051134149833748345,False,0.14029235819234018,0.6759586061585475,False,0.15235556287348628,0.4377036120155178,False,0.11492846428794529,0.33295420932965464,False
soh40,43,158,0.09713084966309324,0.29649016988124605,0.11473661449721266,0.358537541702055,False,0.4,0.2,0.2,0.2,0.026707790326615553,0.04830068259801029,False,0.1452805482068628,0.6518522597963156,False,0.1630174297710855,0.40485470142968133,False,0.1239406896842868,0.3291425229842128,False
soh40,43,159,0.09768753610365939,0.33501014242276994,0.11580911130531144,0.40460169055477574,False,0.4,0.2,0.2,0.2,0.0252012352970512,0.05664394989474662,False,0.1442012445163606,0.6769059743059357,False,0.16339307627533853,0.5136134832043543,False,0.13044088913249544,0.37124335481406634,False
soh40,43,160,0.09450596450565824,0.26574060343369954,0.11190787031075142,0.31835742113596516,False,0.4,0.2,0.2,0.2,0.02489834128528547,0.05527333262463711,False,0.14810636740366956,0.5326131300142483,False,0.15825067289080239,0.35681952472339645,False,0.11637609966324826,0.32872369718157873,False
soh40,43,161,0.10130605975368552,0.31737658761329957,0.11938094488152079,0.38313556032487,False,0.4,0.2,0.2,0.2,0.029006519242344427,0.05434069676701756,False,0.14803186684391165,0.6972559415080756,False,0.16156947805609692,0.4522009599077088,False,0.1389159153837302,0.3287446431166781,False
soh40,43,162,0.0916405946584377,0.3274825060267404,0.10887832713465555,0.3950814007101929,False,0.4,0.2,0.2,0.2,0.022689664753566315,0.0570869272929304,False,0.14103648542719813,0.683188961811227,False,0.15496501706640728,0.48568922803837955,False,0.11682214129145047,0.3543604856982345,False
soh40,43,163,0.09978897489736593,0.29783397078633145,0.1174216742502345,0.3584948273643741,False,0.4,0.2,0.2,0.2,0.02925817748589162,0.05519054447416092,False,0.14705225140310024,0.6235146426385144,False,0.16577338297831812,0.41056409147285094,False,0.12760288513362802,0.3447100308719701,False
soh40,43,164,0.09387092079778366,0.31902068619921653,0.1113638367502531,0.3860029230745243,False,0.4,0.2,0.2,0.2,0.023899256987905845,0.05109173869798551,False,0.14196250992126505,0.663737886481213,False,0.15911081805587424,0.4957954482647937,False,0.12048276203596729,0.33338661885410487,False
soh40,43,165,0.08524794210651009,0.2936881945676742,0.10203124018264474,0.35503153229629475,False,0.4,0.2,0.2,0.2,0.01811474980197144,0.048314843653191976,False,0.13705380129685196,0.6242912079418722,False,0.14815691304532555,0.4135404873696631,False,0.10479949658643002,0.3339795902204517,False
soh40,43,166,0.09337338108957148,0.3069757829517891,0.11133148799585074,0.3737775017900218,False,0.4,0.2,0.2,0.2,0.02154095346445438,0.03976890759885851,False,0.1468322723298137,0.7251299492764862,False,0.1630605051997013,0.44288418496008486,False,0.11389222098943363,0.28732696532465746,False
soh40,43,167,0.09309851673873674,0.28744643430117406,0.11083121192458747,0.3475881735336521,False,0.4,0.2,0.2,0.2,0.022167735995333834,0.04687947737126192,False,0.1459796352366962,0.6055161112210395,False,0.15544912063469432,0.4111081669316217,False,0.11972835583162554,0.32684893861068515,False
soh40,43,168,0.08945858679697939,0.3255384195143854,0.10642826465259789,0.3904309788550389,False,0.4,0.2,0.2,0.2,0.021579875374505383,0.06596818215177139,False,0.1419226923543144,0.6838126926483857,False,0.1522076341051846,0.4555478861016972,False,0.1100028567763872,0.3563951545183012,False
soh40,43,169,0.09069750753411625,0.3014921265691504,0.10823007180058293,0.3632332640623492,False,0.4,0.2,0.2,0.2,0.02056725046824948,0.05452757659635515,False,0.14013634243611905,0.643671941392198,False,0.158545763494114,0.4168878218410175,False,0.1136709308038492,0.3378457164198261,False
soh40,43,170,0.08728120287390795,0.30418729519242543,0.10420500872533014,0.367865475958792,False,0.4,0.2,0.2,0.2,0.019585979468219165,0.04947457212695903,False,0.13984451915636117,0.6860314608316821,False,0.14933369677112832,0.4088437203829849,False,0.10805583950561191,0.3271121504935419,False
soh40,43,171,0.09289786904596622,0.3162198384650432,0.1094667139867622,0.3788820355139625,False,0.4,0.2,0.2,0.2,0.026622489282782262,0.06557105026936604,False,0.14388643199926784,0.6746254642787785,False,0.15197101903877008,0.42217072480448264,False,0.11538691562622864,0.3531609027032227,False
soh40,43,172,0.09042873959707753,0.32450752023161294,0.10751711235232969,0.39091190032685635,False,0.4,0.2,0.2,0.2,0.022075248576068893,0.058889999850639044,False,0.1411423506925549,0.6870810137585764,False,0.15653233850124523,0.480080651206591,False,0.11031851163944974,0.33759593649161906,False
soh40,43,173,0.0873835220206677,0.2893302589141179,0.10403720030939707,0.3503201512197139,False,0.4,0.2,0.2,0.2,0.020768808865750155,0.04537068969173374,False,0.13920657653111598,0.5942735741839826,False,0.1488270194099036,0.43443994332522945,False,0.10734639643081857,0.3271963976779098,False
soh40,43,174,0.10070000858758761,0.306965245497699,0.11853972345290469,0.37286234854950073,False,0.4,0.2,0.2,0.2,0.029341149126319317,0.04337683329049194,False,0.148067672262111,0.6614907668232314,False,0.16140342830812596,0.46974351548335536,False,0.13534664411506242,0.3168382786009242,False
soh40,43,175,0.09926020797714206,0.281214123595655,0.11645222509193856,0.3389068041171833,False,0.4,0.2,0.2,0.2,0.03049213951795607,0.0504434015095414,False,0.1498123044806518,0.6020040066296249,False,0.162286290862973,0.38638890234946194,False,0.12321816550617337,0.3167909059801051,False
soh40,43,176,0.09230737887561045,0.31101736777039396,0.10998581355032046,0.37668307813779117,False,0.4,0.2,0.2,0.2,0.021593640176770405,0.048354526300804855,False,0.14474695852931319,0.6788048657851191,False,0.15647665844195668,0.44872610019089215,False,0.11712599705324157,0.3308468202743487,False
soh40,43,177,0.09369581491928938,0.30645328426266394,0.11138235850699674,0.3727308012159618,False,0.4,0.2,0.2,0.2,0.02294964056845992,0.04134321644947248,False,0.14329543243960738,0.6775734039200961,False,0.1558862470617189,0.47411683817800704,False,0.12339811395820076,0.2978897463162716,False
soh40,43,178,0.09599613592578989,0.2586843980462929,0.11490795125406678,0.3170895346056528,False,0.4,0.2,0.2,0.2,0.020348874612682408,0.025063851808853378,True,0.14251494947501042,0.5933032540788715,False,0.1600742479276784,0.3982185677403873,False,0.1366937330008958,0.2517724647944989,False
soh40,43,179,0.0954117019848877,0.29215016923882353,0.11308881817273816,0.3519323804572393,False,0.4,0.2,0.2,0.2,0.024703237233485758,0.05302132436516062,False,0.14473794713186053,0.6282563394602892,False,0.15860317812106964,0.40286576688819165,False,0.12431091020453677,0.32358609111531556,False
soh40,43,180,0.08928163772940101,0.2952790077900572,0.10682152241851899,0.35466996265245204,False,0.4,0.2,0.2,0.2,0.019122098972929095,0.05771518834047807,False,0.14113929034314146,0.6507517088108515,False,0.15956014468588284,0.3890035410098869,False,0.10746455567212254,0.32120941244859164,False
soh40,43,181,0.08650820459749886,0.3175562405046705,0.10381179510926511,0.38441721535439866,False,0.4,0.2,0.2,0.2,0.01729384255043378,0.050112341105757886,False,0.13724578403967366,0.6873354978457592,False,0.1563884336797237,0.47268481892728237,False,0.10431912016722934,0.32753620353879515,False
soh40,43,182,0.091610968573181,0.3036664597415706,0.10920883176730671,0.3667834400027988,False,0.4,0.2,0.2,0.2,0.02121951579667819,0.05119853869665786,False,0.13973189810120024,0.6722217004942115,False,0.16119131036261486,0.4193113358169657,False,0.11469260280873354,0.32440218500336,False
soh40,43,183,0.10524618324597695,0.31574843995743856,0.12319911947584625,0.37939484448780275,False,0.4,0.2,0.2,0.2,0.03343443832649978,0.061162821835981755,False,0.15449617163924687,0.6860929271040307,False,0.16833437179978014,0.42926232178257484,False,0.1365314961378582,0.34106130722862366,False
soh40,43,184,0.0892322944838597,0.33188101073734505,0.10615672019179496,0.40066327774502825,False,0.4,0.2,0.2,0.2,0.021534591652118653,0.0567519427066123,False,0.14067752623792473,0.758935162596076,False,0.15334591318727572,0.4495171910676899,False,0.10906884968986076,0.3374488146097347,False
soh40,43,185,0.08447305360289435,0.31366727810362477,0.10107440198054529,0.3806251446479913,False,0.4,0.2,0.2,0.2,0.018067660092290504,0.0458358119261589,False,0.13582855617761005,0.6919975248401022,False,0.14783752737374142,0.4631308484957833,False,0.10256386427853921,0.3215363933299206,False
soh40,43,186,0.08314021157348074,0.32740546194642134,0.09996779652337404,0.3958213685841829,False,0.4,0.2,0.2,0.2,0.015829871773907572,0.05374183539537505,False,0.1350356784237351,0.7102432478137427,False,0.14759441649544325,0.4757427131071275,False,0.10141121940041019,0.34355767802048637,False
soh40,43,187,0.09921205114783098,0.32175033737024217,0.11697286407784059,0.3884530725148157,False,0.4,0.2,0.2,0.2,0.02816879942779252,0.05493939679194793,False,0.14579862095537546,0.6811698098954967,False,0.1629060549635323,0.47379117929528936,False,0.13101798096466205,0.3439119040765288,False
soh40,43,188,0.09115580100857715,0.31504237548190583,0.10805927369049104,0.38012663714945943,False,0.4,0.2,0.2,0.2,0.023541910280921643,0.05470532881169161,False,0.1426944950184196,0.6784415730120948,False,0.15462752345421613,0.43219525671050457,False,0.11137316600840674,0.35516439006354655,False
soh40,43,189,0.10541733036981031,0.2770602727038071,0.12268273566068666,0.33879619379789394,False,0.4,0.2,0.2,0.2,0.03635570920630492,0.030116588327459698,False,0.15378037213727155,0.6502684666372517,False,0.1640730574416034,0.406496035092984,False,0.13652180385756676,0.26830368513388053,False
soh40,43,190,0.08993904089892345,0.3044969549994815,0.10672905799471788,0.3682591255961319,False,0.4,0.2,0.2,0.2,0.022778972515745663,0.049448272612880005,False,0.13763862363274956,0.6626542904592373,False,0.15567032540241532,0.42828138897165746,False,0.110828310427961,0.33265255034075264,False
soh40,43,191,0.09513051774438722,0.3435403953903767,0.11287666537027799,0.41544011249211094,False,0.4,0.2,0.2,0.2,0.024145927240824108,0.055941526983439745,False,0.14328813487042436,0.740889422777156,False,0.15729091063479028,0.4928733862574437,False,0.1267816887350732,0.3720561139504041,False
soh40,43,192,0.09894855839318474,0.3549134607214957,0.11675932281622806,0.42636395848959063,False,0.4,0.2,0.2,0.2,0.02770550070101144,0.06911146964911608,False,0.14646669430681622,0.7131478463269879,False,0.1644423888462592,0.5285002100046242,False,0.12842270741082537,0.3946963079776342,False
soh40,43,193,0.09258332932970023,0.3236166151451537,0.10944830017957913,0.3933536179614902,False,0.4,0.2,0.2,0.2,0.025123445930184552,0.04466860387980758,False,0.1420149818056098,0.7261887261498932,False,0.15737011118435584,0.5042762270255616,False,0.11328466179816632,0.29828091479069857,False
soh40,43,194,0.09317136863852814,0.34632335174199735,0.11057021051169927,0.41959860916954406,False,0.4,0.2,0.2,0.2,0.02357600114584353,0.053222322031810564,False,0.14579304475796928,0.7364575280348727,False,0.1608432541818754,0.5334613269919224,False,0.1120685419611089,0.35525325961957055,False
soh40,43,195,0.08714504516428967,0.3517558027425831,0.10417668277922616,0.4271443418004969,False,0.4,0.2,0.2,0.2,0.01901849470454365,0.05020164651092806,False,0.13781409368683628,0.7675503378275699,False,0.1527118491933661,0.536573885972144,False,0.10716229353215861,0.3542514968913455,False
soh40,43,196,0.09600537371381458,0.32698069958561904,0.11434385284638315,0.3935298680182901,False,0.4,0.2,0.2,0.2,0.022651457183540273,0.06078402585493474,False,0.14420682076329325,0.6873910448602215,False,0.15799507788310405,0.47702115902058667,False,0.13252205555559504,0.34892324233741756,False
soh40,43,197,0.08770598934997959,0.323820366140932,0.10434076497598009,0.38868314141457383,False,0.4,0.2,0.2,0.2,0.021166886845977603,0.06436926504636459,False,0.1375708513528422,0.6835508069057928,False,0.1525150901381125,0.45544521999346493,False,0.106110231566988,0.35136727371267296,False
soh40,43,198,0.08860014491850408,0.3344834309147799,0.10555696878282185,0.4033379153404735,False,0.4,0.2,0.2,0.2,0.02077284946123303,0.05906549321200552,False,0.13693750068829333,0.727049812430607,False,0.1543958322344058,0.47207955610912106,False,0.11012169274735521,0.3551567996101604,False
soh40,43,199,0.10722409122345311,0.3187608039020416,0.12412831502502675,0.38450742057371046,False,0.4,0.2,0.2,0.2,0.03960719601715849,0.05577433721536596,False,0.15448081937556293,0.6861964201311764,False,0.1664390902648709,0.4650677539070304,False,0.13598615444251472,0.330991171041269,False
soh40,43,200,0.09902250414580287,0.32393633015025813,0.11664417003649917,0.3895221840511415,False,0.4,0.2,0.2,0.2,0.028535840583017655,0.06159291454672453,False,0.14838954815503197,0.6731144843484297,False,0.1664596264295384,0.4714021624037948,False,0.12319166497840865,0.3519791749056169,False
soh40,44,1,0.2428422910965918,0.44424324669748905,0.27628305378547047,0.5208614794539574,True,0.4,0.2,0.2,0.2,0.10907924034107715,0.13777031567161538,True,0.2666199666978894,0.7865304583294561,True,0.35695420804082434,0.6493541681381486,True,0.37247880006209094,0.5097909756766098,True
soh40,44,2,0.2012548575683843,0.36025810427839133,0.2297146022253404,0.4260748471596158,True,0.4,0.2,0.2,0.2,0.08741587894055992,0.0969911327534932,True,0.23392414239043968,0.6507944731465488,True,0.28887391831343945,0.5089389013210345,True,0.3086444692569225,0.44757488141738677,True
soh40,44,3,0.21018262626895154,0.35448218029133377,0.23487905145320084,0.410224696701984,True,0.4,0.2,0.2,0.2,0.11139692553195424,0.13151211464873253,False,0.2405203724287206,0.5760680567353774,True,0.27704930150357004,0.4623015122761296,True,0.31054960634855855,0.4710171031476966,False
soh40,44,4,0.20045801760711585,0.3223995349406198,0.2260561903744246,0.3750338355659911,True,0.4,0.2,0.2,0.2,0.09806532653788068,0.11186233243913449,False,0.23287853802413938,0.5088191765732616,True,0.2732621146850058,0.4242603344848565,True,0.30001878225067263,0.45519349876671195,False
soh40,44,5,0.18227266962243563,0.3226341307019074,0.20694977788066993,0.3739697020714605,False,0.4,0.2,0.2,0.2,0.08356423658949837,0.11729184522369476,False,0.20992689790149308,0.50385219578064,True,0.2514668466687528,0.39320506252962134,True,0.2828411303629355,0.48152970475188606,False
soh40,44,6,0.16712981477055,0.26220261870004596,0.19070015099310805,0.31086246664103573,True,0.4,0.2,0.2,0.2,0.07284846988031764,0.06756322693608678,True,0.2017514123094948,0.4505200118789978,True,0.23457128487903467,0.3554127719418742,True,0.25362943690358514,0.36995385580718426,True
soh40,44,7,0.1535385915796664,0.26911264374427935,0.1770356610545781,0.3200665597230332,False,0.4,0.2,0.2,0.2,0.0595503136800195,0.06529697982926383,True,0.19612964065599006,0.4921434402935059,False,0.21971095356280457,0.37022682992065437,False,0.23275173631949828,0.35259898884870866,True
soh40,44,8,0.14841101162901063,0.2619137228242483,0.17118399386820637,0.3125627138312008,True,0.4,0.2,0.2,0.2,0.05731908267222771,0.05931775879643835,True,0.18802089149271603,0.4653772225742095,False,0.20996112607257666,0.37144168685750983,False,0.22943487523530504,0.3541141870966455,False
soh40,44,9,0.18776388454444173,0.3119345421358575,0.21476161908480323,0.3708594113479884,False,0.4,0.2,0.2,0.2,0.07977294638299565,0.0762350652873336,False,0.21248685648944635,0.5302857097720113,False,0.26279291059563215,0.47554275579711175,False,0.3039937628711388,0.40137411453549693,False
soh40,44,10,0.14727885425628115,0.24150825987946445,0.16913276881314393,0.2863460474931338,True,0.4,0.2,0.2,0.2,0.05986319602882991,0.062157109424786985,False,0.18899026987483492,0.4122083360867574,True,0.2139722351838755,0.3217431342462516,True,0.21370537416503543,0.34927561021473913,True
soh40,44,11,0.15272761004627344,0.2685329846428644,0.17516173712151847,0.3219715410903646,False,0.4,0.2,0.2,0.2,0.06299110174529327,0.0547787588528636,True,0.18696349561814296,0.4907317245389234,False,0.21141060472021309,0.40968540758871885,False,0.2392817464024246,0.3326902733809524,True
soh40,44,12,0.14100534468128445,0.23347681521389688,0.1626276525638367,0.27914720154816897,True,0.4,0.2,0.2,0.2,0.05451611315107537,0.05079526987680856,True,0.1806422850779049,0.4083002716213042,True,0.2021029048368503,0.3148324323872684,True,0.21324930718951632,0.34266083230729466,False
soh40,44,13,0.1330807034147432,0.2562374466265956,0.15425481474064806,0.30592659013880175,False,0.4,0.2,0.2,0.2,0.04838425811112384,0.05748087257777096,False,0.17845838610451947,0.4817120612688151,False,0.19181005885618874,0.3329300075241449,False,0.19836655589076013,0.35158341918447594,False
soh40,44,14,0.14840014515965286,0.2506031236890906,0.17174489167188234,0.2988730159749845,False,0.4,0.2,0.2,0.2,0.055021159110734914,0.057523554545514895,False,0.18167013951736735,0.43456331706802365,False,0.2240993864000774,0.3626367944372986,False,0.22618888165934967,0.3407683978491008,False
soh40,44,15,0.1575574190429877,0.2633001419250111,0.1813165412461723,0.3147948666423545,False,0.4,0.2,0.2,0.2,0.06252093023024934,0.05732124305563751,False,0.19438019365963735,0.47753076114010445,False,0.219014048290375,0.38129431244129325,False,0.2493509928044275,0.3430331499323828,False
soh40,44,16,0.13099255634613707,0.25068608842661433,0.151907530492238,0.3015076741315319,False,0.4,0.2,0.2,0.2,0.04733265976173337,0.04739974560694392,True,0.17388967767761024,0.4488313217170555,False,0.19572419125335835,0.3952143060537545,False,0.19068359327625006,0.3145853231483738,True
soh40,44,17,0.1314299975952076,0.25575843462870296,0.1513699314364246,0.30596730554786,False,0.4,0.2,0.2,0.2,0.051670262230339534,0.05492295095207468,False,0.17848169719005313,0.48879066639358304,False,0.19076382317519366,0.3556788320929176,False,0.18456394315011204,0.32447677275286474,False
soh40,44,18,0.136328064317486,0.2710480701122974,0.15614954591195696,0.31976343240611843,False,0.4,0.2,0.2,0.2,0.0570421379396022,0.0761866209370132,False,0.17703152659806878,0.4782704233488841,False,0.18511590195990613,0.348527938978479,False,0.2054086171502507,0.3760687463600975,False
soh40,44,19,0.12832326786326162,0.26272367993109336,0.14888250626395608,0.31494893959230547,False,0.4,0.2,0.2,0.2,0.04608631426048383,0.05382264128624493,False,0.17546896606642917,0.49044358380796654,False,0.186857560852194,0.37287168543069366,False,0.18711718387671725,0.3426578478443168,False
soh40,44,20,0.13712396836534493,0.24975279166531128,0.15843688374207246,0.29891347187683387,False,0.4,0.2,0.2,0.2,0.0518723068584347,0.053110070819220874,False,0.17594117106721718,0.44118277060122707,False,0.19937702739957355,0.35507394458667657,False,0.20655702964306447,0.3462871015002109,False
soh40,44,21,0.12883562008362687,0.2382352760488432,0.14957091624443528,0.28476813993000727,False,0.4,0.2,0.2,0.2,0.04589443544039323,0.052103820524186883,False,0.1715532404974012,0.40756775217703334,True,0.1949190756545606,0.3419260500956726,False,0.1859169133853861,0.33747493692313624,False
soh40,44,22,0.13236525558539092,0.24729114061179336,0.1522080723280404,0.2926800673254604,False,0.4,0.2,0.2,0.2,0.05299398861479305,0.06573543375712507,False,0.17476732986967639,0.4269545570015934,False,0.19179013194554004,0.3339223654322874,False,0.1892808388821521,0.3441079131108357,False
soh40,44,23,0.12696546023675437,0.25047775242117004,0.1461019375752653,0.2984868812713754,False,0.4,0.2,0.2,0.2,0.05041955088271059,0.058441237020348494,False,0.1706091940081905,0.45333726523011064,False,0.18251665655436067,0.3445408731010097,False,0.18086234885579944,0.3376281497340327,False
soh40,44,24,0.13607235534130513,0.2661586704285574,0.1557058177480097,0.31368644869612294,False,0.4,0.2,0.2,0.2,0.057538505714486855,0.07604755735829517,False,0.18623881453198066,0.46186187933954875,False,0.1814119903614321,0.33589579599977554,False,0.1976339603841392,0.3809405620868722,False
soh40,44,25,0.12616414206291873,0.24017834518563128,0.14691648601131946,0.2869852073507113,False,0.4,0.2,0.2,0.2,0.043154766269315796,0.052950896525310966,False,0.16989310320004788,0.43172144949652475,False,0.193377035455342,0.32826234404780624,False,0.18124103912057213,0.3350061393332034,False
soh40,44,26,0.1261248067052843,0.23555943766095597,0.14652298837190472,0.2838063867844137,False,0.4,0.2,0.2,0.2,0.04453208003880254,0.04257164116712495,True,0.17119298534533667,0.4379999540473671,False,0.18598502515795332,0.33851394021649545,False,0.1843818629455264,0.31614001170666733,False
soh40,44,27,0.13380075239716405,0.24721063994275336,0.1550511938605196,0.29783782447656026,False,0.4,0.2,0.2,0.2,0.048798986543741714,0.04470190180752573,False,0.1809511534051471,0.48450968231228314,False,0.19727421731623707,0.33754465136775735,False,0.19318041817695253,0.3245950624186748,False
soh40,44,28,0.13017764948758787,0.27737537125354894,0.14992275882084583,0.33267563369764946,False,0.4,0.2,0.2,0.2,0.051197212154556075,0.05617432147714667,False,0.1775358607387062,0.5566651648091139,False,0.18661739104797914,0.38370969098303426,False,0.18434057134214185,0.3341533575213032,False
soh40,44,29,0.13363698500889004,0.28873403561252625,0.15316930755638875,0.33908798983396626,False,0.4,0.2,0.2,0.2,0.055507694818895094,0.08731821872676607,False,0.17624397827571267,0.4865810399249277,False,0.1835485245430384,0.35639079506492594,False,0.19737703258790884,0.42606190561924534,False
soh40,44,30,0.11341195847373918,0.24633039704386772,0.132361142973776,0.294391133410448,False,0.4,0.2,0.2,0.2,0.03761522047359202,0.054087451577546734,False,0.15912941411197232,0.4656978862048067,False,0.17241835657883006,0.3176601812671231,False,0.1602815807307095,0.3401190145923154,False
soh40,44,31,0.11908289908049315,0.23971087371391583,0.1387119879976009,0.287410676577342,False,0.4,0.2,0.2,0.2,0.04056654341206213,0.048911662260211125,False,0.16568910727302702,0.4555360901751595,False,0.17843102920838175,0.3219213966075582,False,0.17016127209693263,0.32327355726643914,False
soh40,44,32,0.12843222014309424,0.26269940362460603,0.14866664323048967,0.3127838965342116,False,0.4,0.2,0.2,0.2,0.04749452779351252,0.06236143198618356,False,0.17257841349461803,0.4800009700079473,False,0.18904640385502947,0.3656994887072554,False,0.18554722777879865,0.34307369543546024,False
soh40,44,33,0.11651307367822586,0.2649766843219518,0.13560427956046434,0.31433576351133824,False,0.4,0.2,0.2,0.2,0.040148250149271945,0.06754036756440591,False,0.16292901256932665,0.4840938684940326,False,0.17690195700846967,0.3401231818542066,False,0.1624378985147891,0.36558563613270795,False
soh40,44,34,0.1347427782279746,0.24553253274397446,0.1556819714586119,0.29437857981194415,False,0.4,0.2,0.2,0.2,0.05098600530542524,0.050148344472095686,False,0.17790822457322394,0.46424602746728044,False,0.1897049533813321,0.3165437360125962,False,0.2041287025744664,0.3465762112958042,False
soh40,44,35,0.13121054061096588,0.26206887044639454,0.15120573876881624,0.31224042675636593,False,0.4,0.2,0.2,0.2,0.051229747979564456,0.06138264520650904,False,0.17440378216316663,0.47237694402516084,False,0.19333187513954575,0.34764057712662133,False,0.1858575497929881,0.36756154066717245,False
soh40,44,36,0.13249325671614653,0.24201673103474702,0.15156316158769118,0.28929235761278516,False,0.4,0.2,0.2,0.2,0.05621363722996791,0.05291422472259429,False,0.16989604832275318,0.4556105518539418,False,0.18716142590504523,0.3143191009251382,True,0.1929815348929984,0.3343255529494665,False
soh40,44,37,0.1187739857401686,0.23578750257458259,0.13768383388728084,0.28068611735369375,False,0.4,0.2,0.2,0.2,0.043134593151719566,0.05619304345813763,False,0.1638322662772809,0.4236304180313905,False,0.18194354475779292,0.3228774012147186,False,0.16182493136233006,0.32004360671052845,False
soh40,44,38,0.11833666222820821,0.2620107661002475,0.13718204057416217,0.31490140435056113,False,0.4,0.2,0.2,0.2,0.0429551488443924,0.05044821309899276,False,0.16316984540486243,0.520365855223958,False,0.1753962550914863,0.3596574885960113,False,0.16720691295590753,0.32913406048328264,False
soh40,44,39,0.11630918780795288,0.28166007683350514,0.13561301180977084,0.3378616651243663,False,0.4,0.2,0.2,0.2,0.03909389180068107,0.056853723670060544,False,0.16405720029296092,0.5692630841671267,False,0.1756766006885284,0.381095446319706,False,0.16362435445691295,0.3442344063405718,False
soh40,44,40,0.12073055511086786,0.27462722028812264,0.13856298054003896,0.32976466622099604,False,0.4,0.2,0.2,0.2,0.04940085339418342,0.054077436556628826,False,0.16610559131363165,0.566222794588446,False,0.17415041865580608,0.3510654220288836,False,0.1645950587965347,0.3476930117100258,False
soh40,44,41,0.11254874993509172,0.2539631785555091,0.1312660340690376,0.3019628520693811,False,0.4,0.2,0.2,0.2,0.03767961339930812,0.06196448450002065,False,0.16152854193810667,0.4722356476451301,False,0.17163150801668847,0.34741313888564757,False,0.1542244729220472,0.32623813724672635,False
soh40,44,42,0.12798593488824228,0.32525404943351544,0.14910275362114206,0.38992087263334224,False,0.4,0.2,0.2,0.2,0.04351865995664314,0.06658675663420802,False,0.168775355927838,0.5831098511548563,False,0.2099313265917551,0.5544598728918783,False,0.17418567200833204,0.3555270098524266,False
soh40,44,43,0.1175133091756724,0.2846989805235214,0.1354446928237692,0.337750545530067,False,0.4,0.2,0.2,0.2,0.045787774583285194,0.07249272049733879,False,0.1614810828307069,0.4987833041379239,False,0.17688158926667677,0.4155861661540654,False,0.15762832461440793,0.36413999133094,False
soh40,44,44,0.11802365014981368,0.2864570032424802,0.13718336936067127,0.3429749296049613,False,0.4,0.2,0.2,0.2,0.04138477330638336,0.0603852977925557,False,0.16570395108859273,0.5290779462648271,False,0.18279079575650573,0.4470854812492277,False,0.15885395729120322,0.33535099311323463,False
soh40,44,45,0.11283509828586577,0.2590357640170654,0.13196171250117558,0.3103123187693808,False,0.4,0.2,0.2,0.2,0.03632864142462655,0.05392954500780365,False,0.15815270428212289,0.49848165188170585,False,0.17497380229424572,0.35018170546295674,False,0.15839170200370717,0.33865637272505705,False
soh40,44,46,0.13285137947740577,0.30158697123711437,0.15129052394748213,0.35922195920082844,False,0.4,0.2,0.2,0.2,0.05909480159710031,0.07104701938225784,False,0.17695163024030255,0.5324246905424208,False,0.18753015585921115,0.47426623990881606,False,0.1815855080933145,0.3591498869698191,False
soh40,44,47,0.11663450275062275,0.29098676396203166,0.1343629622883305,0.3441856899640754,False,0.4,0.2,0.2,0.2,0.045720664599791724,0.07819105995385668,False,0.1630225558990367,0.5445852338542235,False,0.17572180328225837,0.37347790355992266,False,0.1529868253722352,0.3804885624882987,False
soh40,44,48,0.1071101381008097,0.24767983493469015,0.12553196292392282,0.29716958678177147,False,0.4,0.2,0.2,0.2,0.03342283880835721,0.049720827546364595,False,0.1551760500285699,0.47293374211374467,False,0.17201696476160158,0.3270049006344378,False,0.14151199809716258,0.3390188768325389,False
soh40,44,49,0.1124231389777558,0.2547318055062258,0.1304745205216926,0.30533422334516247,False,0.4,0.2,0.2,0.2,0.04021761280200859,0.052322134150479135,False,0.15997059586735354,0.46540865853118424,False,0.16875293744839504,0.36639042634620406,False,0.15295693596901316,0.33721567435278255,False
soh40,44,50,0.10339651485894946,0.29216967806866173,0.12189911913442013,0.34981727307665306,False,0.4,0.2,0.2,0.2,0.02938609775706674,0.061579298036696324,False,0.15314673973639936,0.5669093664925077,False,0.16399170617060665,0.4179388369272285,False,0.14107193287360775,0.3528415908501797,False
soh40,44,51,0.11742467883255013,0.26386931099736655,0.13674886851070395,0.31552885889867277,False,0.4,0.2,0.2,0.2,0.040127920119934886,0.057231119392141476,False,0.1666572833175083,0.496788405707562,False,0.18475677145061678,0.3655121192551123,False,0.1554534991547558,0.3425837912398753,False
soh40,44,52,0.1125835756900885,0.303626448214029,0.13111760274141118,0.36321273228977663,False,0.4,0.2,0.2,0.2,0.03844746748479768,0.0652813119110384,False,0.15768525838666728,0.5807549357755312,False,0.17293425827579098,0.42976109917878597,False,0.15540342681838884,0.3770535822937511,False
soh40,44,53,0.10875937858210478,0.28757538423650725,0.1275441139420253,0.3448694273045795,False,0.4,0.2,0.2,0.2,0.03362043714242272,0.05839921196421828,False,0.1556965627177327,0.5356701935501756,False,0.17604016594503777,0.4513502139462216,False,0.144819289962908,0.3340580897577023,False
soh40,44,54,0.1149158677827804,0.28642610229400683,0.1345485253844173,0.3401476257428028,False,0.4,0.2,0.2,0.2,0.036385237376232775,0.07154000849882282,False,0.16627927553681252,0.5313196810269974,False,0.1750839417140743,0.39773892748677914,False,0.16044564691054966,0.3599918859586118,False
soh40,44,55,0.10404392072029282,0.26969892491785796,0.12236588625850775,0.3217424452669853,False,0.4,0.2,0.2,0.2,0.03075605856743312,0.06152484352134866,False,0.1553661521416989,0.5205957780244789,False,0.16176195290483833,0.3645406914635812,False,0.14157938142006063,0.3403084680585325,False
soh40,44,56,0.10441693879647224,0.25584571437691345,0.12304448940006407,0.3058336490205371,False,0.4,0.2,0.2,0.2,0.0299067363821048,0.055893975802418686,False,0.15453281509326952,0.49029493298157173,False,0.16728088997042975,0.3505005378134114,False,0.14045751615445226,0.32664514948474677,False
soh40,44,57,0.10459503164243425,0.26733211147613245,0.12309057979127841,0.31944501348412724,False,0.4,0.2,0.2,0.2,0.030612839047057507,0.058880503444153014,False,0.15469751281778554,0.5136266195094314,False,0.16465922626454196,0.3659337768958166,False,0.14239274103572866,0.339339154087108,False
soh40,44,58,0.11612372190781176,0.337747555096088,0.13550032793266126,0.40060005695811274,False,0.4,0.2,0.2,0.2,0.038617297808413664,0.08633754764798905,False,0.15717916566278908,0.56097150338198,False,0.17741546661848148,0.499761818884483,False,0.16878938164096083,0.4553293579179989,False
soh40,44,59,0.10330328169653318,0.25782834447671626,0.12146672152088667,0.3090737034535614,False,0.4,0.2,0.2,0.2,0.030649522399119136,0.05284690856933594,False,0.15346693272081735,0.47745359287623557,False,0.1604973638714298,0.3722479538140357,False,0.1412530670921804,0.33374635855463824,False
soh40,44,60,0.12074906739150934,0.26461873067376307,0.14076048508184727,0.3161670397944164,False,0.4,0.2,0.2,0.2,0.04070339663015762,0.05842549419114957,False,0.16642082847534875,0.4954846549056988,False,0.17910735635783714,0.37826113770890885,False,0.17681035886404559,0.33249687237190845,False
soh40,44,61,0.1045140129371537,0.27033637354751994,0.12314949074606912,0.3210243631301948,False,0.4,0.2,0.2,0.2,0.029972101701491935,0.06758441521682047,False,0.15371043839699575,0.5143988997334644,False,0.16664786350507518,0.35643355027388074,False,0.1422675593807137,0.3456805872966135,False
soh40,44,62,0.10986991091477263,0.2853441866928035,0.12805785771664455,0.3397931159974273,False,0.4,0.2,0.2,0.2,0.03711812370728492,0.06754846947430844,False,0.16140278298819608,0.5599487727016927,False,0.1703469848169977,0.38864900422761756,False,0.14336353935409954,0.3430262175860903,False
soh40,44,63,0.11541564674243882,0.3195473446559882,0.1349691722159144,0.3795986784605431,False,0.4,0.2,0.2,0.2,0.03720154484853645,0.07934200943776848,False,0.1597323202977674,0.5958598832796272,False,0.1733703428037182,0.4243877771215592,False,0.16957248091363553,0.41880504400321755,False
soh40,44,64,0.10096000752732376,0.2740123213952092,0.11943938258196474,0.32904911270778797,False,0.4,0.2,0.2,0.2,0.027042507308759837,0.05386515614489414,False,0.149693015341441,0.528226468140285,False,0.16588438088568624,0.39875855473728833,False,0.1351376267919718,0.3353462718086844,False
soh40,44,65,0.11962480197331846,0.2846193251744915,0.13952087510573347,0.34358406806348485,False,0.4,0.2,0.2,0.2,0.04004050944365831,0.048760353618518104,False,0.16440702030235438,0.5717563190755527,False,0.18329436610081332,0.4127361336097976,False,0.17034160457610792,0.34108346595007105,False
soh40,44,66,0.1099226141261831,0.28123676428960337,0.12869116412963574,0.33773170341330466,False,0.4,0.2,0.2,0.2,0.03484841411237255,0.05525700779479796,False,0.1545271438096207,0.5553617781448404,False,0.1719570034975401,0.3936755450261729,False,0.1534320950990096,0.3466324826874075,False
soh40,44,67,0.10842370663351401,0.27897563951207144,0.1267372950905077,0.3357628494540379,False,0.4,0.2,0.2,0.2,0.03516935280553914,0.05182679974420553,False,0.15536205542701031,0.5735254445961601,False,0.17052206110357426,0.3802171407756405,False,0.14589571102590715,0.3374820127001455,False
soh40,44,68,0.09903078874299191,0.2713759890425721,0.11650155118746003,0.3250487677192639,False,0.4,0.2,0.2,0.2,0.02914773896511944,0.056684874335804734,False,0.14967704587090166,0.5339864161557984,False,0.1609262645371885,0.3695327987629045,False,0.1262551553766305,0.3399909816225479,False
soh40,44,69,0.1069534759540023,0.26415315009313517,0.12548443451254665,0.31529790437650695,False,0.4,0.2,0.2,0.2,0.0328296417198248,0.0595741329596482,False,0.1563109234416112,0.4983026060413093,False,0.16690273722624224,0.3591992591269755,False,0.1458944356625084,0.3441156193780947,False
soh40,44,70,0.10238947970391558,0.2985751828815987,0.12074662312181719,0.359893229755028,False,0.4,0.2,0.2,0.2,0.028960906032309133,0.053302995387881184,False,0.1528073917543906,0.5929045185092323,False,0.16471366490108888,0.4467377671401842,False,0.13650452979948016,0.34662763798281443,False
soh40,44,71,0.11186308242605607,0.2826543135545676,0.13065461382942847,0.33944995763842756,False,0.4,0.2,0.2,0.2,0.03669695681256635,0.05547173721912765,False,0.15574261864650532,0.5558516854964782,False,0.17224364523792934,0.4036694263487701,False,0.15793523462071293,0.34280698148933425,False
soh40,44,72,0.11792473701182925,0.26661203083209173,0.13690318221222325,0.32080672851369807,False,0.4,0.2,0.2,0.2,0.042010956210253206,0.04983324010566642,False,0.160970472046137,0.5329913171828189,False,0.17620136835734482,0.37249715352842133,False,0.168429932235158,0.32790520323788547,False
soh40,44,73,0.10552849186439889,0.29666960811861376,0.12435942987258386,0.35503868344274947,False,0.4,0.2,0.2,0.2,0.030204739831658993,0.0631933068220709,False,0.15305338812416558,0.54273672606155,False,0.17002982008692658,0.46632772466664996,False,0.14414977144758426,0.34789697622072685,False
soh40,44,74,0.1026328468994197,0.2835731667052642,0.12065824049354676,0.34192331167768153,False,0.4,0.2,0.2,0.2,0.030531272522911428,0.05017258681559491,False,0.14952239479718235,0.5692384606031667,False,0.17143514989208075,0.41699856578831945,False,0.13114414476201255,0.3312836335036451,False
soh40,44,75,0.10209419501501166,0.29405731964349247,0.12014592986190525,0.3525820790058384,False,0.4,0.2,0.2,0.2,0.0298872556274373,0.05995828219410876,False,0.15279596205202617,0.5704503610436776,False,0.1649262047393456,0.43061309540252407,False,0.13297429702881192,0.34930657738304305,False
soh40,44,76,0.10732278087205362,0.2679274024752658,0.12551932029221752,0.32002765662967736,False,0.4,0.2,0.2,0.2,0.034536623191398004,0.059526385857619546,False,0.15471211299685209,0.5080350604991437,False,0.16841967024314874,0.37070358350870714,False,0.14440887473747124,0.34184559665323894,False
soh40,44,77,0.11409585965207396,0.2582360751240019,0.1337073236361533,0.31274543242423414,False,0.4,0.2,0.2,0.2,0.03565000371575645,0.04019864592307284,True,0.15713877373863097,0.5436120594839161,False,0.17787382989478964,0.3395230151992066,False,0.16416668719543623,0.3276480090907409,False
soh40,44,78,0.10072364343007131,0.3059869272633433,0.1187736776491243,0.36803814388160966,False,0.4,0.2,0.2,0.2,0.028523506553859344,0.05778206079027804,False,0.15015863197545434,0.6453539656654506,False,0.1599509012454897,0.409333729980345,False,0.1364616708216938,0.359682819090365,False
soh40,44,79,0.10266892174705691,0.2841886698841869,0.12144060468824736,0.3407081318543802,False,0.4,0.2,0.2,0.2,0.027582189982295127,0.05811082200341355,False,0.15016609113194743,0.5548900269081445,False,0.16509365668958317,0.40154135423631576,False,0.14292048094916365,0.3482903242696471,False
soh40,44,80,0.11650661916448303,0.2558839872433082,0.13420432670740165,0.30600232870675487,False,0.4,0.2,0.2,0.2,0.0457157889928085,0.055410621389521575,False,0.1630565212708361,0.5010332384014798,False,0.17293037958252414,0.336314626889693,False,0.15511461698343787,0.33125082814632506,False
soh40,44,81,0.10772688185039098,0.2928777725282006,0.12623401988114574,0.35024373430990224,False,0.4,0.2,0.2,0.2,0.0336983297273719,0.06341392540139373,False,0.15338558107538341,0.5887530545140811,False,0.1676652650825098,0.3852744627040083,False,0.1501869036393178,0.3635334946201259,False
soh40,44,82,0.10664461244757155,0.2929078510539606,0.12452175053763667,0.3473119796066371,False,0.4,0.2,0.2,0.2,0.03513606008731103,0.07529133684325434,False,0.15523536762711965,0.540877310177418,False,0.16627005791340632,0.41653337600507895,False,0.14144551652270967,0.35654589540079723,False
soh40,44,83,0.13288668735935655,0.28192325211032937,0.15104084152723232,0.33399777483580795,False,0.4,0.2,0.2,0.2,0.06027007068785341,0.07362516120841496,False,0.17381121347692885,0.5138273091832922,False,0.17583401389313916,0.3774082762647146,False,0.19424806805100792,0.37113035268680994,False
soh40,44,84,0.11911793442290057,0.2930461043065926,0.13753423965466224,0.35232036577887393,False,0.4,0.2,0.2,0.2,0.04545271349585384,0.055949058417467196,False,0.1618072979438271,0.5792435173429807,False,0.18286239253601566,0.43245272096640136,False,0.16001455464295242,0.34163616638864647,False
soh40,44,85,0.09941328432820615,0.2927253056636986,0.11723705775241824,0.34969489764211287,False,0.4,0.2,0.2,0.2,0.028118190631357707,0.0648469377500413,False,0.14755011706396765,0.5135108297708738,False,0.16858824826314686,0.47201187863194183,False,0.12469167505120078,0.3484099444155946,False
soh40,44,86,0.10016228173096887,0.31011297500067003,0.11770794851526563,0.3725303327619278,False,0.4,0.2,0.2,0.2,0.029979614593781873,0.06044354395563869,False,0.14976317311759949,0.6351948532034093,False,0.1695659298026703,0.46358286311167857,False,0.12152307654701083,0.3309000707769847,False
soh40,44,87,0.10619005135446527,0.2692658338951129,0.12416875552696854,0.3245577500127054,False,0.4,0.2,0.2,0.2,0.034275234664452196,0.04809816942474273,False,0.15371849938674823,0.5362079044201941,False,0.16533510924627362,0.38541852203358234,False,0.14334617881040013,0.3285064041723024,False
soh40,44,88,0.10400439382915616,0.29579336056056604,0.1227691242019529,0.35557785652585866,False,0.4,0.2,0.2,0.2,0.028945472337969253,0.05665537669939577,False,0.14900625511096424,0.5897044587154786,False,0.17341407774084935,0.44833567240304967,False,0.13971069161802874,0.32761591828551045,False
soh40,44,89,0.09868330127052961,0.2805753436573742,0.11669019010577705,0.33647152730467655,False,0.4,0.2,0.2,0.2,0.02665574592953984,0.05699060906816465,False,0.14841610022087268,0.5634855008357947,False,0.16389445762424623,0.37836671017912216,False,0.1277944566484495,0.3470432891356246,False
soh40,44,90,0.09962853009278405,0.2898370151767085,0.11749554703848095,0.34445438531440403,False,0.4,0.2,0.2,0.2,0.028160462309996463,0.0713675346259264,False,0.15074197516346688,0.5408382511529608,False,0.16165880742031755,0.39634969726768826,False,0.12942094326014283,0.3692620582110407,False
soh40,44,91,0.10565090609610812,0.29798204428162867,0.12383306458882236,0.35750244550258425,False,0.4,0.2,0.2,0.2,0.03292227212525116,0.05990043939780613,False,0.15314390874301567,0.6308409237691548,False,0.172948789156383,0.3933048545569753,False,0.1363172883306396,0.34596356428640096,False
soh40,44,92,0.09825719892752371,0.2805522454900344,0.11605898480648807,0.33511610082435894,False,0.4,0.2,0.2,0.2,0.02705005541166632,0.062296824152736144,False,0.14580973495733593,0.547233701863575,False,0.16542128958628016,0.38370189259839166,False,0.12595485927066982,0.3472319846827329,False
soh40,44,93,0.0965771410925712,0.2549672349591315,0.11459014835113471,0.30451861477204883,False,0.4,0.2,0.2,0.2,0.024525112058317162,0.056761715707462,False,0.14939567344094642,0.4652655092599251,False,0.16103705093690474,0.35363218949662506,False,0.1234027569683705,0.34241504462418315,False
soh40,44,94,0.09405642984837627,0.2747661166151489,0.1110760738719722,0.3295985379936657,False,0.4,0.2,0.2,0.2,0.02597785375399257,0.055436431101081596,False,0.14430366589538665,0.533271185573576,False,0.15608753605124256,0.3886288618397078,False,0.11793523978726698,0.3410576734602973,False
soh40,44,95,0.10647640523124154,0.28934519799137487,0.12463506630991328,0.3463587402177371,False,0.4,0.2,0.2,0.2,0.033841760916554525,0.0612910290859257,False,0.159619557104955,0.5818012406255051,False,0.16469015203724718,0.40822831639563556,False,0.14038879518089642,0.33411437476388217,False
soh40,44,96,0.10549908960024607,0.2857229639661396,0.1241491017506852,0.338642069658499,False,0.4,0.2,0.2,0.2,0.03089904099848948,0.0740465411967021,False,0.15345104641230264,0.5357331729226799,False,0.16990175665803794,0.36983680675622693,False,0.1423445629339108,0.3749517577583871,False
soh40,44,97,0.10949521641371811,0.31274637246063,0.1287245828527803,0.3766077501986713,False,0.4,0.2,0.2,0.2,0.03257775065746937,0.05730086150846452,False,0.16005932882975663,0.6171640845401337,False,0.1892854383133387,0.48441332240945045,False,0.13297581361055646,0.34755273233663647,False
soh40,44,98,0.0971597598084562,0.28301681543973,0.1148080834584943,0.33733894287719296,False,0.4,0.2,0.2,0.2,0.026566465208303778,0.06572830568987797,False,0.14780766674617643,0.5446618668565868,False,0.15511057598215167,0.3871425663345251,False,0.12974762589734531,0.3518230326277821,False
soh40,44,99,0.1023031876684378,0.2764057449055751,0.1197213531942668,0.3313722295433583,False,0.4,0.2,0.2,0.2,0.03263052556512166,0.05653980635444203,False,0.15169431337025976,0.556748753223769,False,0.1686849901177289,0.362675697215546,False,0.12587558372395694,0.34952466137967636,False
soh40,44,100,0.10141523758635726,0.29240342321316,0.11985209250436268,0.351842540047402,False,0.4,0.2,0.2,0.2,0.027667817914335494,0.054646955876191936,False,0.15116694857681726,0.6186701287616104,False,0.1649074444891544,0.40504409851114304,False,0.1356661590371436,0.3290089770406625,False
soh40,44,101,0.10688969528587353,0.30689276244234276,0.12519777565187362,0.3678601988298857,False,0.4,0.2,0.2,0.2,0.033657373821873164,0.06302301689217098,False,0.15434390647293084,0.6151076503735864,False,0.1701227148833886,0.4403496580119164,False,0.14266710742930186,0.3529604700418691,False
soh40,44,102,0.10937541633220789,0.2960953829155444,0.1285556068174487,0.3558529307479674,False,0.4,0.2,0.2,0.2,0.032654654391244584,0.05706519158585194,False,0.15630059594814422,0.6089518717906964,False,0.17885838090829898,0.42344174446487326,False,0.1464087960221071,0.33395291515044817,False
soh40,44,103,0.10904430605789175,0.2871057556466273,0.12799178962895316,0.34585735012647906,False,0.4,0.2,0.2,0.2,0.033254371773646145,0.052099377727220425,False,0.15448156798653864,0.5931501378773534,False,0.16880300705637072,0.4083223626620103,False,0.1554282116992571,0.3298575222393321,False
soh40,44,104,0.09527217512302963,0.30565626639685567,0.11274988869856029,0.3656428174994093,False,0.4,0.2,0.2,0.2,0.025361320820907005,0.06571006198664087,False,0.14883176121494002,0.6160676272345682,False,0.15611648953760715,0.4118215480524947,False,0.12068998322078693,0.3689720327239335,False
soh40,44,105,0.09915727825754296,0.3175923117578219,0.11726664373299961,0.37871231240750014,False,0.4,0.2,0.2,0.2,0.026719816355716318,0.07311230915910888,False,0.1486708135868271,0.6063669997198035,False,0.16549777988560974,0.47785599180736504,False,0.1281781651038453,0.3575139489437231,False
soh40,44,106,0.09682729246653335,0.28262374766838405,0.11467189621541297,0.33764724679016944,False,0.4,0.2,0.2,0.2,0.025448877471014767,0.06252975118124234,False,0.14427514589039045,0.5383394080002143,False,0.15857556880729087,0.39022780235996724,False,0.1303879926929558,0.3594920256192538,False
soh40,44,107,0.11280864485397396,0.2566637145069567,0.1316890848042707,0.3080609466915845,False,0.4,0.2,0.2,0.2,0.03728688505278699,0.05107478576844553,False,0.15566550175337115,0.4919956534900183,False,0.1738018465089568,0.34747123550741227,False,0.1600021059019678,0.3417021120004619,False
soh40,44,108,0.11380065036766146,0.26775248572688876,0.1321240828146678,0.3191083193788634,False,0.4,0.2,0.2,0.2,0.040506920579636056,0.06232915111899016,False,0.16004743177615058,0.5016487512834271,False,0.17781666672419275,0.3708254503963382,False,0.15012531217869182,0.34162992471669806,False
soh40,44,109,0.09683026102076851,0.27025706045959297,0.1142377264824431,0.3250548188377589,False,0.4,0.2,0.2,0.2,0.02720039917407018,0.051066026946929285,False,0.14520392146202857,0.5502178952082236,False,0.15680812637110675,0.3712571343906512,False,0.12773845892256688,0.32767821880523146,False
soh40,44,110,0.09644575755678059,0.2812666226312859,0.11432641963686947,0.33781632397659556,False,0.4,0.2,0.2,0.2,0.024923109236425055,0.0550678172500472,False,0.14650259066545707,0.5673782948326683,False,0.1615660808832974,0.3721990034375165,False,0.12431389776229834,0.35662018038615023,False
soh40,44,111,0.0942538356947076,0.28620663421262926,0.11164898793113323,0.3435761342985139,False,0.4,0.2,0.2,0.2,0.02467322674900513,0.05672863386909047,False,0.14505322489562028,0.5889890724827049,False,0.1546822289749263,0.38748955875693114,False,0.12218727110498116,0.34109727208532914,False
soh40,44,112,0.11545801864465871,0.30359923914718884,0.13531342736743987,0.3650285653327126,False,0.4,0.2,0.2,0.2,0.03603638375353401,0.05788193440509347,False,0.15952718312562622,0.6314047060890685,False,0.18469395726746132,0.4032726922247712,False,0.16099618532313795,0.36755492861191735,False
soh40,44,113,0.09294053704318701,0.26854690809581716,0.11067086771050968,0.3217089022569128,False,0.4,0.2,0.2,0.2,0.02201921437389629,0.05589893145143446,False,0.14343365605819405,0.5253450046949178,False,0.1568092905753322,0.37479555910228823,False,0.1204213098346162,0.33079611377901064,False
soh40,44,114,0.098300764125317,0.25481917381497626,0.11612819857781931,0.30347805790574295,False,0.4,0.2,0.2,0.2,0.026991026315307778,0.06018363745190946,False,0.14650839870948773,0.47176034680205997,False,0.16536756219338009,0.3430007133698801,False,0.12564580709310164,0.3389675339991222,False
soh40,44,115,0.0934289337081015,0.2578570156049443,0.1106643947885702,0.306759750793834,False,0.4,0.2,0.2,0.2,0.024487089386226693,0.06224607484938515,False,0.14462969736687314,0.5099349614438112,False,0.15489693011907477,0.32876163080725623,False,0.11864386228210616,0.3260963360748835,False
soh40,44,116,0.09070171289636815,0.25379371154047015,0.10831170725548891,0.303334044195439,False,0.4,0.2,0.2,0.2,0.020261735459885074,0.055632380920594554,False,0.14013147815977042,0.49108740642903603,False,0.15932400413131986,0.33998547672317553,False,0.11352961127098027,0.32663091270894995,False
soh40,44,117,0.1046828201863012,0.2860642105017016,0.1224105157949599,0.3422503921943549,False,0.4,0.2,0.2,0.2,0.03377203775166634,0.06131948373108832,False,0.15367277501499035,0.5734029633040052,False,0.1622060852877937,0.3954084075505648,False,0.13999116512538926,0.33887071419176124,False
soh40,44,118,0.09151095320656498,0.2859172494470031,0.10825386104878054,0.34294154444231567,False,0.4,0.2,0.2,0.2,0.024539321837702646,0.05782006946575245,False,0.14128210141370243,0.5939605245758453,False,0.15257149503129094,0.39589051710413786,False,0.11462252591242618,0.3240950666235272,False
soh40,44,119,0.0968851371689388,0.26908085299624884,0.1142965047080752,0.32399364257244767,False,0.4,0.2,0.2,0.2,0.027239667012393196,0.04942969469145345,False,0.14767939388593332,0.5435286821979906,False,0.15561744843728836,0.37975339058672447,False,0.12664950949668594,0.32326280281362213,False
soh40,44,120,0.09414131280264224,0.29507946164225907,0.11190084782042148,0.3559124756435571,False,0.4,0.2,0.2,0.2,0.02310317273152529,0.05174740563706689,False,0.14534429946826494,0.6252641491993177,False,0.16086100897263803,0.4110118723334771,False,0.11829491010925765,0.33562647540436674,False
soh40,44,121,0.09001776140500177,0.28833620355101697,0.10708236120171524,0.3479067004505939,False,0.4,0.2,0.2,0.2,0.021759362218147837,0.050054215952709,False,0.14111155911894957,0.6346079096085089,False,0.15033328562808712,0.3760998873441115,False,0.11512523784167643,0.3308647888970464,False
soh40,44,122,0.0995591001405178,0.30179420498199383,0.11758697156343542,0.359173197954223,False,0.4,0.2,0.2,0.2,0.027447614448847277,0.07227823309307732,False,0.1464012268074988,0.5750998913884661,False,0.1624046987627873,0.43094155484200175,False,0.13409434623460828,0.35837311249334675,False
soh40,44,123,0.09334995474886387,0.28488926320848584,0.11026266985079598,0.337616373704753,False,0.4,0.2,0.2,0.2,0.02569909434113541,0.07398082122341744,False,0.14225094086306908,0.5602355577186259,False,0.1568007197667257,0.37285094434084787,False,0.11629992443225375,0.3433981715361207,False
soh40,44,124,0.11991469348798411,0.29421260196843185,0.13915834252611275,0.35068962174047613,False,0.4,0.2,0.2,0.2,0.04294009733546947,0.06830452288025456,False,0.16831102723495897,0.5913931430913607,False,0.18434691424950678,0.3807023535203604,False,0.16103533128451586,0.3623584674699289,False
soh40,44,125,0.09932266414600463,0.2915992512278498,0.11702251625134702,0.3508235356842587,False,0.4,0.2,0.2,0.2,0.02852325572463508,0.05470211340221393,False,0.14653316134220606,0.5973002880447408,False,0.15970196743070617,0.4171453402644319,False,0.13333168050784078,0.33414640102564835,False
soh40,44,126,0.09218051168001025,0.30894992703748375,0.10927832029553328,0.37114775305956843,False,0.4,0.2,0.2,0.2,0.023789277217918126,0.060158622949144994,False,0.14391137504298077,0.6295413980593964,False,0.15663273741728292,0.4465145643951364,False,0.1127798915039513,0.3483764268345959,False
soh40,44,127,0.09967648208565874,0.30376602267618874,0.11706247955607929,0.35978444065182275,False,0.4,0.2,0.2,0.2,0.030132492203976544,0.07969235077365287,False,0.14872946093209105,0.5764024597691053,False,0.16371412192986765,0.41031021981502414,False,0.1256738431583819,0.3727327322495086,False
soh40,44,128,0.09336405039863206,0.3194216159522493,0.1108169119024875,0.3823542291017993,False,0.4,0.2,0.2,0.2,0.02355260438321027,0.06769116335404964,False,0.14323293946022864,0.6671725505809114,False,0.15462359290942074,0.4227115890541877,False,0.12185851085709037,0.37184161341804817,False
soh40,44,129,0.0889205425756295,0.28579695136123,0.10595697538688208,0.34306529413664477,False,0.4,0.2,0.2,0.2,0.020774811330619168,0.0567235802595709,False,0.1394112560562953,0.6011324548679973,False,0.14934601619238905,0.3889156897965232,False,0.11429581796822479,0.32548945162248777,False
soh40,44,130,0.1204798192063612,0.27910092393682295,0.13923621709454095,0.33387281948112196,False,0.4,0.2,0.2,0.2,0.0454542276536421,0.060013341759626956,False,0.16065153431846801,0.5696105070097305,False,0.175701269652313,0.3791357893354182,False,0.1751378367537407,0.32673163981971226,False
soh40,44,131,0.08994745089368739,0.2930311524845064,0.10728813584572655,0.3524072586966192,False,0.4,0.2,0.2,0.2,0.0205847110855307,0.05552672763605492,False,0.14074755132703018,0.6071597819894838,False,0.15445312729356245,0.41084695174303015,False,0.11336715367678286,0.33609557341790786,False
soh40,44,132,0.10171770603998127,0.3407098552906399,0.1196590825146931,0.4065815626682824,False,0.4,0.2,0.2,0.2,0.02995220014113393,0.07722302578006987,False,0.14815556237004046,0.6922247616674712,False,0.16727969930986583,0.47341302371731114,False,0.13324886823773216,0.3834654395082773,False
soh40,44,133,0.0975905646321261,0.2960031327990675,0.11566818120652511,0.3514511617781887,False,0.4,0.2,0.2,0.2,0.025280098334530033,0.07421101688258237,False,0.151689883951168,0.5870467041991532,False,0.15959236766131282,0.3845952385077224,False,0.12611037487908963,0.3599516875232969,False
soh40,44,134,0.09394861493998623,0.27706166950936684,0.11123776733539188,0.3329604524947625,False,0.4,0.2,0.2,0.2,0.024792005358363643,0.05346653756778406,False,0.14525775089114554,0.5726371609915395,False,0.1591328750839354,0.3741890940023987,False,0.11576843800812292,0.3315490174173279,False
soh40,44,135,0.09100396701734852,0.31171236857109563,0.10811823717701893,0.37434893411535697,False,0.4,0.2,0.2,0.2,0.02254688637866689,0.061166106394050346,False,0.14045873689648955,0.6531014789944968,False,0.15412681859772623,0.4411434453766709,False,0.11534050683519302,0.3419847056962098,False
soh40,44,136,0.09450726511824688,0.2908560811917718,0.11243155775226524,0.35029910103960354,False,0.4,0.2,0.2,0.2,0.02281009458217345,0.05308400180044491,False,0.14650841579610122,0.6314036653197551,False,0.16054937491986368,0.3866579713534301,False,0.11985834571092256,0.330050765684784,False
soh40,44,137,0.09874418938033695,0.27944516852449697,0.11583668193463222,0.3351900236022289,False,0.4,0.2,0.2,0.2,0.030374219163155906,0.0564657482135692,False,0.1460173458001281,0.6007207238288224,False,0.16212808519115518,0.3563145500263536,False,0.12482707758408966,0.3272590723401703,False
soh40,44,138,0.08806855819285372,0.29016463479252935,0.10507805912813993,0.3480598194092131,False,0.4,0.2,0.2,0.2,0.020030554451708916,0.05858389632579423,False,0.13706696996603798,0.5698338500719836,False,0.15177036979006783,0.42249356861788495,False,0.11144434230474498,0.34132796262118964,False
soh40,44,139,0.0898604817401892,0.3133174784098301,0.10745949834498861,0.37663241278294296,False,0.4,0.2,0.2,0.2,0.019464415320991576,0.060057740917378685,False,0.13878076698955102,0.6070525214928665,False,0.1616499773515917,0.48329079733821073,False,0.10994283371782008,0.3561285913833159,False
soh40,44,140,0.10148451616761534,0.29550518613014154,0.11926576485587206,0.34875774687179034,False,0.4,0.2,0.2,0.2,0.030359521414588437,0.08249494316354619,False,0.14576475537906708,0.5873791424428436,False,0.1573294731206795,0.36647450824003985,False,0.1436093095091532,0.3586823936407318,False
soh40,44,141,0.09594760998299288,0.3334134592746392,0.11412397759999479,0.398955933411505,False,0.4,0.2,0.2,0.2,0.02324213951498528,0.07124356272717618,False,0.14303596510012764,0.6540846499249229,False,0.16521988267827634,0.5118398930637397,False,0.1249979231065899,0.3586556279301811,False
soh40,44,142,0.09024547724334658,0.28824857222615574,0.10730306058719404,0.3458736506191735,False,0.4,0.2,0.2,0.2,0.022015143867956794,0.05774825865408445,False,0.13889762247976337,0.5908922273921929,False,0.154238528280359,0.40736871510588807,False,0.11406094772069697,0.32748540132452875,False
soh40,44,143,0.11528537230763905,0.3642677776382635,0.13452873214877017,0.43211510637661965,False,0.4,0.2,0.2,0.2,0.038311932943114524,0.09287846268483879,False,0.15456424702372237,0.6913677450013737,False,0.19359587641510043,0.5750774283109531,False,0.15164287221314335,0.36913678950931317,False
soh40,44,144,0.0956787281597147,0.25688016822741855,0.11323402286392828,0.3051682193525116,False,0.4,0.2,0.2,0.2,0.025457549342860326,0.06372796372704635,False,0.14571376714763484,0.4622438305167084,False,0.16160158499993835,0.35179186297790715,False,0.12016318996527962,0.3429092201883845,False
soh40,44,145,0.10668490823206811,0.30943608888726415,0.12429744626170967,0.3693198259103268,False,0.4,0.2,0.2,0.2,0.0362347561135018,0.06990114079501333,False,0.1519584007901155,0.639322097867601,False,0.16192862422499585,0.4170853255808171,False,0.14706800391822555,0.3509707393978759,False
soh40,44,146,0.10033526484173579,0.3167055104059815,0.11761430173098394,0.3783749356352745,False,0.4,0.2,0.2,0.2,0.031219117284743147,0.07002780948880936,False,0.14999400464914522,0.6634578444728023,False,0.15594027524132595,0.40901823991516606,False,0.13330380974872147,0.3709958486643204,False
soh40,44,147,0.10638458111888545,0.31224545737623854,0.12358744919547673,0.3729251320205432,False,0.4,0.2,0.2,0.2,0.037573108812520295,0.0695267587990199,False,0.1541057897320769,0.5970200735707732,False,0.17005239347543089,0.48478254534307963,False,0.13261850476187886,0.34037115036930005,False
soh40,44,148,0.08951882747163262,0.3074143290621818,0.10655314564777714,0.3692726648323622,False,0.4,0.2,0.2,0.2,0.02138155476705452,0.05998098598146007,False,0.1392167534740142,0.6233188818772885,False,0.15428617215495422,0.44719251227427376,False,0.11132810219508565,0.34659827919642655,False
soh40,44,149,0.09906186500821743,0.289256752904752,0.11692377724015711,0.3475638481681275,False,0.4,0.2,0.2,0.2,0.02761421608045866,0.056028371851249766,False,0.1504028756491156,0.6112033996384129,False,0.155286867467884,0.39914897733914095,False,0.13439114976317018,0.3238746438437065,False
soh40,44,150,0.09518850287929878,0.30477996429660825,0.11280435461066043,0.3614976556776325,False,0.4,0.2,0.2,0.2,0.02472509595385214,0.0779091987725111,False,0.143965165704284,0.5938437236736785,False,0.16682484397688369,0.4293297418272379,False,0.11570231280762189,0.3449079584371024,False
soh40,44,151,0.13026048342268545,0.31202623208820085,0.1493152970746439,0.37250134905269433,False,0.4,0.2,0.2,0.2,0.05404122881485164,0.07012576423022682,False,0.17221928333710515,0.6364651028846131,False,0.17896438661518108,0.41089580793287067,False,0.19203628953143773,0.3725187211630668,False
soh40,44,152,0.1039170769040478,0.2693667525179937,0.12246251756629833,0.32138348358646207,False,0.4,0.2,0.2,0.2,0.029735314255045667,0.061299828244119975,False,0.155581524428251,0.5407994108555045,False,0.160495325146688,0.34695801300990664,False,0.1440379064352087,0.33647668223631727,False
soh40,44,153,0.09065951653311134,0.2894980939226448,0.10807251628244663,0.34440649871463613,False,0.4,0.2,0.2,0.2,0.021007517535770175,0.06986447475467925,False,0.14411926359096275,0.5865455390695772,False,0.15094380134345495,0.3695631215713526,False,0.11621948265959865,0.3516528594629356,False
soh40,44,154,0.08631892986611853,0.3019326870194012,0.10334488881592364,0.3641823267762481,False,0.4,0.2,0.2,0.2,0.018215094066897978,0.05293412799201343,False,0.13853837569574348,0.6596421844596819,False,0.1482800217977284,0.4152818986937176,False,0.10834606370332474,0.32887109595957953,False
soh40,44,155,0.08697040083708352,0.2785610051055146,0.10390496055243365,0.3357701433606419,False,0.4,0.2,0.2,0.2,0.019232161975682956,0.04972445208500519,False,0.13894810221889684,0.5814476712364941,False,0.14810911783469352,0.3867656505822244,False,0.10933046018046126,0.32514279953884406,False
soh40,44,156,0.10213893577128384,0.2816044316993147,0.12041984039201001,0.3345774468980957,False,0.4,0.2,0.2,0.2,0.02901531728837918,0.06971237090419066,False,0.14922556089908426,0.5579892540405819,False,0.17016818902853315,0.36473828836402405,False,0.13327029435204343,0.34586987428358623,False
soh40,44,157,0.11646475364508513,0.2898463599807042,0.13468751528635936,0.3493402698198294,False,0.4,0.2,0.2,0.2,0.04357370707998825,0.051870720624203406,False,0.15879743186016368,0.6380585985054353,False,0.17597658597241925,0.3822811227099563,False,0.16040233623286623,0.3251506374397226,False
soh40,44,158,0.10312931873400598,0.27091233757955124,0.12035449687923702,0.327681931919666,False,0.4,0.2,0.2,0.2,0.0342286061530818,0.04383396021909224,False,0.14754971891845553,0.6048405114041179,False,0.16518062942289063,0.37213647249137494,False,0.13445903302252013,0.2899167835640788,True
soh40,44,159,0.08722829314238818,0.2926769571937983,0.1042911252081105,0.3517506740064169,False,0.4,0.2,0.2,0.2,0.01897696487949887,0.05638208994332397,False,0.13834586166432594,0.6216796032231219,False,0.14840614968108787,0.40881805380604314,False,0.11143552460752933,0.3201229490531787,False
soh40,44,160,0.08546631515947314,0.2896251733479856,0.10228022707309334,0.3473488164790298,False,0.4,0.2,0.2,0.2,0.018210667504992353,0.058730600823808654,False,0.13473536859031854,0.6192904106664422,False,0.15035930119688384,0.3849110808370775,False,0.10581557100017862,0.3264631735887909,False
soh40,44,161,0.10053242188742928,0.24825927396812716,0.11848513812911854,0.29554321524021254,False,0.4,0.2,0.2,0.2,0.028721556920672218,0.05912350887978545,False,0.144740820679234,0.4574403749034419,False,0.16405011603851707,0.32469310491753706,False,0.13642805887805085,0.34091587226008585,False
soh40,44,162,0.09402514470472587,0.2760623046779066,0.11199403386116459,0.32897252287342593,False,0.4,0.2,0.2,0.2,0.022149588078970942,0.0644214318958294,False,0.14526371287068562,0.5631332872825184,False,0.16123977596300337,0.3637910844804362,False,0.11932305853199841,0.3245442878349197,False
soh40,44,163,0.0880633878686806,0.2753638999586355,0.10504950196193112,0.3289258815318857,False,0.4,0.2,0.2,0.2,0.020118931495678522,0.06111597366563503,False,0.1375943396515957,0.5352380146453103,False,0.1529767545759756,0.38237443330105575,False,0.10950798212447467,0.3369751045155415,False
soh40,44,164,0.09024069455212852,0.30089643938658167,0.10752501954613584,0.3618346851667257,False,0.4,0.2,0.2,0.2,0.02110339457609921,0.057143456266005595,False,0.14118268192207817,0.6112007965689074,False,0.1557747707614169,0.45319598907541087,False,0.11203923092494911,0.325798498756579,False
soh40,44,165,0.09202424069021667,0.2698762178296109,0.10926009099325804,0.322363269187405,False,0.4,0.2,0.2,0.2,0.02308083947805112,0.05992801239843455,False,0.13912111423893167,0.5314536288512484,False,0.15932625484471696,0.3745925794525247,False,0.1155121554113324,0.3234788560474123,False
soh40,44,166,0.10011421746794344,0.2744976649720299,0.11775514331355921,0.32880305319621267,False,0.4,0.2,0.2,0.2,0.029550514085480307,0.05727611207529858,False,0.14917307571578595,0.5921373928293837,False,0.15995716568456653,0.3501449579286557,False,0.13233981776840412,0.31565374995151263,False
soh40,44,167,0.09018503177661527,0.29410420276596283,0.10762785748173348,0.35385459506605993,False,0.4,0.2,0.2,0.2,0.020413728956142425,0.05510263356557425,False,0.13802793643591488,0.6394797811982984,False,0.15398734918466683,0.3897523652292368,False,0.1180824153502098,0.3310836002711303,False
soh40,44,168,0.0865765914085558,0.2834562774995815,0.10353415582207605,0.34005895420618215,False,0.4,0.2,0.2,0.2,0.018746333754474723,0.05704557067317905,False,0.13796512828861227,0.6005283320577918,False,0.14769400346027103,0.3752278155981015,False,0.10973115778494619,0.32743409849565636,False
soh40,44,169,0.08971580957692,0.3062353507574427,0.10673852692023417,0.3667162205178276,False,0.4,0.2,0.2,0.2,0.021624940203663293,0.06431187171590293,False,0.13825591933525605,0.6351983571990402,False,0.15474621588462165,0.42090378999001005,False,0.11232703225739572,0.34645086316635726,False
soh40,44,170,0.09720492157780462,0.2745282310029403,0.1154748801348542,0.32914356973076897,False,0.4,0.2,0.2,0.2,0.02412508734960628,0.05606687609162576,False,0.14569643965737852,0.5566820641414806,False,0.17081894958678948,0.38080136278790583,False,0.1212590439456425,0.3230239759020636,False
soh40,44,171,0.08971417425782278,0.3087147989647332,0.10649080043280665,0.3717472629316256,False,0.4,0.2,0.2,0.2,0.022607669557887292,0.05658494309716355,False,0.14164263539332014,0.6701088404511698,False,0.1510867603923014,0.429287681256739,False,0.11062613638771779,0.33100758692142995,False
soh40,44,172,0.09443442341389258,0.3253396959701071,0.1124139031478947,0.3887540941899398,False,0.4,0.2,0.2,0.2,0.022516504477884062,0.07168210309077606,False,0.1477277959680927,0.6818636214561359,False,0.16495107126124978,0.45206146234283656,False,0.11446024088435225,0.3494091898700107,False
soh40,44,173,0.0870865825395917,0.2824311237892172,0.10414830289487888,0.3395069850439432,False,0.4,0.2,0.2,0.2,0.018839701118442905,0.05412767877031309,False,0.13546309526110814,0.594250708515619,False,0.1507467103550213,0.3829114329634124,False,0.1115437048449432,0.3267381199264283,False
soh40,44,174,0.09301895953950935,0.27875342564660455,0.11029069796636656,0.3334154806425904,False,0.4,0.2,0.2,0.2,0.02393200583208046,0.06010520566266109,False,0.14187023740382923,0.5891115521324212,False,0.16273794770279087,0.3584809828939807,False,0.1126226009267657,0.3259641818812987,False
soh40,44,175,0.09399420517006753,0.2679253034355793,0.11100253774324403,0.3206967004649698,False,0.4,0.2,0.2,0.2,0.025960874877361456,0.05683971531801713,False,0.14507021278256163,0.5445047473503076,False,0.15287036797095507,0.35923383498996636,False,0.12010869534209802,0.32220850420158814,False
soh40,44,176,0.08768094253623691,0.2518053346537282,0.10494006017711079,0.30019560150238034,False,0.4,0.2,0.2,0.2,0.018644471972741376,0.0582442672591195,False,0.13850584708624739,0.4893399675867489,False,0.15264363925157626,0.31892253168507473,False,0.10996628239787813,0.33427563947857825,False
soh40,44,177,0.08843085340316315,0.2712424480569475,0.10568042895434995,0.3251412999657171,False,0.4,0.2,0.2,0.2,0.019432551198415932,0.0556470404218691,False,0.13830899339250666,0.5412660886418867,False,0.1505328157659784,0.37332715610864126,False,0.11444735546049878,0.3303249146904715,False
soh40,44,178,0.08869310908414753,0.3027506966117569,0.10553831152197451,0.36181762385250343,False,0.4,0.2,0.2,0.2,0.021312299332839582,0.06648298764877089,False,0.13736069240674484,0.6175310252092859,False,0.1526102079592764,0.4213462616535422,False,0.11087004638903719,0.34191022089841466,False
soh40,44,179,0.08893770717890041,0.2800596010101312,0.10599730364320913,0.33662965981439014,False,0.4,0.2,0.2,0.2,0.020699321321665572,0.05377936579309561,False,0.1377154950009927,0.6039663050612397,False,0.14921323393797684,0.363397024630316,False,0.11636116431220138,0.3253759437729092,False
soh40,44,180,0.0904154301618647,0.2721041554182812,0.10732130802398718,0.3263808915787671,False,0.4,0.2,0.2,0.2,0.0227919187133748,0.054997210776337686,False,0.1383998238652512,0.5753982478849363,False,0.15490895346798247,0.34810525314772117,False,0.11318453604934019,0.3270228545060732,False
soh40,44,181,0.09393406291885803,0.27913085029593004,0.11096597365355124,0.3330360423000507,False,0.4,0.2,0.2,0.2,0.025806419980085205,0.06351008227944734,False,0.14336601049990225,0.582475565454159,False,0.15058672861187256,0.3385236576205943,False,0.12410473552234491,0.34763486384600206,False
soh40,44,182,0.08506605770325162,0.3038784454707343,0.10152589273393485,0.3659160621265332,False,0.4,0.2,0.2,0.2,0.0192267175805187,0.05572797884753824,False,0.13680926916034153,0.6345560457866203,False,0.1488114074623257,0.43776244515914264,False,0.10125617673255345,0.3356177787128318,False
soh40,44,183,0.08885202936040129,0.2814816384894065,0.10590392914663951,0.3384788907027355,False,0.4,0.2,0.2,0.2,0.02064443021544832,0.053492629636090326,False,0.14034239818408611,0.612746656759475,False,0.15043447857563763,0.3611538204858975,False,0.112194409611386,0.32652245592947915,False
soh40,44,184,0.08711663849208419,0.29024373574572315,0.10401402162335492,0.34743027425980905,False,0.4,0.2,0.2,0.2,0.01952710596700122,0.06149758168937937,False,0.13686694301156296,0.6113099619617424,False,0.15124576013082958,0.38101287873531503,False,0.10841627738402594,0.3359006746527995,False
soh40,44,185,0.09131785238277089,0.2647541816372298,0.1083340931823247,0.3163611634369328,False,0.4,0.2,0.2,0.2,0.02325288918455562,0.05832625443841755,False,0.13753859410728497,0.5484287071904609,False,0.15545410281186803,0.35004602844968574,False,0.1170907866255902,0.3086436636691672,False
soh40,44,186,0.09313942414002839,0.2571567805354746,0.11043233985383369,0.3075970831577852,False,0.4,0.2,0.2,0.2,0.023967761284807206,0.05539557004623183,False,0.1412643024894107,0.5194000608995238,False,0.15392813757578397,0.3259148423598865,False,0.12256915806533286,0.32967785932549887,False
soh40,44,187,0.09310475677769801,0.300309945771436,0.11052477902895035,0.36015155870670595,False,0.4,0.2,0.2,0.2,0.023424667772688645,0.060943494030356045,False,0.14358952570084516,0.6555769965113769,False,0.15585723452446695,0.37717530086938117,False,0.11922768811780066,0.34691044341570976,False
soh40,44,188,0.10742104092299029,0.23718132449994025,0.12672419355444944,0.2874491097190197,False,0.4,0.2,0.2,0.2,0.03020843039715374,0.03611018362362219,True,0.1511644594203812,0.5093757562751652,False,0.17682909055832996,0.32681544531997303,False,0.14869479384193282,0.2774950536573185,True
soh40,44,189,0.10446581208144912,0.254158558431588,0.12272179677246718,0.30324733967267153,False,0.4,0.2,0.2,0.2,0.0314418733173768,0.05780343346725418,False,0.15268532599537596,0.4779414259819887,False,0.16357442579919204,0.33664225532778874,False,0.14318556197792393,0.3406022439136544,False
soh40,44,190,0.1079683226485087,0.28294585016647356,0.1260943427458297,0.3375044898920442,False,0.4,0.2,0.2,0.2,0.0354642422592246,0.06471129126419113,False,0.15093888626861116,0.5807491342268187,False,0.16286629947084183,0.3640615715185136,False,0.15510794298464128,0.3404959625586533,False
soh40,44,191,0.09432133855703499,0.298921191737339,0.11224433063317711,0.3609152887455067,False,0.4,0.2,0.2,0.2,0.022629370252466485,0.05094480370466803,False,0.14467299972974498,0.6648442375540458,False,0.15725982021265442,0.3984218090730531,False,0.12441513233784258,0.32945030465025993,False
soh40,44,192,0.08981654122407626,0.2855786752133125,0.10663865723224628,0.34148810772484167,False,0.4,0.2,0.2,0.2,0.02252807719139621,0.06194094516719576,False,0.1376636805770555,0.5944795207330067,False,0.1500344864779943,0.36871795501208093,False,0.11632838468253909,0.34081400998708333,False
soh40,44,193,0.08671102857880426,0.24667604342097305,0.10334456878692432,0.29669724568841305,False,0.4,0.2,0.2,0.2,0.020176867746324014,0.04659123435121289,False,0.13526589657778657,0.5069665558133778,False,0.14750961406621754,0.3194367039271088,False,0.11042589675736914,0.3137944886619527,False
soh40,44,194,0.08614816059905156,0.26923561669679896,0.10285883162670882,0.3208414809237655,False,0.4,0.2,0.2,0.2,0.019305476488422534,0.06281215978893269,False,0.13648318986342758,0.5485691565302254,False,0.15099573628020382,0.3424914169781889,False,0.10465092387478132,0.3294931903977151,False
soh40,44,195,0.08696161446696356,0.2555760807129428,0.10362096476560373,0.30602290983140906,False,0.4,0.2,0.2,0.2,0.02032421327240288,0.053788764239077844,False,0.13620082999965985,0.529314513285564,False,0.14804830850915704,0.3269997275459815,False,0.10991050728119511,0.3139886342550129,False
soh40,44,196,0.0955356099448431,0.286033590827529,0.11256996301899114,0.343040323240421,False,0.4,0.2,0.2,0.2,0.027398197648250903,0.05800666117596122,False,0.14352355270720926,0.6371524803512528,False,0.15129866366284864,0.3525354314753643,False,0.12805943805765577,0.32446671995910553,False
soh40,44,197,0.09930233690269337,0.28591460078095904,0.11698658636288614,0.34367624499585986,False,0.4,0.2,0.2,0.2,0.02856533906192226,0.054868023921355744,False,0.14473803573984323,0.6049707150718869,False,0.167030258309416,0.38581903234183607,False,0.12761271234036306,0.32904720864836073,False
soh40,44,198,0.0885666631155704,0.26759535192442974,0.10571927525431836,0.3212835028732582,False,0.4,0.2,0.2,0.2,0.019956214560578594,0.05284274812911573,False,0.13853208103153614,0.5548299631054231,False,0.1574406493390558,0.3451529837754772,False,0.1069481560861029,0.3323083164830167,False
soh40,44,199,0.09757111909397817,0.25536723810607315,0.11522267869398828,0.306268280684364,False,0.4,0.2,0.2,0.2,0.02696488069393763,0.05176306779290974,False,0.14552173457392817,0.5170442592294392,False,0.15879087508151427,0.326843755747071,False,0.1296132244265731,0.32942203996803604,False
soh40,44,200,0.09713783272581476,0.31194600489350455,0.11408514764134448,0.3753068185032926,False,0.4,0.2,0.2,0.2,0.02934857306369594,0.05850275045435234,False,0.1458414477469531,0.6777652748432555,False,0.1618096937891978,0.41772933853878214,False,0.11934087596553104,0.3472299101767804,False
soh40,45,1,0.2651528923700512,0.43742106197038494,0.2978038018682566,0.5060172754283899,True,0.4,0.2,0.2,0.2,0.13454925437722937,0.16303620813836503,True,0.2849381326052138,0.7108219017260778,True,0.37699193213500354,0.6155754027162349,True,0.3947358883555798,0.5346355891328818,True
soh40,45,2,0.19566316990726446,0.380006954799395,0.2233204279663123,0.44613173772354775,True,0.4,0.2,0.2,0.2,0.08503413767107301,0.11550782310278394,True,0.2244718072745285,0.5855644535585446,True,0.2795342608322791,0.5756568271440327,True,0.3042415060873686,0.5077978470888297,True
soh40,45,3,0.17958480988396303,0.29973149389186937,0.20552265474182413,0.3521150075447964,True,0.4,0.2,0.2,0.2,0.07583343045251846,0.09019743928016133,True,0.21430346475777715,0.4723277068276784,True,0.2496540489086425,0.4048598753763801,True,0.28229967484835844,0.44107500869496574,True
soh40,45,4,0.19375734791559246,0.34769951311228536,0.21869819938082125,0.40171946392630653,False,0.4,0.2,0.2,0.2,0.09399394205467737,0.13161970985620045,False,0.21525273539052425,0.5217764045272855,False,0.26197890065570667,0.42826071411321726,False,0.30356721942237663,0.525221027208523,False
soh40,45,5,0.1829256123043764,0.29232271794320897,0.207303009190493,0.34469981806514505,True,0.4,0.2,0.2,0.2,0.08541602475991002,0.08281431745546462,True,0.21875309441376742,0.5115277726451137,False,0.25271514277391094,0.39392631103656517,True,0.2723277748143835,0.3905308711234367,True
soh40,45,6,0.15725291702453834,0.27609731699039874,0.1802948617269683,0.327462494935995,True,0.4,0.2,0.2,0.2,0.06508513821481837,0.07063660520801371,True,0.19780027095022323,0.4946711952062223,False,0.2170130555968538,0.36304939343281645,True,0.24128098214597782,0.3814927858969274,True
soh40,45,7,0.15233571308539615,0.27487231512736515,0.17521163807213466,0.32775319128963654,True,0.4,0.2,0.2,0.2,0.06083201313844206,0.0633488104782796,True,0.19850339577201467,0.5274232413872745,False,0.2077513424131832,0.367217189181597,False,0.23375980096489868,0.35302352411139504,True
soh40,45,8,0.15186962489682432,0.2679005252173754,0.17499278636966922,0.31402095723418944,True,0.4,0.2,0.2,0.2,0.05937697900544458,0.0834187971501192,False,0.1913279527866036,0.4492340340482311,True,0.22689587827425065,0.3580041396191802,True,0.22237033541237805,0.3654268581192272,False
soh40,45,9,0.13861737004479385,0.24582301931011163,0.16009285629654701,0.29230699926710413,True,0.4,0.2,0.2,0.2,0.05271542503778111,0.05988709948214159,True,0.18234989327954546,0.445132683616491,True,0.19780727125434638,0.329949921148615,True,0.20749883561451513,0.334258292821169,True
soh40,45,10,0.17081211256955614,0.23806277710224372,0.1956289973570287,0.28314832013277963,True,0.4,0.2,0.2,0.2,0.07154457341966575,0.057720604980099954,True,0.204174531769306,0.38810813489831714,True,0.24086056944659137,0.3320966372409615,False,0.2659363147925518,0.3546679034117399,False
soh40,45,11,0.14229620434383933,0.2521612487493859,0.16378593860263946,0.3003361293960501,False,0.4,0.2,0.2,0.2,0.056337267308638674,0.05946172616272895,False,0.1859117636550374,0.4623381576896162,False,0.2004446779888169,0.33424564293665604,False,0.2124500454580649,0.3452989907951991,False
soh40,45,12,0.17842669910218223,0.250512589419775,0.1985285005982237,0.29532148199461494,False,0.4,0.2,0.2,0.2,0.09801949311801633,0.07127701912041517,False,0.21505834449500152,0.43865162316743095,False,0.21699769073152078,0.33006114867842934,False,0.2640384740483562,0.34129613701218425,False
soh40,45,13,0.13981107405722787,0.25748470268901996,0.16145256855983076,0.3054353555158713,False,0.4,0.2,0.2,0.2,0.053245096046816265,0.06568209138161467,False,0.18377778545821935,0.4660175915113833,False,0.19825331528512577,0.3415012010852932,False,0.21053407744916167,0.348540538085194,False
soh40,45,14,0.14367011888595527,0.24586531872996273,0.16412492800927872,0.2875060933659339,False,0.4,0.2,0.2,0.2,0.061850882392661434,0.07930222018607794,False,0.1848138800922954,0.38839232264777923,False,0.1995632268340206,0.32204556577586635,True,0.2102717227181374,0.36028426485401216,False
soh40,45,15,0.1440624239241387,0.22858735434517158,0.16630705963812364,0.2729573369556248,True,0.4,0.2,0.2,0.2,0.05508388106819887,0.051107423903358665,True,0.18442977532993546,0.42515455840585736,False,0.207233076080501,0.3052371235805857,True,0.2184815060738592,0.3103302419326975,True
soh40,45,16,0.14030012016447108,0.24855950742933217,0.16182729097217075,0.2944407642233214,False,0.4,0.2,0.2,0.2,0.05419143693367231,0.06503448025337519,False,0.18727285502541116,0.4374917257475582,False,0.20886351230905928,0.32878465934048723,False,0.19698135962054023,0.346452191551865,False
soh40,45,17,0.13567589632665428,0.23394297421703314,0.15466898526816153,0.2786947430148604,False,0.4,0.2,0.2,0.2,0.05970354056062524,0.054935899025724017,False,0.18058172342620885,0.4062572720447892,False,0.18989169099371347,0.32058278356491443,False,0.1884989860920986,0.333003017424014,False
soh40,45,18,0.12488139709953314,0.22748009978259667,0.14509995098177053,0.2716747947304254,True,0.4,0.2,0.2,0.2,0.04400718157058349,0.050701319991281746,True,0.1733503550788962,0.4106944954995308,False,0.18557273042182176,0.30533211558378465,False,0.17746953685578068,0.31997124784710435,False
soh40,45,19,0.14604547264586412,0.2498650569920811,0.1658304213935532,0.29353224389205496,False,0.4,0.2,0.2,0.2,0.06690567765510784,0.07519630939218573,False,0.18749539354409883,0.42169856259499694,False,0.2025623470721423,0.3283413418371206,False,0.2063582673028638,0.3488927617439166,False
soh40,45,20,0.1426087133227591,0.249740296766844,0.16443518818781266,0.29417670583752836,False,0.4,0.2,0.2,0.2,0.055302813862544854,0.07199466048410652,False,0.18121497327359762,0.41904296980571426,False,0.2041445908828273,0.33512725080436523,False,0.21707837473228084,0.3505419422559275,False
soh40,45,21,0.12779609244869802,0.2410447494881002,0.1482680017927921,0.2863635069228605,False,0.4,0.2,0.2,0.2,0.0459084550723217,0.05976971974905884,False,0.17365256696402184,0.4243890233103638,False,0.18772374185706275,0.31689148792058397,False,0.1857872432777621,0.34440379671143545,False
soh40,45,22,0.1275147791157802,0.2278248331394079,0.14812341770591506,0.27350628804386184,False,0.4,0.2,0.2,0.2,0.0450802247552408,0.04509901352159206,True,0.17272905113628145,0.4104620248728495,False,0.1941314593064828,0.3197820516219112,False,0.1805529356256552,0.3186820621590946,False
soh40,45,23,0.1349120269329562,0.22281374925043523,0.15517229944846078,0.2659650433393478,True,0.4,0.2,0.2,0.2,0.05387093687093786,0.05020857289478498,False,0.17767209299932174,0.3998467623751629,False,0.18649152681593492,0.30350346117821875,True,0.20265464110764866,0.3103013769092245,True
soh40,45,24,0.1331107724251767,0.2503130565222754,0.1527937272359697,0.29899782153776183,False,0.4,0.2,0.2,0.2,0.05437895318200461,0.05557399646032973,False,0.17825125896623017,0.4571794797837369,False,0.1959734465816154,0.3475350797539958,False,0.18257125021402862,0.33570273015298485,False
soh40,45,25,0.12829976752922062,0.23441126543272833,0.149267007193918,0.2793352026148887,False,0.4,0.2,0.2,0.2,0.04443080887043104,0.05471551670408681,False,0.17077244058253213,0.4028745668937257,False,0.18582018644184686,0.31292388852336445,False,0.19604459288086196,0.34682683833837785,False
soh40,45,26,0.16020950800462122,0.23313553088963365,0.18050052559203525,0.27853761888710227,False,0.4,0.2,0.2,0.2,0.07904543765496506,0.05152717889975925,False,0.20463396321087,0.41933782888773957,False,0.2117377666172666,0.33590215047607264,False,0.2265849348850394,0.3073833172848375,True
soh40,45,27,0.12047293769791403,0.2358782861582594,0.140687317740561,0.28193710123805504,False,0.4,0.2,0.2,0.2,0.03961541752732622,0.051643025839076664,False,0.16528392629935548,0.4059628373793455,False,0.18471223290720984,0.3215002319424441,False,0.17313769422835246,0.34864230979135397,False
soh40,45,28,0.12278770947500013,0.2495794145419933,0.14312739397500096,0.29830599466660196,False,0.4,0.2,0.2,0.2,0.04142897147499681,0.054673094043558815,False,0.1675878101356655,0.4622423441012397,False,0.18257587964500943,0.33793069475779114,False,0.1809169146443321,0.3383778457638181,False
soh40,45,29,0.12671367830758343,0.2429485315251252,0.145389834475863,0.28857019588275284,False,0.4,0.2,0.2,0.2,0.052009053634465036,0.06046187409461445,False,0.17147223898012473,0.4439796497887907,False,0.1806313329970396,0.337882049024734,False,0.1774467122918227,0.31195721062287224,False
soh40,45,30,0.1220183018715537,0.2738875569920353,0.14313290618702018,0.33075468481098064,False,0.4,0.2,0.2,0.2,0.03755988460968768,0.046419045716254013,False,0.1685962603090132,0.5162826370435291,False,0.19952612260995017,0.4349929319709213,False,0.1668493572194297,0.32532412451321807,False
soh40,45,31,0.12680653335978065,0.2388288898416716,0.14631262200188028,0.2864088655606477,False,0.4,0.2,0.2,0.2,0.04878217879138218,0.048508986965767206,False,0.1664920890062094,0.4247358208014956,False,0.1776284417473327,0.35608546173240474,False,0.19234777846259685,0.3163051927429232,False
soh40,45,32,0.12301230278064974,0.22447696188854482,0.14310690282408356,0.26904546038708066,False,0.4,0.2,0.2,0.2,0.042633902606914485,0.04620296789440143,False,0.1663854931535668,0.3922451603432247,False,0.18286776108833783,0.3166241857881392,False,0.1805404544475151,0.3211095275225572,False
soh40,45,33,0.12148705822776312,0.24367074038879646,0.14122521915461164,0.2886706042529895,False,0.4,0.2,0.2,0.2,0.042534414520369,0.06367128493202417,False,0.16436734174685316,0.42005100835988896,False,0.17838264181688815,0.33424399723560066,False,0.1796164785343363,0.33671612648444427,False
soh40,45,34,0.12547615448511165,0.22559504119968585,0.1451564329472537,0.2697555035617474,False,0.4,0.2,0.2,0.2,0.04675504063654352,0.048953191751439765,False,0.17256347542367867,0.38453300297930243,True,0.18766161869015074,0.31580785271631107,False,0.17364559703864182,0.32972796679993616,False
soh40,45,35,0.11851607473991499,0.24414436666845057,0.13877694143153305,0.29500429382949805,False,0.4,0.2,0.2,0.2,0.03747260797344273,0.04070465802426065,True,0.1640563598185269,0.4403894417859348,False,0.1854786853581487,0.36427679381669803,False,0.1681001125760139,0.33464628169109867,False
soh40,45,36,0.12282669868762655,0.24483761408975205,0.14288470076712514,0.2938379176668451,False,0.4,0.2,0.2,0.2,0.04259469036963216,0.04883639978137982,False,0.169102719974504,0.4540158616843037,False,0.18078680196641453,0.3427789254950973,False,0.1790545907579499,0.3297204837065995,False
soh40,45,37,0.12860194995276764,0.26464134035655845,0.14910287095166677,0.3183029552708683,False,0.4,0.2,0.2,0.2,0.046598265957171085,0.04999488069931906,False,0.17483762557097748,0.4454369601271557,False,0.18778377337298988,0.4397260550991026,False,0.18719181890552863,0.33805392515789584,False
soh40,45,38,0.12287297564079584,0.2282277624444841,0.14200134737876907,0.27348628163380495,False,0.4,0.2,0.2,0.2,0.046359488688902925,0.04719368568720054,False,0.16877785206734108,0.4208309553910193,False,0.1861441910056246,0.3086366455717631,False,0.16672385775320764,0.31728383988523684,False
soh40,45,39,0.11517715032815158,0.23587813137658453,0.1350159709394633,0.28145378096217616,False,0.4,0.2,0.2,0.2,0.03582186788290475,0.05357553303421804,False,0.15804209637900155,0.39215108598439036,False,0.1760896295498936,0.3393101589777596,False,0.17011028994605326,0.3407783458523365,False
soh40,45,40,0.12562795442448324,0.24231118357677434,0.14558638296260315,0.2898134246318942,False,0.4,0.2,0.2,0.2,0.04579424027200357,0.052302219356294845,False,0.16765224302758872,0.3982605092378195,False,0.18309873161810455,0.33010656934837074,False,0.18580031693271573,0.3785844005850916,False
soh40,45,41,0.12856104327176449,0.23697123426471095,0.14667529829695192,0.28161781251703155,False,0.4,0.2,0.2,0.2,0.05610402317101471,0.05838492125542862,False,0.176543109552018,0.3917618380949475,False,0.1745015582074885,0.3349123485867505,False,0.17955250225728644,0.34141214213099946,False
soh40,45,42,0.1188710880523272,0.2525431833963834,0.13862819886072011,0.30158202480757795,False,0.4,0.2,0.2,0.2,0.03984264481875552,0.056387817751604986,False,0.1655008177953655,0.432546625471172,False,0.1852367559917033,0.37275572146189523,False,0.16393257683705614,0.3446379345456397,False
soh40,45,43,0.12198349182433534,0.2539895545766383,0.13956460062742412,0.3022646502083459,False,0.4,0.2,0.2,0.2,0.0516590566119801,0.060889172049807636,False,0.16763093602708237,0.4419912530087946,False,0.1717547240919297,0.3706966940635552,False,0.16721368577870435,0.3354814817112264,False
soh40,45,44,0.11859378948738764,0.2708129453665982,0.13793308570890284,0.32476587635959503,False,0.4,0.2,0.2,0.2,0.04123660460132677,0.05500122139461091,False,0.16577259390300045,0.4801005400004584,False,0.17984472037583754,0.4257339540972589,False,0.16487842395544663,0.33822778994605196,False
soh40,45,45,0.12019747735938072,0.23555713801501477,0.13890531720824648,0.2798546047493692,False,0.4,0.2,0.2,0.2,0.04536611796391766,0.05836727107759689,False,0.16211768960678097,0.40613783749161936,False,0.17727397146648682,0.32806691091246915,False,0.1708634897958005,0.3268463995157914,False
soh40,45,46,0.11256784668637548,0.25120157046372715,0.13104458296230448,0.29880350472213896,False,0.4,0.2,0.2,0.2,0.03866090158265946,0.060793833430079894,False,0.1596450150786677,0.4428712318125376,False,0.16896477411822786,0.3458240958813727,False,0.15690764106966293,0.3457248577645655,False
soh40,45,47,0.11470920527699663,0.2604293085832623,0.13406796438247298,0.31439849331331376,False,0.4,0.2,0.2,0.2,0.037274168855091216,0.044552569663056436,False,0.16557596670272925,0.46153316857260385,False,0.17936495308412706,0.41372505819353034,False,0.15405676888794437,0.3377831768240644,False
soh40,45,48,0.107883387581119,0.24515048888694077,0.12617744090908745,0.2943094785142245,False,0.4,0.2,0.2,0.2,0.034707174269245224,0.04851453037780577,False,0.1542790952615968,0.409186985829135,False,0.16511313318860701,0.3879940336620012,False,0.15061036091690072,0.3315423641879561,False
soh40,45,49,0.12203227317300909,0.23004778331517445,0.141244108070335,0.27531630988859324,False,0.4,0.2,0.2,0.2,0.04518493358370549,0.04897367702149913,False,0.16614009619155815,0.3847736070277146,False,0.18664762280705838,0.348151206843651,False,0.16700377969901792,0.31936674866150827,False
soh40,45,50,0.11943035032616946,0.2285651725666088,0.13927097956059184,0.2749760529167582,False,0.4,0.2,0.2,0.2,0.04006783338847984,0.0429216511660112,False,0.16011661918632683,0.41792058175579433,False,0.1809389682412085,0.3160836137221682,False,0.17596049742635225,0.32297836502305904,False
soh40,45,51,0.1238061128608324,0.24971107461915526,0.1428115372728322,0.29864179319893164,False,0.4,0.2,0.2,0.2,0.047784415212833206,0.05398820030004957,False,0.16700953456167575,0.4617834357328567,False,0.1950168129809504,0.34501390838219054,False,0.16143538633586937,0.3337816283806299,False
soh40,45,52,0.1279890556303995,0.30204063009719484,0.1476512946838791,0.3627022398617603,False,0.4,0.2,0.2,0.2,0.04934009941648105,0.05939419103893268,False,0.1741199983293594,0.533198435510894,False,0.18762048221366767,0.5132128173304892,False,0.17952459877600835,0.3450035155667255,False
soh40,45,53,0.11246496209228883,0.24473478026561749,0.13142161531187166,0.292684848254706,False,0.4,0.2,0.2,0.2,0.036638349213957415,0.052934508309263474,False,0.15893288538978653,0.4521225683992409,False,0.1756831178975802,0.3350186537162545,False,0.1544321087461625,0.33066366259406493,False
soh40,45,54,0.10882120696383496,0.2667392212914318,0.12797330359619163,0.3183700945741703,False,0.4,0.2,0.2,0.2,0.03221282043440827,0.060215728160477835,False,0.15127957653971988,0.4324290154146291,False,0.16877376318017975,0.41641759491546404,False,0.15962705423045861,0.36441803980611026,False
soh40,45,55,0.1155212645107424,0.23350423220549785,0.13431844915327926,0.2818467648879139,False,0.4,0.2,0.2,0.2,0.04033252594059498,0.04013410147583377,True,0.16311768066246002,0.42423435784380764,False,0.1768175125771769,0.37166773979753415,False,0.15700607743288517,0.29135086043447983,True
soh40,45,56,0.10428160404841447,0.24424552995917428,0.12242015789085167,0.2909336978655853,False,0.4,0.2,0.2,0.2,0.03172738867866569,0.057492858333530024,False,0.15194127967282975,0.40770360775309117,False,0.16655725917060893,0.3619926827774336,False,0.1394547040413023,0.33654564259828645,False
soh40,45,57,0.13987268577131642,0.24054785340978993,0.15559384081446712,0.28670801664462947,False,0.4,0.2,0.2,0.2,0.07698806559871359,0.05590720047043169,False,0.18233615543965562,0.4618064098689483,False,0.18778236701422232,0.3141844329084702,False,0.17526877520527698,0.31493402333066767,False
soh40,45,58,0.10628116466172365,0.2428081237851566,0.1245983957316841,0.2914295083778999,False,0.4,0.2,0.2,0.2,0.03301224038188176,0.04832258541418347,False,0.1535332764774192,0.39344597503067485,False,0.16813388818144928,0.3882456644774294,False,0.1437141778859862,0.3357038085893118,False
soh40,45,59,0.11387416458145576,0.23954548323456787,0.1333481417888497,0.2837690470511256,False,0.4,0.2,0.2,0.2,0.03597825575187993,0.06265122796833696,False,0.1556274561671607,0.4242333922146589,False,0.17818959865612968,0.32299384127524533,False,0.16359725658022853,0.32519772674626113,False
soh40,45,60,0.12680784688528143,0.2533810812999077,0.14699511139608493,0.30101087357486017,False,0.4,0.2,0.2,0.2,0.046058788842067364,0.06286191220009796,False,0.1720754819132958,0.44904212187022813,False,0.18622697105081057,0.3422520366268031,False,0.183619203778166,0.34988742360231145,False
soh40,45,61,0.1193845529224072,0.2870400515465499,0.13893100519368246,0.3462138122264254,False,0.4,0.2,0.2,0.2,0.041198743837306234,0.05034500882704813,False,0.16635475015246692,0.556975635325751,False,0.17717176252492636,0.4055967727178948,False,0.17099876426003024,0.37193783203500747,False
soh40,45,62,0.09940513015433226,0.2341732573336569,0.11674916603542276,0.28259659471291354,False,0.4,0.2,0.2,0.2,0.030028986629970254,0.040479907816630474,False,0.14818762090519785,0.4361913349516435,False,0.15844184385668617,0.3545246596650551,False,0.13033821274983678,0.29919047641832497,False
soh40,45,63,0.10605782404733248,0.23309475870407947,0.12487869271699545,0.28023415379530064,False,0.4,0.2,0.2,0.2,0.030774349368680492,0.044537178339194676,False,0.1571940415858971,0.4063445197100768,False,0.16768937199164288,0.3436559702412271,False,0.14385700792176137,0.3263989468907041,False
soh40,45,64,0.11717762709313694,0.29527771650756857,0.1357531963559871,0.35069818364239863,False,0.4,0.2,0.2,0.2,0.04287535004173625,0.07359584796824845,False,0.16509834525294712,0.541181529112194,False,0.17198270560504492,0.40933847042375326,False,0.16305638452422014,0.3786768870653987,False
soh40,45,65,0.10612627486977787,0.23566210272889984,0.1245735923614586,0.2829173637130847,False,0.4,0.2,0.2,0.2,0.032337004903054925,0.04664105879216036,False,0.151884909847028,0.456719530506238,False,0.1698737538372318,0.3194976610267604,False,0.14419870085851966,0.3088112045271801,False
soh40,45,66,0.1121416406871465,0.311503132310819,0.13171374683860887,0.37765558789586456,False,0.4,0.2,0.2,0.2,0.03385321608129697,0.046893309970636746,False,0.15551484463016094,0.5812718959319255,False,0.18377169609269092,0.5415875736962794,False,0.15371523055028666,0.3408695719846165,False
soh40,45,67,0.1212217377756039,0.2701257401050591,0.1395310841441194,0.3214105782792258,False,0.4,0.2,0.2,0.2,0.047984352301541876,0.06498638740839195,False,0.16555391442363168,0.4558386903516171,False,0.18171446273121772,0.4125879044000415,False,0.1628716071200863,0.3522293309568527,False
soh40,45,68,0.1114447304913141,0.24067034283041808,0.13108353310408902,0.2897265221368177,False,0.4,0.2,0.2,0.2,0.032889520040214434,0.044445625604819676,False,0.15545874403076135,0.4413451916095479,False,0.17949811417275516,0.3412303045477108,False,0.15648775417262517,0.3318849667851923,False
soh40,45,69,0.09748853305237275,0.2677535647205566,0.11553533204344064,0.32395046420839185,False,0.4,0.2,0.2,0.2,0.025301337088101117,0.04296596676921556,False,0.1530034700465493,0.5232254584590376,False,0.15719144623336032,0.40282161919881593,False,0.12664507480575188,0.3267888124064983,False
soh40,45,70,0.10377488711860328,0.23484142084281792,0.12143802286110297,0.2829576270431033,False,0.4,0.2,0.2,0.2,0.03312234414860443,0.0423765960416765,False,0.15315485152764016,0.4144151386249526,False,0.1669059095489908,0.36014317274364177,False,0.1325689862191765,0.31489560076214224,False
soh40,45,71,0.09739731891194073,0.25022814311458336,0.11549535172792821,0.30037594563862074,False,0.4,0.2,0.2,0.2,0.02500518764799073,0.04963693301843372,False,0.14629099966807213,0.4324226934909718,False,0.16353078132224713,0.36693635204292513,False,0.12715443827340292,0.35250780400215237,False
soh40,45,72,0.10960461144230257,0.2560608982140807,0.12905001761496315,0.3057887259073341,False,0.4,0.2,0.2,0.2,0.03182298675166031,0.05714958744106696,False,0.15849866487619155,0.46242896495702407,False,0.17819697288930578,0.3643501329824879,False,0.14768144594269492,0.33922621824875726,False
soh40,45,73,0.1186201928722543,0.25693502609046515,0.13780325940591723,0.3096084073764089,False,0.4,0.2,0.2,0.2,0.041887926737602485,0.04624150094669031,False,0.16547094736474113,0.5026630343381339,False,0.18778055006853153,0.37338523500217935,False,0.15607361345279383,0.316143859218632,False
soh40,45,74,0.10653178459170104,0.22775822243189361,0.12529842716208267,0.2732685992890999,False,0.4,0.2,0.2,0.2,0.03146521431017446,0.045716715003068356,False,0.1552572787385473,0.38931225886924165,False,0.1692971073216035,0.33426195254441216,False,0.14517410827800542,0.32378347073967756,False
soh40,45,75,0.10492384421306614,0.28549481119854514,0.12267467065569865,0.3389170759241559,False,0.4,0.2,0.2,0.2,0.03392053844253604,0.071805752296102,False,0.15098128494734336,0.513925738438651,False,0.16521973530223685,0.40158822828150903,False,0.14057712393067834,0.3683485846803616,False
soh40,45,76,0.10029366636279295,0.24088373811881836,0.11782136135484794,0.28885820941455215,False,0.4,0.2,0.2,0.2,0.030182886394573043,0.048985852935883215,False,0.15045609737746932,0.43505079188299334,False,0.16234086264557843,0.3502492518902178,False,0.12830559900177094,0.32114694094911417,False
soh40,45,77,0.09657877208199356,0.2571838634177891,0.11457217800942199,0.30863182371812936,False,0.4,0.2,0.2,0.2,0.02460514837227981,0.05139202221642808,False,0.14610434262826652,0.4612761543465198,False,0.1596861876795074,0.38398049326939443,False,0.12789303335763422,0.3378786250401751,False
soh40,45,78,0.10391612228683592,0.24666933000346014,0.12201827743686011,0.29476994954575014,False,0.4,0.2,0.2,0.2,0.031507501686739096,0.054266851834300064,False,0.15119588371468262,0.4337796707799562,False,0.16902448753125243,0.3852242175820262,False,0.13634523681476632,0.3058090579867181,False
soh40,45,79,0.11109243626231129,0.3197867633081777,0.13066104737378811,0.3833641790392623,False,0.4,0.2,0.2,0.2,0.032817991816404005,0.06547710038383922,False,0.15617225542989946,0.5654944234979711,False,0.1969601460324775,0.5297105655271018,False,0.13669379621637143,0.37277462674813683,False
soh40,45,80,0.10499790907457007,0.23854506656244234,0.12334628856614972,0.2865080109460945,False,0.4,0.2,0.2,0.2,0.03160439110825143,0.046693289027833505,False,0.15002797192920236,0.4120723602408293,False,0.1776835224891988,0.362027789236417,False,0.13406926873794628,0.32523860527929827,False
soh40,45,81,0.10418274816158143,0.2449218910547039,0.1231717519575469,0.2914387062317837,False,0.4,0.2,0.2,0.2,0.028226732977719583,0.058854630346384655,False,0.15124274678021446,0.4137949688468245,False,0.1679945898432091,0.35051053592470743,False,0.1452229382290444,0.3425946898092183,False
soh40,45,82,0.0931192545847049,0.25364900691151665,0.1099853028414394,0.3058057379311446,False,0.4,0.2,0.2,0.2,0.02565506155776687,0.045022082833004864,False,0.1430802199850699,0.46182857026718765,False,0.1540589189133626,0.3843898415189704,False,0.11714701090955824,0.33198245710541535,False
soh40,45,83,0.1141288811428479,0.2808740858883885,0.13043233547180794,0.3369053405410589,False,0.4,0.2,0.2,0.2,0.04891506382700772,0.05674906727770664,False,0.1601612821508684,0.5505666144726863,False,0.1745171674905487,0.4131952311514677,False,0.13813582841880695,0.3271104492623751,False
soh40,45,84,0.10187299952706332,0.2670102716208803,0.1196235533608884,0.3202649899205055,False,0.4,0.2,0.2,0.2,0.03087078419176295,0.05399139842237951,False,0.15197596063626928,0.5135308143871665,False,0.1637375502816584,0.366473710998156,False,0.13190991833386298,0.34706403587432,False
soh40,45,85,0.10562845665385265,0.3126666238214393,0.12466380419763257,0.3760584213654538,False,0.4,0.2,0.2,0.2,0.029487066478732962,0.05909943364538095,False,0.15144716140623063,0.5444448007838338,False,0.17993551744109085,0.5444912059706745,False,0.1377854714644758,0.35619824506192604,False
soh40,45,86,0.12329886338829771,0.2351150038675173,0.13963193957340508,0.2830204832149514,False,0.4,0.2,0.2,0.2,0.05796655864786807,0.04349308647778099,False,0.1617393720875047,0.45959771040943037,False,0.1748473882232254,0.32689441197916874,False,0.16397443933502223,0.3020967239934254,False
soh40,45,87,0.10422386690234554,0.24740987865341502,0.12301516064704551,0.29448841764901834,False,0.4,0.2,0.2,0.2,0.02905869192354561,0.0590957226710017,False,0.15338492753399932,0.42209917531337493,False,0.17464599994934793,0.3473385406033845,False,0.1349710231812892,0.34942023200831224,False
soh40,45,88,0.10154238950174659,0.2805851272445902,0.11936323607555437,0.3348646987155894,False,0.4,0.2,0.2,0.2,0.03025900320651546,0.0634668413605935,False,0.14862864982951976,0.5718615639252043,False,0.16416255165674815,0.3736147497773446,False,0.1344027396094341,0.3305156397992153,False
soh40,45,89,0.09682507767784636,0.25957423601069135,0.11536314847319429,0.31131630493729334,False,0.4,0.2,0.2,0.2,0.022672794496454592,0.0526059603042833,False,0.1446665160332051,0.5085526836228383,False,0.16866893152500315,0.35280013891313033,False,0.12544435183811434,0.3313064369089214,False
soh40,45,90,0.09564540968890188,0.2684997630944129,0.11299082772514887,0.32101603112958066,False,0.4,0.2,0.2,0.2,0.0262637375439139,0.05843469095374162,False,0.14650534896895587,0.4763050885090629,False,0.15648308939542546,0.4070293356003873,False,0.12271113499230024,0.34229500945513097,False
soh40,45,91,0.1076385270782467,0.27033294072529745,0.12568926951753115,0.3248644125046107,False,0.4,0.2,0.2,0.2,0.03543555732110882,0.052207053608044396,False,0.1538907931448408,0.4982715236285789,False,0.17857230508672986,0.40090794203999186,False,0.13485842251744515,0.34807113074182766,False
soh40,45,92,0.101877179466357,0.2724447473870113,0.1200436243085918,0.3275765348321483,False,0.4,0.2,0.2,0.2,0.02921140009741772,0.051917597606463015,False,0.14857962226861185,0.5190317740833229,False,0.17288267890634335,0.4033582707507943,False,0.12950079596199435,0.3359984968880132,False
soh40,45,93,0.09926057130315538,0.2872078064275871,0.11740960089282322,0.34501215139398794,False,0.4,0.2,0.2,0.2,0.02666445294448398,0.05599042656198369,False,0.15620783462875282,0.5358963243954223,False,0.16650758591349732,0.4364298492800615,False,0.12025853008455878,0.35173200533848425,False
soh40,45,94,0.11435906343213421,0.265007015714382,0.13426218895409603,0.3174272017346357,False,0.4,0.2,0.2,0.2,0.03474656134428696,0.05532627163336716,False,0.15880446254514521,0.4910382165066043,False,0.17754728190171024,0.3865417081246756,False,0.16595045002524164,0.3368026106738958,False
soh40,45,95,0.09729888256197378,0.2449273004170174,0.11566390169476437,0.29335262929005435,False,0.4,0.2,0.2,0.2,0.02383880603081142,0.05122598492486959,False,0.14620165669811966,0.4066889899605732,False,0.1653112816495607,0.3812863249729614,False,0.12730386240056568,0.33420921730181313,False
soh40,45,96,0.09767151069704041,0.26238951983869807,0.11601099292176195,0.31611386776727013,False,0.4,0.2,0.2,0.2,0.024313581798154234,0.047492128124409935,False,0.14641102067011583,0.5155614161028707,False,0.1618572817019568,0.3723352469574095,False,0.13146208751682095,0.32906667988439037,False
soh40,45,97,0.10665088074509928,0.24941637158336696,0.12409727344947455,0.29883257728167384,False,0.4,0.2,0.2,0.2,0.0368653099275981,0.05175154879013937,False,0.15484083921587286,0.47222531720277333,False,0.16639927916711006,0.3479224038110287,False,0.13828366548731721,0.32343103932275397,False
soh40,45,98,0.10051621809481773,0.2868537284842833,0.11854378163644946,0.3414300422686967,False,0.4,0.2,0.2,0.2,0.028405963928290714,0.06854847334662953,False,0.1484782847166114,0.5166430317774875,False,0.16864024722517126,0.4114032238550562,False,0.1286506306757245,0.3691254400956136,False
soh40,45,99,0.09717395797164959,0.2685712527678369,0.11482637929861082,0.3254557486059338,False,0.4,0.2,0.2,0.2,0.026564272663804667,0.04103326941544916,False,0.14711379690986157,0.5225642304638926,False,0.15761706766687256,0.41071014598466427,False,0.12801037995390446,0.32751534855972914,False
soh40,45,100,0.10582171289560319,0.26564931480018394,0.12526203781532524,0.3191982783153653,False,0.4,0.2,0.2,0.2,0.02806041321671493,0.05145346073945844,False,0.15646626748271,0.5268459049181398,False,0.18050622996953067,0.37763085129502844,False,0.1360152405923454,0.3208628963088344,False
soh40,45,101,0.09492484068449869,0.23689788161594888,0.11248291527959783,0.2854465486078127,False,0.4,0.2,0.2,0.2,0.024692542304102113,0.042703213648493554,False,0.14401095645615455,0.44806830521036084,False,0.1592650552870993,0.3331105401439064,False,0.12196310707103535,0.31790413542849,False
soh40,45,102,0.10026459235564156,0.269801806703445,0.1189354349635301,0.3249536282958706,False,0.4,0.2,0.2,0.2,0.025581221924087395,0.04919452033374245,False,0.14553915451719457,0.48855631637721064,False,0.1629988864026423,0.4168082904443183,False,0.14162247701019612,0.345255386028211,False
soh40,45,103,0.11549811319222739,0.23633230319464366,0.1351910596709299,0.285016205959743,False,0.4,0.2,0.2,0.2,0.03672632727741733,0.04159669213424637,False,0.16300613958980598,0.45359925606207435,False,0.181728739504466,0.3278159125934466,False,0.15930303231203033,0.31705296304920444,False
soh40,45,104,0.09600888671102271,0.2565944479143233,0.11358057559739843,0.3088737935788153,False,0.4,0.2,0.2,0.2,0.025722131165519798,0.04747706525635503,False,0.1445218027045542,0.4998293556115734,False,0.15705083864784644,0.3715068299366909,False,0.1270275298716733,0.316681923510642,False
soh40,45,105,0.09348714140600502,0.30520975015703716,0.1118226724376923,0.3683655394621855,False,0.4,0.2,0.2,0.2,0.020145017279255936,0.05258659293644378,False,0.14768315993245254,0.602991612359522,False,0.1620090892081083,0.4754277077908371,False,0.11745342333095239,0.34245624476193903,False
soh40,45,106,0.09614325994525842,0.26657019037694285,0.11354921243039988,0.31968713096871276,False,0.4,0.2,0.2,0.2,0.026519450004692552,0.054102428009862986,False,0.14539815596455138,0.48909989785897995,False,0.15760553723772483,0.3939288576210285,False,0.12467370651463079,0.34161734038497965,False
soh40,45,107,0.09840052974117094,0.2608732517310703,0.11565635269765906,0.3121335657599813,False,0.4,0.2,0.2,0.2,0.02937723791521839,0.05583199561542615,False,0.1469690055777782,0.512894975350345,False,0.1650822899227847,0.34113364705599364,False,0.12119687737485497,0.3386736450181605,False
soh40,45,108,0.10789207821816149,0.27887396838122025,0.12535287311467289,0.3347980282426976,False,0.4,0.2,0.2,0.2,0.038048898632115934,0.055177728935310845,False,0.15188998842903562,0.5240465686022598,False,0.16661248763234118,0.42388998599929645,False,0.14486011776519878,0.3360778294339233,False
soh40,45,109,0.09971611794096583,0.2538979206148605,0.1172803388024534,0.30545485001028294,False,0.4,0.2,0.2,0.2,0.029459234495015606,0.04767020303317067,False,0.1480901462843491,0.45350211498578474,False,0.1612275930838758,0.3791241157121797,False,0.13034438134657303,0.34152296630999657,False
soh40,45,110,0.09853795008734927,0.27193146668792684,0.1165375687482793,0.328313450014319,False,0.4,0.2,0.2,0.2,0.026539475443629085,0.04640353338235815,False,0.1460127143413234,0.49878254320292026,False,0.16229761296934653,0.4327106182726737,False,0.1313004722388182,0.3353571051993238,False
soh40,45,111,0.09675238641784346,0.25244024434378187,0.11479982513410308,0.3032590122999072,False,0.4,0.2,0.2,0.2,0.024562631552804984,0.04916517251928047,False,0.14615886944835552,0.4874262618045495,False,0.16209405344549338,0.3515236785813249,False,0.12638374608975841,0.32492093629447405,False
soh40,45,112,0.09335605138761159,0.2724125874065515,0.11133258564127299,0.3295491012365379,False,0.4,0.2,0.2,0.2,0.021449914372965947,0.04386653208660575,False,0.14102398256432486,0.5212858582248223,False,0.1614170796341232,0.4226191711439669,False,0.12143936599367801,0.3304248434907566,False
soh40,45,113,0.09441928791184484,0.28734618884351226,0.11179643689618089,0.3473536364280509,False,0.4,0.2,0.2,0.2,0.024910691974500604,0.04731639850535782,False,0.14195441516313145,0.5769577207045176,False,0.16233271587700174,0.43308729806027335,False,0.11798792457008976,0.33205312844205476,False
soh40,45,114,0.10380661644390034,0.26451811814888526,0.12052777446266699,0.3176718944320661,False,0.4,0.2,0.2,0.2,0.03692198436883372,0.05190301301616196,False,0.15089661188918493,0.5108012980736522,False,0.16253581491186775,0.3740748468985194,False,0.13175668668078155,0.33390841973993085,False
soh40,45,115,0.10368204782442983,0.2638900763161903,0.1221303718241753,0.3193752766359996,False,0.4,0.2,0.2,0.2,0.029888751825447996,0.041949275036953004,False,0.14591939483660174,0.4832052196749847,False,0.16544385022358823,0.4187787679838409,False,0.14726949041106316,0.33356784384821986,False
soh40,45,116,0.09897774397520225,0.28713265118713915,0.11727900264180269,0.3431678274525943,False,0.4,0.2,0.2,0.2,0.02577270930880042,0.06299194612531864,False,0.14939404393140587,0.5306814666001487,False,0.16716905790710743,0.44789971130241685,False,0.12678019941989707,0.3310981857824929,False
soh40,45,117,0.09373264247191153,0.25743889525413816,0.11152977514099266,0.3089054926173962,False,0.4,0.2,0.2,0.2,0.022544111795586953,0.05157250580110579,False,0.14607181510192505,0.4976797192006747,False,0.15948544198140743,0.3434765496312648,False,0.1180177316850512,0.3428931958365396,False
soh40,45,118,0.09210668804329715,0.2890014082416293,0.10961352057369261,0.3468224431618896,False,0.4,0.2,0.2,0.2,0.022079357921715326,0.05771726856058818,False,0.14281739683998337,0.5290623396157607,False,0.16148337866428386,0.45646696299282863,False,0.11207394886878785,0.3440432014783808,False
soh40,45,119,0.11694892157042726,0.2485516717433944,0.1351497161936631,0.3002170442283352,False,0.4,0.2,0.2,0.2,0.04414574307748395,0.04189018180363128,False,0.16159952424060658,0.4500284714503186,False,0.18482043164862447,0.3865029943598716,False,0.15003316580793732,0.3224465292995192,False
soh40,45,120,0.09325858967591803,0.26445745979981283,0.11103505914554103,0.31827378819173585,False,0.4,0.2,0.2,0.2,0.022152711797426033,0.04919214623212094,False,0.14339385652164272,0.49276465883832765,False,0.1604259875938223,0.39346541033254584,False,0.11816768066927308,0.3376729373639488,False
soh40,45,121,0.09401067403587604,0.2708552386112877,0.11125795962309612,0.32291417895402447,False,0.4,0.2,0.2,0.2,0.025021531686995686,0.06261947724034059,False,0.14644714331655526,0.49745388211189706,False,0.15371810081819856,0.3755247801914734,False,0.11984506267063501,0.35605857627238685,False
soh40,45,122,0.11551895441421053,0.28705129408862795,0.1341414722182317,0.34717055805983404,False,0.4,0.2,0.2,0.2,0.041028883198125865,0.046574238203803575,False,0.1585638695727374,0.5733844334340409,False,0.17560759157365188,0.4533114552111505,False,0.1613655445284116,0.3154121053903412,False
soh40,45,123,0.10097914827245102,0.2715385430160554,0.11927830115650609,0.3255441115421495,False,0.4,0.2,0.2,0.2,0.027782536736230778,0.05551626891167862,False,0.14318833011678367,0.4843777632259181,False,0.17476217488827328,0.4118834872646264,False,0.13138016288473664,0.350398926766375,False
soh40,45,124,0.09510185557114377,0.2739739201038202,0.11196253180550189,0.32433734404243114,False,0.4,0.2,0.2,0.2,0.027659150633711264,0.0725202243493763,False,0.14347505420379644,0.48649662114988157,False,0.16106335048076473,0.37174007334473474,False,0.11565257190373512,0.36659245732573204,False
soh40,45,125,0.09102465672518865,0.30562487630869145,0.1087229641855839,0.36798484415225347,False,0.4,0.2,0.2,0.2,0.020231426883607642,0.05618500493444345,False,0.14283612532360007,0.6061900468305508,False,0.15882891953306563,0.46016566059768643,False,0.11299538500206223,0.3493986642463331,False
soh40,45,126,0.09523655951655322,0.2377853891302946,0.11320458299931135,0.28347920246275404,False,0.4,0.2,0.2,0.2,0.02336446558552068,0.05501013580045671,False,0.14211816857438994,0.4255425089257001,False,0.16183835712426795,0.321936681115478,False,0.1254973407130668,0.33142748400938143,False
soh40,45,127,0.10133753520516964,0.26428892970943296,0.11897937438635883,0.3179215092645616,False,0.4,0.2,0.2,0.2,0.030770178480412816,0.049758611488918525,False,0.14850028221869996,0.5022840484881538,False,0.16495397476363763,0.3770301206596877,False,0.13169306208268497,0.34261325642148627,False
soh40,45,128,0.10415032681235582,0.2579936486676947,0.12209038695520172,0.3088835648399813,False,0.4,0.2,0.2,0.2,0.03239008624097217,0.05443398397854808,False,0.14955045305609124,0.4836544451169449,False,0.16104442139436168,0.3501892410324348,False,0.1453765871293818,0.3472565892319975,False
soh40,45,129,0.11306632627478036,0.25360660776508515,0.13175804290783555,0.30660529358446387,False,0.4,0.2,0.2,0.2,0.03829945974255957,0.04161186448757022,False,0.15767078972240803,0.5192557297457331,False,0.18296437421388134,0.3780805406533036,False,0.14809754795249327,0.28747303945124847,True
soh40,45,130,0.09785333135219226,0.26595086035191395,0.11555870650839481,0.32354372856114916,False,0.4,0.2,0.2,0.2,0.027031830727382033,0.03557938751497298,True,0.1465250514025033,0.5201139416355826,False,0.16635180506225977,0.44822695286959746,False,0.12232613884143416,0.29025463222444364,False
soh40,45,131,0.09226773196896926,0.2636287333419307,0.1096679004987623,0.3131473520057788,False,0.4,0.2,0.2,0.2,0.022667057849797136,0.06555425868653819,False,0.14165467932972298,0.45675654052970477,False,0.1530841899915946,0.35983325237149383,False,0.12126567482393445,0.37044535643537846,False
soh40,45,132,0.09912124735789105,0.26647218835928194,0.11716554371340343,0.32046312650927755,False,0.4,0.2,0.2,0.2,0.026944061935841524,0.05050843575929947,False,0.15037752122623763,0.5018808193035823,False,0.16163431052913918,0.3879097958018188,False,0.12970628116239538,0.3415534551724097,False
soh40,45,133,0.1031312693829554,0.23534583016320412,0.12072473473270354,0.2863092488329545,False,0.4,0.2,0.2,0.2,0.03275740798396278,0.03149215548420241,True,0.14775580761041207,0.4777821204888699,False,0.17540490983873447,0.35651293671458334,False,0.12698081349770488,0.2794497826441625,True
soh40,45,134,0.0869890682614993,0.28268753754770415,0.10416237415509244,0.3407187728363463,False,0.4,0.2,0.2,0.2,0.01829584468712661,0.05056259639313574,False,0.13730993793348603,0.5473888493083867,False,0.15341417702599583,0.4215253308519693,False,0.10762953697376133,0.3433983147918933,False
soh40,45,135,0.10133109347129984,0.26272989538727426,0.11850894369452786,0.31352044081772834,False,0.4,0.2,0.2,0.2,0.032619692578387725,0.05956771366545801,False,0.1485179968852386,0.4836109631049205,False,0.1587427948830928,0.3745697435416239,False,0.13415529043139232,0.3363333429589108,False
soh40,45,136,0.09211098737593171,0.26384438349597367,0.1095775273668745,0.31599554200522173,False,0.4,0.2,0.2,0.2,0.022244827412160495,0.05523974945898143,False,0.1445160359881378,0.5232221978149788,False,0.15658533334849908,0.3392742041753693,False,0.11496391271870061,0.34624601657155724,False
soh40,45,137,0.08931221875839056,0.2390001814634182,0.10608456648987606,0.28761747872389803,False,0.4,0.2,0.2,0.2,0.022222827832448458,0.044530992421498834,False,0.13907462734082793,0.4618130514562604,False,0.15174639525236686,0.3305024095478547,False,0.11129441553386103,0.31362346146997816,False
soh40,45,138,0.08656831973245241,0.27608200746588285,0.10398285597984067,0.3319703981488874,False,0.4,0.2,0.2,0.2,0.016910174742899384,0.052528444733864595,False,0.13647387830996052,0.5047175003588316,False,0.1542165221930806,0.4246339172190512,False,0.10833084867342212,0.34600173028380227,False
soh40,45,139,0.09827488110637761,0.26429503914809116,0.11521367443884234,0.31842510856885875,False,0.4,0.2,0.2,0.2,0.03051970777651865,0.04777476146502077,False,0.1443863747676575,0.48783957268910677,False,0.16215668716452272,0.4095589172431631,False,0.12379192804667051,0.3285271828781443,False
soh40,45,140,0.09579267953974195,0.2419580673757321,0.1139670523849871,0.28987738601076113,False,0.4,0.2,0.2,0.2,0.0230951881587614,0.050280792835615915,False,0.14571411829347528,0.47074931314076524,False,0.16540740832667164,0.31351160082518376,False,0.12165149476104002,0.3249678372414797,False
soh40,45,141,0.09916130013569856,0.27244471572378764,0.11732439857385843,0.3255500381724506,False,0.4,0.2,0.2,0.2,0.026508906383058996,0.06002342592913579,False,0.14880379252400858,0.5222111452090591,False,0.16176105436138238,0.3689849292923391,False,0.13222384102698378,0.35098065225926844,False
soh40,45,142,0.11395112395944079,0.25857847919882176,0.133039755531888,0.30862795057199877,False,0.4,0.2,0.2,0.2,0.037596597669652045,0.0583805937061137,False,0.15970196902615327,0.4765484341830013,False,0.1796349946454913,0.3584969546915276,False,0.1552254607862553,0.34108581970735247,False
soh40,45,143,0.08523346342560321,0.2542049081304131,0.10214543262890433,0.30480192745742923,False,0.4,0.2,0.2,0.2,0.017585586612398733,0.05181683082234823,False,0.1369659435694788,0.4819998527842104,False,0.1505020199075936,0.34420319999463583,False,0.10352818042614621,0.34118782622852245,False
soh40,45,144,0.08882403936453183,0.27081689426032163,0.10588787540549113,0.32332797814700015,False,0.4,0.2,0.2,0.2,0.020568695200694577,0.06077255871360756,False,0.14009754817131262,0.5163664289277071,False,0.15376878896934576,0.37936953993689765,False,0.10911646928061157,0.3368033850097882,False
soh40,45,145,0.08474558124781673,0.268510850984773,0.10118963421924479,0.322106024582261,False,0.4,0.2,0.2,0.2,0.018969369362104437,0.054130156594820976,False,0.1352452165085443,0.49866613607537985,False,0.14786579514727016,0.3825188079615222,False,0.10267815585906026,0.3531089976973209,False
soh40,45,146,0.08998853869350276,0.2598852447278252,0.10693373919847768,0.3116558983043769,False,0.4,0.2,0.2,0.2,0.02220773667360306,0.05280263042161832,False,0.13990889392329367,0.48621183939850293,False,0.1516633256375575,0.3720479626394558,False,0.1139550005594565,0.3355611607579306,False
soh40,45,147,0.09051148684786875,0.249737159198335,0.10798396909363184,0.2989940498091885,False,0.4,0.2,0.2,0.2,0.020621557864816373,0.052709596754921165,False,0.13955510401483393,0.48494824845910256,False,0.15804742463801655,0.32604211081725837,False,0.11371178985686048,0.3322762432054717,False
soh40,45,148,0.08620536010881116,0.2503055340139795,0.1032639744182776,0.3006608246133921,False,0.4,0.2,0.2,0.2,0.01797090287094536,0.04888437161632895,False,0.1345327102152222,0.45283331627431234,False,0.1527090984419981,0.3740611931754878,False,0.10784318614494474,0.3268644173874394,False
soh40,45,149,0.09541352478630766,0.2805317864956525,0.1125148091554251,0.33505104035477634,False,0.4,0.2,0.2,0.2,0.02700838730983788,0.06245477105915726,False,0.14383696694479264,0.5711418318763367,False,0.16278108554397344,0.3756314478394506,False,0.11643279682309642,0.3309761106441607,False
soh40,45,150,0.09903929693545249,0.2581511847280709,0.11664343607315458,0.31006091397416047,False,0.4,0.2,0.2,0.2,0.028622740384644053,0.05051226774371283,False,0.1467779485129405,0.4902955380206145,False,0.1617052967418689,0.3828219517543176,False,0.12946775865316493,0.31661389837799686,False
soh40,45,151,0.1081965245112949,0.26292608665971695,0.12508001175383182,0.3149035775956578,False,0.4,0.2,0.2,0.2,0.04066257554114706,0.05501612291595367,False,0.160259116865396,0.5008503112734233,False,0.16676852776177262,0.35585150943894167,False,0.1326298268470117,0.3478963667543124,False
soh40,45,152,0.08971828169710647,0.2613164241039232,0.1073209096620738,0.314583577665734,False,0.4,0.2,0.2,0.2,0.019307769837237077,0.04824780985667986,False,0.13809763756185092,0.5066559172897086,False,0.162400404085734,0.36206372276341153,False,0.10947782716347322,0.3413668607531361,False
soh40,45,153,0.09198185593394896,0.2628232735317817,0.1090950874713941,0.3158535789612599,False,0.4,0.2,0.2,0.2,0.023528929784168436,0.050702051813868956,False,0.13991191544347845,0.5110041806654219,False,0.16047061751182368,0.37440416565355245,False,0.11246888714610583,0.3273039177121961,False
soh40,45,154,0.10545387273476561,0.27304198929498036,0.12335871942906743,0.32430387579086745,False,0.4,0.2,0.2,0.2,0.03383448595755834,0.06799444331143198,False,0.14901891425677957,0.5084255544001808,False,0.17952484394969645,0.36753133832028845,False,0.13105663355223537,0.35326416713156866,False
soh40,45,155,0.09764644261551787,0.28083612188431467,0.11492513319562987,0.33139365007459626,False,0.4,0.2,0.2,0.2,0.028531680295069823,0.07860600912318849,False,0.14781140584716565,0.5219098133487086,False,0.160763936172482,0.36571931329683244,False,0.12259351046780205,0.35933946452965543,False
soh40,45,156,0.08696735529431372,0.280835582057744,0.10412177161597978,0.33973605242949423,False,0.4,0.2,0.2,0.2,0.018349690007649473,0.04523370057074325,False,0.13981475645838182,0.5787603392196955,False,0.15160443249305908,0.39912386475635825,False,0.10671820750482879,0.3358263051711798,False
soh40,45,157,0.10325337308848524,0.24294273568965835,0.12182532032329227,0.28836620317891953,False,0.4,0.2,0.2,0.2,0.028965584149257102,0.06124886573261365,False,0.15403222559757965,0.4091650805806935,False,0.17257204631259238,0.3261206474742593,False,0.13173142523373996,0.35693021892811166,False
soh40,45,158,0.08684455174767335,0.2579450941735945,0.10349231595295871,0.3078209619419979,False,0.4,0.2,0.2,0.2,0.020253494926531904,0.05844162309998112,False,0.13808843369698934,0.4719446667084135,False,0.15036037550031073,0.35737763031370307,False,0.10526695968800286,0.34351992764589373,False
soh40,45,159,0.10215527527601478,0.26766109624294443,0.1201179734544701,0.31973680897957535,False,0.4,0.2,0.2,0.2,0.03030448256219353,0.05935824529642065,False,0.1473663769227565,0.45458184091191983,False,0.15972967696274096,0.39410778871123003,False,0.14307135737018944,0.3708993609987308,False
soh40,45,160,0.09728056151125067,0.27268726743649035,0.11592277384662493,0.33280969346819195,False,0.4,0.2,0.2,0.2,0.022711712169753557,0.0321975633096839,False,0.14771722229134746,0.5821940440313097,False,0.17326489929182762,0.4234724593380987,False,0.11999726163357109,0.2933747071936755,False
soh40,45,161,0.08984956190645488,0.2641993662140657,0.10684312444371057,0.3170655362254173,False,0.4,0.2,0.2,0.2,0.021875311757432066,0.05273468616865913,False,0.13735005823824833,0.4642023562126065,False,0.15569445575938348,0.39678731943164597,False,0.11245267201977838,0.35453778308875755,False
soh40,45,162,0.09308609617894675,0.2526227256870924,0.10956504243738054,0.3019287654875726,False,0.4,0.2,0.2,0.2,0.027170311145211606,0.055398566485171594,False,0.1427917717083523,0.4552566084144587,False,0.15226706244789928,0.351088787863747,False,0.11603102444805895,0.345971099186913,False
soh40,45,163,0.10184979570638131,0.24701290383272295,0.11951907164080769,0.2970949799521766,False,0.4,0.2,0.2,0.2,0.031172691968675694,0.046684599354908186,False,0.15670692813415993,0.4699115740143207,False,0.15938491403373936,0.3327729304966948,False,0.1308117524266558,0.33901081594278276,False
soh40,45,164,0.0973496526392584,0.24167619609781155,0.11376860083270715,0.2900183205475651,False,0.4,0.2,0.2,0.2,0.03167385986546343,0.04830769829879715,False,0.15165614974117694,0.46715050927668794,False,0.15690136401620244,0.33757330480412445,False,0.11484302970798578,0.30704176981065096,False
soh40,45,165,0.09188095883637108,0.25590449916601377,0.10943812651190374,0.30689137088169566,False,0.4,0.2,0.2,0.2,0.02165228813424039,0.05195701230328609,False,0.1406887429428377,0.4678387341559227,False,0.1549818006068522,0.3632009874722133,False,0.12042967436368468,0.3445687495953605,False
soh40,45,166,0.0963746953266928,0.2719727978739577,0.11446416609009297,0.32544511882435123,False,0.4,0.2,0.2,0.2,0.02401681227309212,0.05808351407238364,False,0.14365809366058682,0.5296140979762293,False,0.16018537649300932,0.36649491583082106,False,0.12999638193368354,0.34758794741797083,False
soh40,45,167,0.0874550982637458,0.26131527859919434,0.10483615350160534,0.3148381410713784,False,0.4,0.2,0.2,0.2,0.017930877312307587,0.04722382871045807,False,0.13702719931915416,0.49943526340826505,False,0.15700708019201773,0.39266550652113436,False,0.10737945718294191,0.32002796564565616,False
soh40,45,168,0.09415731728733534,0.2583528065370558,0.11148330144164417,0.31114950232890914,False,0.4,0.2,0.2,0.2,0.02485338067010001,0.04716602336964218,False,0.14209725215030392,0.5195905558636662,False,0.16250121234811907,0.3763844029109862,False,0.11648136059805368,0.3014570271713421,False
soh40,45,169,0.0878313382811466,0.2400563283604823,0.10477212024721451,0.28713356624431435,False,0.4,0.2,0.2,0.2,0.020068210416874947,0.051747376825154005,False,0.14185248777193668,0.4343709286713142,False,0.15110984714697065,0.3333811709138738,False,0.10605793565307575,0.3290347885669153,False
soh40,45,170,0.09799464692363635,0.2600386095327703,0.11466698220416237,0.3093987861959693,False,0.4,0.2,0.2,0.2,0.03130530580153231,0.06259790287997427,False,0.14550828869231527,0.49310707144028915,False,0.15722378787786848,0.3441764107267727,False,0.12463054644493336,0.337713759736841,False
soh40,45,171,0.10380116505528052,0.25966582515048614,0.12243955114031685,0.31137813903184,False,0.4,0.2,0.2,0.2,0.029247620715135203,0.05281656962507081,False,0.14876847542102953,0.4922566547483869,False,0.1751003465778369,0.3653923991746439,False,0.1366417618472657,0.3350469325792582,False
soh40,45,172,0.10087977873958068,0.2628430720824231,0.11887771744832826,0.3111611586585092,False,0.4,0.2,0.2,0.2,0.028888023904590332,0.06957072577807838,False,0.1483864170383062,0.4898820895429667,False,0.1833719128308301,0.33539136165246947,False,0.11486451601958637,0.34980045766052226,False
soh40,45,173,0.08874707727798292,0.23890152791571134,0.10551673885926796,0.28417082648742437,False,0.4,0.2,0.2,0.2,0.02166843095284276,0.05782433362885905,False,0.1378978726904457,0.43975686017813637,False,0.15580003378428178,0.3178215900501909,False,0.1067006180095016,0.3212805220925113,False
soh40,45,174,0.09357839998443264,0.23524484723232003,0.11185369249658136,0.2816949661704311,False,0.4,0.2,0.2,0.2,0.020477229935837758,0.04944437147987573,False,0.13907484049377472,0.44966946076764885,False,0.17141564646795104,0.3098700631214782,False,0.1164470530887619,0.3177959693127217,False
soh40,45,175,0.09127381790676764,0.24044027536070067,0.10849392506910377,0.285603364862567,False,0.4,0.2,0.2,0.2,0.022393389257423166,0.05978791735323534,False,0.1410674314153845,0.42497499800545313,False,0.15447394516724952,0.31991746625416007,False,0.11604093443635786,0.33773307783741946,False
soh40,45,176,0.09144511154888488,0.27369626730138363,0.10852088805663908,0.32802534754247814,False,0.4,0.2,0.2,0.2,0.023142005517868075,0.05637994633700552,False,0.1399746190470217,0.5025241070806049,False,0.15563263741563518,0.39150770811241803,False,0.11533429024603135,0.361689628639884,False
soh40,45,177,0.08525628555508476,0.27672260269552024,0.10181869723867992,0.3347185278528879,False,0.4,0.2,0.2,0.2,0.019006638820704032,0.04473890206604926,False,0.136387414075666,0.5724655573674746,False,0.1487999042320652,0.39156913280903116,False,0.10308083182628447,0.33010051916899663,False
soh40,45,178,0.09560279509228066,0.278335600097217,0.1137424231257311,0.33361539523297395,False,0.4,0.2,0.2,0.2,0.0230442829584788,0.057216419554188894,False,0.1405285106457501,0.4858910098890418,False,0.16836990215403,0.43839760410474843,False,0.12302699674466556,0.35295654738391674,False
soh40,45,179,0.09018390390702738,0.23441752888085932,0.10701216609806495,0.27676794848344777,False,0.4,0.2,0.2,0.2,0.022870855142876994,0.06501585047050545,False,0.13989523482173088,0.36650771544173444,True,0.1567915472018908,0.32446294436170586,False,0.10849102722576116,0.3510852836598453,False
soh40,45,180,0.0859891423285712,0.22491687137632185,0.10298500210706424,0.2719616811765957,False,0.4,0.2,0.2,0.2,0.018005703214599034,0.03673763217522659,False,0.1361486096332186,0.43153522125541705,False,0.1530962431422636,0.3265087025178506,False,0.10468945243817572,0.29306516875788846,False
soh40,45,181,0.10033938241249557,0.2650060288520558,0.11726089672433175,0.31898783026097677,False,0.4,0.2,0.2,0.2,0.032653325165150876,0.049078823216372025,False,0.149808239063094,0.5711606941894221,False,0.17239707545836855,0.3730188724825496,False,0.11418494721071355,0.2826929311555633,False
soh40,45,182,0.09320436693051568,0.22350572753237435,0.11131394860286203,0.26900829404588433,False,0.4,0.2,0.2,0.2,0.020766040241130254,0.04149546147833418,False,0.14610987392014174,0.42932309981736677,False,0.16299443829738966,0.3069197582109719,False,0.11538544195278644,0.2982948566768646,False
soh40,45,183,0.08832051223516735,0.2932011489968361,0.10588139299374776,0.35424252914690035,False,0.4,0.2,0.2,0.2,0.018076989200845706,0.04903562839657879,False,0.14081262387752672,0.5715126983724124,False,0.15897752660213313,0.46249558931745033,False,0.10565843229448547,0.3339262005011599,False
soh40,45,184,0.08681773769665349,0.2363486006691743,0.10352684922280107,0.2825694914949542,False,0.4,0.2,0.2,0.2,0.0199812915920631,0.05146503736605457,False,0.1360855417915404,0.415795730831167,False,0.1507951146770489,0.32949658516267055,False,0.10724544883055193,0.33352061261992466,False
soh40,45,185,0.09050678974679471,0.2854769632222847,0.10766408844729501,0.34406485195301095,False,0.4,0.2,0.2,0.2,0.02187759494479351,0.05112540829937984,False,0.14010669027213216,0.5443247163701884,False,0.15651476179867455,0.43380620566901834,False,0.11215730677357981,0.3470030774734572,False
soh40,45,186,0.0914826955595077,0.24230748361595217,0.10851974423827002,0.2878629986691212,False,0.4,0.2,0.2,0.2,0.02333450084445848,0.06008542340327606,False,0.13921972307740524,0.3841099972313778,False,0.16259929102743279,0.3579264271855313,False,0.10892546200378356,0.34933014685629954,False
soh40,45,187,0.09403873199775653,0.24396367099145935,0.11157545671768386,0.2937970256536817,False,0.4,0.2,0.2,0.2,0.023891833118047184,0.044630252342569864,False,0.1428724964686953,0.46923291210594514,False,0.15730763266819564,0.355103646200095,False,0.12222986461579734,0.30622129196611686,False
soh40,45,188,0.0975162760633163,0.25997367145334194,0.11438099132918658,0.3112125342108746,False,0.4,0.2,0.2,0.2,0.030057414999835105,0.05501822042321151,False,0.14550260660207934,0.5009616170445813,False,0.1606314730829971,0.3774626450427072,False,0.12133247063183479,0.3114076543329982,False
soh40,45,189,0.08242520142411486,0.2696145672575136,0.09920863123749407,0.3218155196849652,False,0.4,0.2,0.2,0.2,0.015291482170597996,0.060810757547707,False,0.13131803003642326,0.4802410575705312,False,0.15208811186615442,0.3914152389347483,False,0.0981369008768006,0.35479502468687435,False
soh40,45,190,0.08896914459269697,0.27046625764886706,0.10585091604255469,0.3267344218298694,False,0.4,0.2,0.2,0.2,0.021442058793266116,0.045393600924857794,False,0.1393955231949219,0.5568888510508166,False,0.15761633546601464,0.3717897947054254,False,0.10494974671601609,0.3328654406383777,False
soh40,45,191,0.09921061097220317,0.2639314976066156,0.11744037941440208,0.3171845226682974,False,0.4,0.2,0.2,0.2,0.026291537203407534,0.05091939735988836,False,0.1424240923846327,0.46110826218028494,False,0.1686700650852664,0.4533127515707063,False,0.13237582298430167,0.30339767956231006,False
soh40,45,192,0.09679729785696146,0.2701581793122749,0.11345607464921172,0.32076249519903993,False,0.4,0.2,0.2,0.2,0.030162190687960444,0.0677409157652149,False,0.14642328597241983,0.4898511029511234,False,0.15696933445742858,0.3790711759881839,False,0.12026948747903803,0.3463867860916375,False
soh40,45,193,0.08874086535992756,0.2961922427475255,0.10616574194055502,0.35523547985919973,False,0.4,0.2,0.2,0.2,0.019041359037417757,0.06001929430082845,False,0.1383946634502304,0.5998939208048558,False,0.15884763408605823,0.41396003368463724,False,0.10837931118851367,0.34706867064647745,False
soh40,45,194,0.08995237597734766,0.2655971957575635,0.10735779486794626,0.31956439054589997,False,0.4,0.2,0.2,0.2,0.020330700414953287,0.049728416604217805,False,0.13749539857040385,0.45073362890984053,False,0.16172469719493807,0.43018596041004714,False,0.1098803832914898,0.34760955625949436,False
soh40,45,195,0.0912366125512353,0.3122322099214618,0.10864299197592635,0.37799946627750436,False,0.4,0.2,0.2,0.2,0.021611094852471074,0.04916318449729159,False,0.1405329284619422,0.5955591667525372,False,0.1595438241181015,0.5151905490635428,False,0.11288412047119063,0.3520849647966457,False
soh40,45,196,0.09310694637305722,0.24698073540512794,0.10994966756476601,0.29390428470450014,False,0.4,0.2,0.2,0.2,0.02573606160622208,0.05928653820763902,False,0.14355594637396288,0.45928838435083025,False,0.1522567794744428,0.3187814833300354,False,0.11824988280443625,0.33826073292949593,False
soh40,45,197,0.08579386111287728,0.2634753163729283,0.10279718500274232,0.31612985118238857,False,0.4,0.2,0.2,0.2,0.017780565553417133,0.05285717713508721,False,0.13730694598182783,0.4858970708083215,False,0.1570459541789282,0.3824374810327911,False,0.0990552742967961,0.3433276757533543,False
soh40,45,198,0.0865529805195234,0.23075029585775492,0.10378233233325823,0.2795562915496305,False,0.4,0.2,0.2,0.2,0.01763557326458402,0.03552631309025237,False,0.1368694880997227,0.47400559732077063,False,0.15410499241508963,0.33090893778021485,False,0.10651927555363659,0.27778431800728426,True
soh40,45,199,0.09194197769830567,0.25588106297056507,0.1092950029233213,0.30458663032737415,False,0.4,0.2,0.2,0.2,0.022529876798243118,0.061058793543328695,False,0.14511387349732888,0.4606285919445902,False,0.1564630402056232,0.3363309658212066,False,0.11307322119209,0.3603281700003711,False
soh40,45,200,0.08805460076141217,0.23343705910076903,0.10473186888589665,0.28031538524399885,False,0.4,0.2,0.2,0.2,0.02134552826347426,0.04592375452784973,False,0.13613611676020562,0.4116918893362462,False,0.15322857689346242,0.3281067563719923,False,0.10821725362644428,0.33553914073990715,False
soh40,46,1,0.25846205054738985,0.4634379011813726,0.2924466213565737,0.5420874795938604,True,0.4,0.2,0.2,0.2,0.1225237673106545,0.14883958753142112,True,0.284153504939862,0.8499900922528593,True,0.3675781830574052,0.6580703332333865,True,0.39553103011837304,0.5114499053577749,True
soh40,46,2,0.2273419333167447,0.38842804316937357,0.2555623748279689,0.44821667446447694,True,0.4,0.2,0.2,0.2,0.11446016727184798,0.14927351798895983,False,0.2507581317415936,0.6196422396949276,True,0.30875658264887773,0.5279785530357041,True,0.3482746176495562,0.4959723871383164,True
soh40,46,3,0.27667192362052057,0.32025909567662186,0.31117965550921345,0.37286733248160797,True,0.4,0.2,0.2,0.2,0.13864099606574895,0.10982614845667721,True,0.29508831455416556,0.5426691187576098,True,0.4430474514256934,0.4138283312605778,True,0.36794185999124585,0.4251457314515672,True
soh40,46,4,0.1818583230927477,0.31698869648546996,0.20728923143479722,0.37302605098600766,True,0.4,0.2,0.2,0.2,0.08013468972454936,0.09283927848331879,True,0.21279884240370525,0.5346455116994432,True,0.24781480882134918,0.423478966244776,False,0.28840858478958514,0.44114044751649284,False
soh40,46,5,0.18299877302303486,0.3038464335147958,0.2098486676091424,0.3603407788302195,True,0.4,0.2,0.2,0.2,0.07559919467860465,0.07786905225310081,True,0.21851018525662172,0.5403733985922969,False,0.27452132734609697,0.424939682312137,False,0.2707639631552463,0.39818098216334313,True
soh40,46,6,0.1662742130090814,0.2902640358044524,0.18884133332861555,0.3433521947549017,True,0.4,0.2,0.2,0.2,0.0760057317309448,0.07791140000265531,False,0.20976320041331678,0.5304940227821043,True,0.22117862762488194,0.3956702607843379,True,0.24841777354531866,0.36933309545050924,True
soh40,46,7,0.1978506490658683,0.3030667018595142,0.22124078618935977,0.353692963619437,False,0.4,0.2,0.2,0.2,0.10429010057190241,0.10056165481982274,False,0.22028471044100795,0.48480556465055913,True,0.26343340392798364,0.3964215210568192,False,0.2969549298165451,0.43298311395054684,False
soh40,46,8,0.15340125098180538,0.3019748935994455,0.1767216897195309,0.36232398937922067,False,0.4,0.2,0.2,0.2,0.060119496030903205,0.060578510480344835,True,0.1945283509798186,0.58528246206008,False,0.23302345947836464,0.45351870516548587,False,0.21921545238903714,0.34991627981097184,True
soh40,46,9,0.13904339798373347,0.26036552939089236,0.1607356881389505,0.3101919425208022,True,0.4,0.2,0.2,0.2,0.052274237362865295,0.06105987687125307,False,0.18567177265339685,0.4638796741851409,True,0.198687109516406,0.3501369051958601,True,0.2063096330231339,0.3656913138309546,False
soh40,46,10,0.14139540921019525,0.2515645570828494,0.16329819360606726,0.3010072721439209,True,0.4,0.2,0.2,0.2,0.05378427162670718,0.053793696838563304,True,0.182950549696011,0.46308890392547863,True,0.20289606308390482,0.33146428961206276,True,0.21356189001764606,0.3556821981995791,False
soh40,46,11,0.14294515781342798,0.24568517091535916,0.16556659856163505,0.2939586499682119,True,0.4,0.2,0.2,0.2,0.052459394820599574,0.05259125470394815,True,0.18656813682788867,0.4446295917751549,True,0.19924327763608254,0.32664485588359765,True,0.22399558496196945,0.35196889751014687,False
soh40,46,12,0.14615354511947637,0.3165791711324502,0.16799009944688512,0.37728418696771143,False,0.4,0.2,0.2,0.2,0.058807327809841284,0.07375910779140507,False,0.18539793286048434,0.5744656752929984,False,0.2065756929851155,0.450366685912166,False,0.22117944413209936,0.4105452788742763,False
soh40,46,13,0.15148424805100552,0.28083822130039304,0.17354382065389123,0.3349888389649744,False,0.4,0.2,0.2,0.2,0.0632459576394626,0.06423575064206771,False,0.1834668311409011,0.5074122217733877,False,0.210302034487039,0.397376223231074,False,0.23716045934816224,0.3709311602133681,False
soh40,46,14,0.13230907912470938,0.26597843378788455,0.1531394381807968,0.31935591900847093,False,0.4,0.2,0.2,0.2,0.0489876429003596,0.05246849290553897,True,0.17857548676082713,0.5091469461660051,False,0.19433177205565996,0.367077035861181,False,0.19066285100634053,0.34873120110115857,True
soh40,46,15,0.13951265524710385,0.277667630650232,0.159682873608264,0.3303222615221365,False,0.4,0.2,0.2,0.2,0.05883178180246328,0.06704910716261388,False,0.1839414103466559,0.529101253659593,False,0.1943371513951793,0.3724512955614023,False,0.2016211508887575,0.3526873897049368,False
soh40,46,16,0.1319565540892631,0.2717569416858339,0.1528383454190055,0.3243257706942861,False,0.4,0.2,0.2,0.2,0.0484293887702935,0.06148162565202511,False,0.17595864071287526,0.4979477044370115,False,0.1957929612967866,0.37173421612393537,False,0.19117239089606666,0.3661395365641724,False
soh40,46,17,0.1351941154016941,0.26417619680222043,0.15543350459887934,0.31444420243068105,False,0.4,0.2,0.2,0.2,0.054236558612953185,0.06310417428837801,False,0.18214091479619735,0.4864407398474723,False,0.19263520838975004,0.3609501302722801,False,0.19272133659661672,0.34728176531459365,True
soh40,46,18,0.13982839209482456,0.2722586365509928,0.16114907045392182,0.32432278138457127,False,0.4,0.2,0.2,0.2,0.054545678658435535,0.06400205721667886,False,0.17829162071128835,0.5039308103311472,False,0.21588937139893907,0.37512335734427876,False,0.19586961104702436,0.35423490064618024,False
soh40,46,19,0.13485041557291924,0.26338662271719754,0.15630942040342538,0.3165292603770195,False,0.4,0.2,0.2,0.2,0.049014396250894654,0.05081607207790963,True,0.17652435105323014,0.502193598339333,False,0.19966878252280937,0.3853566635700039,False,0.2000301517867673,0.3277507075208314,True
soh40,46,20,0.14911936122234545,0.24826435320859502,0.1723520823793397,0.29697986399784704,False,0.4,0.2,0.2,0.2,0.05618847659436848,0.053402310051586695,False,0.18786470470193026,0.4408471184876696,True,0.2290610514415378,0.35989826643097644,False,0.21629409677952216,0.3337717610211555,False
soh40,46,21,0.16411379472798238,0.260148569401372,0.18506001481281073,0.3140604237708833,False,0.4,0.2,0.2,0.2,0.080328914388669,0.04450115192332657,True,0.20589264963265297,0.5105231753938212,False,0.23362517419719878,0.38317013239714576,False,0.2203933210327221,0.3180472353692397,True
soh40,46,22,0.13633639752685595,0.25408376164940205,0.1586868652579568,0.3052280493182315,False,0.4,0.2,0.2,0.2,0.04693452660245248,0.049506610974084216,False,0.17930877814574298,0.4641234395932179,False,0.22057506330568946,0.368218983132425,False,0.18792909297794233,0.3390631635731988,False
soh40,46,23,0.13718377426067763,0.2914479845772315,0.1580881067329843,0.3486508328423911,False,0.4,0.2,0.2,0.2,0.05356644437145087,0.06263659151659272,False,0.1766747183916789,0.536067883300103,False,0.19313775042919454,0.3997244149194494,False,0.20897351373961293,0.39617444163341936,False
soh40,46,24,0.15884677560073607,0.33644219747904286,0.1807795231294792,0.3940012869975818,False,0.4,0.2,0.2,0.2,0.07111578548576357,0.10620583940488694,False,0.19683684520259645,0.5361793970474206,False,0.20864628824581558,0.4703807198248588,False,0.24651917358374117,0.46323919171316086,False
soh40,46,25,0.14663850441164886,0.3028535689092253,0.16634754811200442,0.36041768606269936,False,0.4,0.2,0.2,0.2,0.06780232961022661,0.07259710029532902,False,0.1941330630764736,0.5296741993109412,False,0.20655425003367964,0.459849812890982,False,0.19690054972763785,0.3795496317535452,False
soh40,46,26,0.1246247706374618,0.28928478306219463,0.14516810663635932,0.3458366974116023,False,0.4,0.2,0.2,0.2,0.04245142664187174,0.06307712566456405,False,0.1659054103952613,0.46596793687701715,False,0.1859376013276003,0.47224102474574453,False,0.18637798818070397,0.38206070235908335,False
soh40,46,27,0.12259384122644798,0.2642173186117145,0.14247262391809723,0.3160878028598712,False,0.4,0.2,0.2,0.2,0.04307871045985094,0.05673538161908752,False,0.166113411797267,0.4976898624216107,False,0.18014055221651756,0.34573706471712534,False,0.1805578211987534,0.3641889026816613,False
soh40,46,28,0.12131529523007858,0.2684920761869429,0.14133958229257876,0.3223829764600021,False,0.4,0.2,0.2,0.2,0.04121814698007782,0.05292847509470591,False,0.16739477836665137,0.48805652214963313,False,0.18543858589126558,0.4067376239153349,False,0.1713068179323203,0.3418092846803345,False
soh40,46,29,0.12564318770134428,0.25935338805710983,0.14518182548977923,0.31129358958588677,False,0.4,0.2,0.2,0.2,0.04748863654760439,0.05159258194200222,False,0.16660659685709836,0.45675169135442856,False,0.1826105253194099,0.3999956784520204,False,0.18402154323500428,0.33683440659509584,False
soh40,46,30,0.1357246138269973,0.30653853042398316,0.15624015544633257,0.3595054544054532,False,0.4,0.2,0.2,0.2,0.053662447349656237,0.09467083449810293,False,0.176484320913208,0.4930663925430512,False,0.2003230158598808,0.42029303139216534,False,0.19449083766258524,0.42999155918849324,False
soh40,46,31,0.1309695080644057,0.26938764485861466,0.15206129558439194,0.32159323894197234,False,0.4,0.2,0.2,0.2,0.04660235798446057,0.0605652685251841,False,0.1739777485001144,0.4732493584277961,False,0.1950579334738246,0.40089739115157846,False,0.19260714237916818,0.3516609376633306,False
soh40,46,32,0.1276152523579248,0.24165915644015037,0.14689832380060064,0.2915780523656759,True,0.4,0.2,0.2,0.2,0.05048296658722147,0.041983572738048175,True,0.17370262884930598,0.45436779999816773,False,0.1835532243262321,0.34954865696909393,False,0.17985447543964297,0.32041217975739383,False
soh40,46,33,0.1358533054774954,0.25517617010797694,0.15670043766489644,0.3069167200687213,False,0.4,0.2,0.2,0.2,0.052464776727891134,0.04821397026499953,False,0.1724953615386758,0.44688621118812155,False,0.2059186141556527,0.4014096790449848,False,0.19592299823736617,0.33115701977677925,False
soh40,46,34,0.11569528677662491,0.2957651425559784,0.13451572565691836,0.3531217321887744,False,0.4,0.2,0.2,0.2,0.04041353125545113,0.06633878402479465,False,0.16407857887771668,0.5416818182283093,False,0.17250422363635418,0.44935683674979826,False,0.16106656885815143,0.3551094897521953,False
soh40,46,35,0.12287665362093614,0.23619271877046416,0.14280968097989744,0.28522370080515214,True,0.4,0.2,0.2,0.2,0.04314454418509092,0.04006879063171202,True,0.1722921081798229,0.42753960025452753,True,0.18297556434422377,0.3638127639959234,False,0.17282650721045212,0.30947364833844565,True
soh40,46,36,0.1442399531217335,0.27975982491919643,0.1635183786350712,0.3327990732011118,False,0.4,0.2,0.2,0.2,0.0671262510683826,0.06760283179153488,False,0.1771858427175498,0.4896306543840509,False,0.19642903802896194,0.4077739630185935,False,0.21333238272539046,0.36618884361026804,False
soh40,46,37,0.11820985534985036,0.28534926947158895,0.13778859605077043,0.34359819917441464,False,0.4,0.2,0.2,0.2,0.039894892546170097,0.05235355066028607,False,0.16427298764908374,0.5284604361107929,False,0.17717460096422258,0.44567899400374084,False,0.16981190304360524,0.3478998159228388,False
soh40,46,38,0.11816841451861237,0.24801924048965726,0.13821362683600716,0.2976306437412094,False,0.4,0.2,0.2,0.2,0.037987565249033205,0.049573627483448596,False,0.1604835548947511,0.449797782615946,False,0.18161525400536802,0.354549349010098,False,0.17276813319487627,0.33660181585534504,False
soh40,46,39,0.12554382569763592,0.2853500916259782,0.14505501755987482,0.34471573891244034,False,0.4,0.2,0.2,0.2,0.04749905824868029,0.04788750248012946,False,0.16911752003897174,0.5432124246075085,False,0.18900311998166874,0.4510196251477323,False,0.17460037197017855,0.3367434034143911,False
soh40,46,40,0.12876911443869746,0.30696613736899786,0.14869939436309992,0.36618131739691,False,0.4,0.2,0.2,0.2,0.04904799474108761,0.0701054172573493,False,0.17072384505264027,0.5359486307202005,False,0.19314804508232777,0.4664034907460757,False,0.18187769257634398,0.3922677308640146,False
soh40,46,41,0.119430953281974,0.32611545429671435,0.13922402573944606,0.3878473327171876,False,0.4,0.2,0.2,0.2,0.04025866345208578,0.07918794061482133,False,0.16547650721947602,0.584467607445152,False,0.19122839440454664,0.5202041132521614,False,0.1599325378816758,0.36752966955661553,False
soh40,46,42,0.12351810970613278,0.29197847519225545,0.14341131597045567,0.3463003525584751,False,0.4,0.2,0.2,0.2,0.04394528464884118,0.0746909657273768,False,0.16793936503700002,0.48441575093383893,False,0.18856716836244783,0.4389970100292688,False,0.17319344583353366,0.38709768354341584,False
soh40,46,43,0.11800918530436945,0.2541309885353515,0.13762595163584324,0.30557071027727356,False,0.4,0.2,0.2,0.2,0.03954211997847428,0.0483721015676631,False,0.16191421987881874,0.4260363352642263,True,0.17772091479328336,0.4214237148699629,False,0.17132655189279655,0.32645068940724203,False
soh40,46,44,0.1166110430720595,0.27529019314146647,0.1362395574909736,0.33172615289515456,False,0.4,0.2,0.2,0.2,0.03809698539640307,0.04954635412671415,False,0.16269725166892857,0.5313642603599414,False,0.17754361499589852,0.4114822584033009,False,0.16662037790266426,0.3345117386906617,False
soh40,46,45,0.11727856930854283,0.2941144435123133,0.13690361071131563,0.35115431646004763,False,0.4,0.2,0.2,0.2,0.03877840369745163,0.0659549517213758,False,0.16880701960021174,0.5350817162898255,False,0.17733716844280156,0.4488346951071809,False,0.16269185110479756,0.35474590272180856,False
soh40,46,46,0.12263586229624225,0.2614071537134394,0.14173726388628072,0.31421169118091047,False,0.4,0.2,0.2,0.2,0.046230255936088364,0.05018900384355528,False,0.16463022390498303,0.4968192797927384,False,0.19069381702582686,0.39775701372035793,False,0.16539475867822462,0.3120814673669902,False
soh40,46,47,0.12313789655014651,0.23894787519205563,0.14312651135456048,0.2871470515307141,False,0.4,0.2,0.2,0.2,0.04318343733249064,0.04615116983742152,False,0.17804904317674256,0.4328839838328145,False,0.18854562383779513,0.3603508819834573,False,0.16272794107121358,0.3092021704691632,True
soh40,46,48,0.10859617623984383,0.2720804754796199,0.12651020240316732,0.3271979023441715,False,0.4,0.2,0.2,0.2,0.036940071586549876,0.05161076802141357,False,0.15918676199937884,0.525492295319221,False,0.1653985195934671,0.3924985523475179,False,0.14451545643327343,0.3391899936885334,False
soh40,46,49,0.11292411078473455,0.2519175228671555,0.13121545260003667,0.30214833514417255,False,0.4,0.2,0.2,0.2,0.039758743523525965,0.05099427375908705,False,0.1589884073260166,0.43395493144443703,False,0.17007308538437868,0.3947539496828525,False,0.15604157416622547,0.32889018569031375,False
soh40,46,50,0.10619440905254775,0.28558382967501966,0.12466718062615753,0.3419032348208511,False,0.4,0.2,0.2,0.2,0.03230332275810857,0.06030620909169361,False,0.15361924635915641,0.5132280265794639,False,0.1765003406036478,0.45268685225526917,False,0.13624581278371736,0.34139185135697786,False
soh40,46,51,0.11241317280932775,0.26009570219723716,0.13119139877776045,0.3106621455209612,False,0.4,0.2,0.2,0.2,0.03730026893559683,0.0578299289023408,False,0.1562971238250259,0.4728909303325181,False,0.16988848039196516,0.37380972266616386,False,0.161279721958454,0.33811800018282206,False
soh40,46,52,0.11558233612502791,0.25453724554792984,0.13426694057666105,0.30391189298139043,False,0.4,0.2,0.2,0.2,0.040843918318495195,0.057038655814087284,False,0.1610689103897416,0.41772262629999507,True,0.1757553134652643,0.4238497549235966,False,0.15939962013314318,0.3170365348878828,False
soh40,46,53,0.1180674565041656,0.25490988772774814,0.13734129218198737,0.3068414960154512,False,0.4,0.2,0.2,0.2,0.04097211379287842,0.04718345457693601,False,0.1590439554662837,0.44973547584634593,False,0.18454729297287653,0.39406180321562445,False,0.16480180649591092,0.3363852504228983,False
soh40,46,54,0.11528463117882941,0.27614061972959064,0.13486881493810007,0.3307499596098521,False,0.4,0.2,0.2,0.2,0.03694789614174673,0.05770326020854477,False,0.16341440040731445,0.4664099737948077,False,0.18062221508655227,0.41996679499257666,False,0.15849074811678684,0.37891980944347914,False
soh40,46,55,0.10995071699988668,0.2793574557751616,0.12930162744427032,0.33743162563568335,False,0.4,0.2,0.2,0.2,0.03254707522235209,0.04706077633307419,False,0.15707484431655214,0.511339390910071,False,0.18061776591278092,0.46529274055219433,False,0.1469668243253961,0.3260335947473941,False
soh40,46,56,0.1147863380824736,0.2858815041494042,0.13396762043421231,0.3453335122235003,False,0.4,0.2,0.2,0.2,0.03806120867551868,0.04807347185301997,False,0.16121298768680353,0.5418057605583341,False,0.17856315261253106,0.47735749074599365,False,0.158033132761996,0.31409732573665344,False
soh40,46,57,0.13869157835372775,0.2744860212880112,0.15870953717602523,0.33016081720475454,False,0.4,0.2,0.2,0.2,0.05861974306453779,0.051786837621037696,False,0.18553856882767636,0.5363281703362878,False,0.18472229627972017,0.40454637949950034,False,0.2059575405321666,0.32798188136219236,False
soh40,46,58,0.11951443684109073,0.27352916365888047,0.13951621938774023,0.32653046266380126,False,0.4,0.2,0.2,0.2,0.03950730665449265,0.061523967639197034,False,0.16389633882265495,0.4990897887636572,False,0.1780152029079978,0.3890146469107231,False,0.17664602916581554,0.35649344734162774,False
soh40,46,59,0.11532715184641538,0.26064289314983047,0.13667422329481416,0.3140186386540388,False,0.4,0.2,0.2,0.2,0.02993886605282016,0.0471399111329969,False,0.17308269025966663,0.4482733066570208,False,0.20331871694121148,0.4268181586659841,False,0.14035661992555842,0.3338431781601534,False
soh40,46,60,0.10453525056770645,0.274879619584969,0.12258021899019042,0.33190382329121926,False,0.4,0.2,0.2,0.2,0.03235537687777063,0.046782804759967725,False,0.15500582572668753,0.546875695988201,False,0.1644158150251315,0.4035565489952389,False,0.13854385833117197,0.3304002434214695,False
soh40,46,61,0.10761016260443976,0.2603203372356044,0.125920322060672,0.31250291136168395,False,0.4,0.2,0.2,0.2,0.03436952477951075,0.051590040731285994,False,0.15397540571854243,0.4731803514167161,False,0.16420912973686194,0.3903379167546845,False,0.15112722800777287,0.3349033365440493,False
soh40,46,62,0.10516948606555768,0.269250439396084,0.12343689591151533,0.3234247622281125,False,0.4,0.2,0.2,0.2,0.032099846681727086,0.05255314806796993,False,0.1540143277342296,0.4780974770552138,False,0.16437434130683046,0.42704915208093075,False,0.14325906792327414,0.3359992717083355,False
soh40,46,63,0.09622439861455617,0.287581375344551,0.1143209495198786,0.3453651124444912,False,0.4,0.2,0.2,0.2,0.023838194993266438,0.05644642694479029,False,0.14658705350438453,0.48765041748224025,False,0.16087610153146528,0.49048326844512286,False,0.12598244805039815,0.34688033690581127,False
soh40,46,64,0.0990076441653742,0.24815928264207449,0.11684349491912685,0.2981097456671873,False,0.4,0.2,0.2,0.2,0.027664241150363627,0.04835743054162339,False,0.14799436529667606,0.4137072504998331,True,0.1622065343624863,0.4018073823064472,False,0.1295088388669814,0.32856691932084536,False
soh40,46,65,0.10486694063393123,0.30181016291743024,0.12386629104089272,0.3626053546221333,False,0.4,0.2,0.2,0.2,0.028869539006085233,0.05862939609861806,False,0.15235509466080036,0.5068358903605567,False,0.1747524773915332,0.5292744205930606,False,0.13948805310515208,0.35568171143629773,False
soh40,46,66,0.106016162704934,0.31154833284696737,0.1246673590702369,0.37134192084821716,False,0.4,0.2,0.2,0.2,0.031411377243722303,0.072373980841968,False,0.15481489465457418,0.5767276128722357,False,0.1706675300360195,0.44571603063927956,False,0.14177563434663162,0.3905500590393854,False
soh40,46,67,0.1037926285827934,0.24660213584284119,0.12222446985595449,0.2964569588624557,False,0.4,0.2,0.2,0.2,0.03006526349014906,0.047182843764382906,False,0.14944206878429842,0.4432654590157945,False,0.1733836305147822,0.3676390389094097,False,0.13600691663458825,0.32774049376023584,False
soh40,46,68,0.10392931691856301,0.3399016708136668,0.12146976372008836,0.4051882056605127,False,0.4,0.2,0.2,0.2,0.03376752971246155,0.0787555314262828,False,0.15049960312240784,0.5896453233934374,False,0.166564715816681,0.5818389726970418,False,0.1350472062288031,0.37051299512528907,False
soh40,46,69,0.10828009113377654,0.30292170809231506,0.1264565657271766,0.3580863343189311,False,0.4,0.2,0.2,0.2,0.03557419276017632,0.08226320318585076,False,0.15104281841184028,0.505020846693077,False,0.17419554528130113,0.4544187322131054,False,0.14501370645538866,0.3906425551836911,False
soh40,46,70,0.09977771956140473,0.30539206279424963,0.11766343350315928,0.36679318703083746,False,0.4,0.2,0.2,0.2,0.028234863794386503,0.059787565847898176,False,0.1474837256281285,0.5878516735263052,False,0.15930296342297937,0.4751297848550213,False,0.13563218116714273,0.3444037238941254,False
soh40,46,71,0.10740027813390371,0.2668977363967104,0.1254109357411911,0.31903181637166317,False,0.4,0.2,0.2,0.2,0.03535764770475404,0.058361416496899195,False,0.15476582733625707,0.49059471327949017,False,0.17086986384677624,0.4005480467800507,False,0.1406504040769771,0.3266230889302127,False
soh40,46,72,0.11612803278411948,0.2995831881314094,0.1350128583620814,0.35979672968151605,False,0.4,0.2,0.2,0.2,0.04058873047227174,0.0587290219309827,False,0.15805990685909843,0.5572739960849592,False,0.18700178825891312,0.4924877008010719,False,0.15440100785804237,0.33069619990905025,False
soh40,46,73,0.11475568576072143,0.25004271710999143,0.13249476301366628,0.3013299570239348,False,0.4,0.2,0.2,0.2,0.04379937674894204,0.0448937574542181,False,0.15880701958608,0.44775880499720416,False,0.1704521401640006,0.3929338371573677,False,0.15692051555564243,0.31973342848694913,False
soh40,46,74,0.11152709142428327,0.3137995524795687,0.13173950539549775,0.3756031749760282,False,0.4,0.2,0.2,0.2,0.030677435539425337,0.06658506249373053,False,0.1564431628701374,0.5026651387412383,False,0.17861995776323125,0.5321569565982764,False,0.16121746540919699,0.4010055420708676,False
soh40,46,75,0.11851590589054989,0.29057108688279265,0.1371523966170445,0.34713714543332114,False,0.4,0.2,0.2,0.2,0.04396994298457146,0.06430685268067882,False,0.16744522826012376,0.5379719412044607,False,0.17943223831591668,0.4394847511902799,False,0.1577621769075661,0.34678503665786503,False
soh40,46,76,0.10823109466727432,0.30326055779097383,0.12658108935670642,0.360101593282293,False,0.4,0.2,0.2,0.2,0.03483111590954596,0.07589641582569687,False,0.15323087524781911,0.5305542706651077,False,0.1684696821135786,0.44221573557962013,False,0.14979268415588193,0.3917399510587473,False
soh40,46,77,0.10036780143284049,0.26380417715941334,0.11876833419047117,0.3171419969702598,False,0.4,0.2,0.2,0.2,0.026765670402317684,0.050452897916027424,False,0.14867892399212715,0.4875153760601412,False,0.16560159321546675,0.3890603498674374,False,0.13402714915197314,0.3415393640374332,False
soh40,46,78,0.10324062571562806,0.3443436103232525,0.12097183969567163,0.41455934081258444,False,0.4,0.2,0.2,0.2,0.032315769795453725,0.06348068836592476,False,0.1529484387563104,0.6863372705358843,False,0.16948557812247303,0.5715741707437552,False,0.12913757210844937,0.33684523360477336,False
soh40,46,79,0.12068417427221914,0.28680208419894543,0.1389369923296643,0.339451592212605,False,0.4,0.2,0.2,0.2,0.04767290204243841,0.07620405214430702,False,0.15997492659800272,0.5120859929429461,False,0.17088642020229536,0.4011121159536526,False,0.17721372047592077,0.3684042078095144,False
soh40,46,80,0.10422353772983636,0.3266915059731638,0.12216871133132473,0.39239497638462406,False,0.4,0.2,0.2,0.2,0.03244284332388281,0.06387762432732251,False,0.1522579489093019,0.5943247067856783,False,0.17089496288233977,0.593995542902766,False,0.13307909020977451,0.3173820315227297,False
soh40,46,81,0.10287133943051788,0.27363661875081835,0.12084801712451698,0.32933341869205296,False,0.4,0.2,0.2,0.2,0.030964628654521438,0.05084941898587967,False,0.15350011441637515,0.46463792140476406,False,0.1614400496087469,0.4640690990432937,False,0.1374872758184245,0.3377772353342745,False
soh40,46,82,0.12353725886770858,0.2770525507201204,0.1432946305965123,0.33465312018967547,False,0.4,0.2,0.2,0.2,0.044507771952493766,0.04665027284190014,False,0.16234500644568783,0.5382128021946134,False,0.20060084116524068,0.4249349725591541,False,0.16572490282262686,0.3288144331630343,False
soh40,46,83,0.10935231558188611,0.32765319458423336,0.12788001071683847,0.3950639751036801,False,0.4,0.2,0.2,0.2,0.03524153504207659,0.05801007250644649,False,0.16253865581468044,0.6026787748055887,False,0.17684034834144471,0.5864286441813485,False,0.1368995036691522,0.33313840892133645,False
soh40,46,84,0.09655322182820147,0.2611845290354347,0.11401211167737915,0.31265509346680936,False,0.4,0.2,0.2,0.2,0.026717662431490766,0.05530227130993615,False,0.14505610976752384,0.45734663790196284,False,0.15808790035476836,0.39109422411856937,False,0.12618677415573362,0.34687724053676905,False
soh40,46,85,0.10153519804788207,0.2671352827904596,0.11886410237541546,0.3201716044197366,False,0.4,0.2,0.2,0.2,0.03221958073774847,0.05498999627335194,False,0.15176891498060668,0.437948458586581,False,0.15736778266444454,0.41541744197238234,False,0.13410013111886215,0.37233052084663093,False
soh40,46,86,0.10397490956323523,0.2603563702693027,0.12210956633932499,0.31173044199708705,False,0.4,0.2,0.2,0.2,0.03143628245887614,0.05486008335816536,False,0.15466637754534293,0.47201117845623947,False,0.16566057161696862,0.39094081993592794,False,0.13667503373611226,0.32910968623801534,False
soh40,46,87,0.10484303235713882,0.2910159213903692,0.12278363866024927,0.3470662903237234,False,0.4,0.2,0.2,0.2,0.03308060714469702,0.06681444565695219,False,0.15048879307154842,0.5129792430927295,False,0.16792542851896097,0.4290619827380779,False,0.13963972590579063,0.3794094898071341,False
soh40,46,88,0.12060250691887117,0.29460851347141725,0.14083805660855261,0.34879637233374483,False,0.4,0.2,0.2,0.2,0.03966030816014533,0.0778570780221069,False,0.162874966724628,0.493544261788371,False,0.18164279493598276,0.41715553916410203,False,0.17917415661345437,0.40662861036039927,False
soh40,46,89,0.10285577547969273,0.2487632180834648,0.12164826036808044,0.29883002440606665,False,0.4,0.2,0.2,0.2,0.02768583592614186,0.04849599279305726,False,0.14939406610926645,0.42655346755522067,False,0.17168230630371242,0.40798550332444977,False,0.13783083313320102,0.31228513395153895,False
soh40,46,90,0.1048265163421155,0.3273695650578073,0.1235809963462931,0.3911613505252838,False,0.4,0.2,0.2,0.2,0.029808596325405095,0.07220242318790125,False,0.1595844489432542,0.6309506777196282,False,0.1701902444598921,0.47622411621431043,False,0.13474069565662103,0.3852681849792952,False
soh40,46,91,0.09836833624225894,0.26822546183686796,0.11601439335834841,0.31891069959412677,False,0.4,0.2,0.2,0.2,0.02778410777790099,0.06548451080783256,False,0.15203678627281048,0.45022965598651427,False,0.161325520412444,0.4068412241031429,False,0.12291115897023819,0.3530874074790174,False
soh40,46,92,0.10333247012794881,0.2650515557663951,0.12094917212745873,0.3193488054265049,False,0.4,0.2,0.2,0.2,0.0328656621299091,0.04786255712595591,False,0.15238704530474267,0.497066564796472,False,0.17006933066225463,0.4179301911752044,False,0.12847465041292852,0.31453590860838715,False
soh40,46,93,0.09662110599998205,0.2700561778813392,0.11420712542433348,0.32499745556073645,False,0.4,0.2,0.2,0.2,0.026277028302576343,0.050291067163749766,False,0.14667522813634368,0.49371195406389884,False,0.16069195594484245,0.43625500003124856,False,0.12318428931357146,0.31973180098404874,False
soh40,46,94,0.09540648810726776,0.2556391873319362,0.1129324890710813,0.3032589533541521,False,0.4,0.2,0.2,0.2,0.025302484252013605,0.0651601232430726,False,0.14962382858272585,0.41028684770239754,True,0.15795090709411094,0.40523006061595096,False,0.11885273635547476,0.33235878185518725,False
soh40,46,95,0.09543092634870153,0.30367287993338754,0.11292648730765115,0.3680565884139585,False,0.4,0.2,0.2,0.2,0.02544868251290304,0.046138046011103606,False,0.1472465055415912,0.5977803719688994,False,0.15714604322608192,0.5026119500799344,False,0.12186471795002841,0.3256959855958966,False
soh40,46,96,0.09202488244700828,0.27379171127425445,0.10917026739629637,0.3284061321427393,False,0.4,0.2,0.2,0.2,0.023443342649855866,0.05533402780031509,False,0.1420248454782205,0.4531185962038775,False,0.15193395019053343,0.46348376046487966,False,0.11927893126657567,0.34168814410188486,False
soh40,46,97,0.10266948718973665,0.26941573730430507,0.11908282234439191,0.32083827278342947,False,0.4,0.2,0.2,0.2,0.03701614657111559,0.06372559538780742,False,0.14834018566093046,0.4557508732324029,False,0.1586120752515868,0.4100957501928515,False,0.13236288189393475,0.3537808723206562,False
soh40,46,98,0.09913046267861825,0.28513835833345846,0.11694450513115717,0.34128405386740046,False,0.4,0.2,0.2,0.2,0.027874292868462602,0.060555576197690475,False,0.14360503881529166,0.45365449187223406,False,0.16431468141654124,0.5036040276262054,False,0.13198400742433317,0.34732211977347194,False
soh40,46,99,0.09722958489046539,0.2716249421000991,0.11431719859621954,0.324271246170278,False,0.4,0.2,0.2,0.2,0.028879130067448737,0.06103972581938314,False,0.14507406922462515,0.4729751189811278,False,0.1586977642505422,0.42807299078008004,False,0.12461783084226208,0.3349971491005211,False
soh40,46,100,0.09297570905999979,0.27118066699118415,0.11058734563870737,0.3251434648594602,False,0.4,0.2,0.2,0.2,0.02252916274516949,0.05532947551807968,False,0.14110378953140137,0.43388909064272285,False,0.15560314868769656,0.4586982399613712,False,0.12311328159056201,0.35265705331566716,False
soh40,46,101,0.09769243507583202,0.2711279949599653,0.11591791950439269,0.3214543567851934,False,0.4,0.2,0.2,0.2,0.024790497361589305,0.06982254765905282,False,0.1481673077036915,0.42139871539214874,False,0.16055912480244264,0.41343527039519284,False,0.13015474814984734,0.38116089369437933,False
soh40,46,102,0.09285816644836258,0.25972008708480643,0.11069624123113501,0.310970117540149,False,0.4,0.2,0.2,0.2,0.02150586731727276,0.054719965263435845,False,0.144286588766557,0.42680660679904303,False,0.1599991356474983,0.41691830622347953,False,0.116993373193212,0.34543559187463774,False
soh40,46,103,0.0982035882790456,0.3017571513771824,0.1159151325709178,0.3606465249565109,False,0.4,0.2,0.2,0.2,0.027357411111556765,0.0661996570598683,False,0.14716366557575425,0.562981421454677,False,0.1651612596028314,0.4538828744747349,False,0.12397819399352879,0.3595221468367633,False
soh40,46,104,0.09311162927217863,0.3425570311868219,0.11019564020761136,0.4152011712428386,False,0.4,0.2,0.2,0.2,0.02477558553044772,0.05198047096275491,False,0.14282641118195186,0.6796501293585543,False,0.15574800670943081,0.5870583640184114,False,0.11743255740861502,0.3421157206316339,False
soh40,46,105,0.0925432998392311,0.2654133661837982,0.11016591549374047,0.31972313870659236,False,0.4,0.2,0.2,0.2,0.0220528372211936,0.048174276092621496,False,0.14426098057150014,0.4587969174865774,False,0.15411813300637459,0.44109076040181544,False,0.12023171117589355,0.330830600845355,False
soh40,46,106,0.10909383709256368,0.28406209314912617,0.12766091906962346,0.34327660122215026,False,0.4,0.2,0.2,0.2,0.034825509184324525,0.04720406085702948,False,0.15613944749634975,0.492381082877672,False,0.1699684873219519,0.5002945449432302,False,0.14971023227586766,0.3332267162106695,False
soh40,46,107,0.10013183371503778,0.30905450300391085,0.11807308408381331,0.37029369047885696,False,0.4,0.2,0.2,0.2,0.028366832239935594,0.06409775310412634,False,0.15010702402335097,0.6043494896384017,False,0.1652190216737814,0.4750978893068609,False,0.12859945839818532,0.3376296298660389,False
soh40,46,108,0.11183932862842498,0.2663430773280095,0.12956131975911717,0.32088879052933467,False,0.4,0.2,0.2,0.2,0.04095136410565618,0.04816022452270877,False,0.15654108436180017,0.46368520149485204,False,0.1766115301567354,0.44167272810761843,False,0.1441413004122769,0.33003700799215946,False
soh40,46,109,0.10729643897053238,0.2846632634023802,0.12481465166819372,0.34381688280145956,False,0.4,0.2,0.2,0.2,0.037223588179887065,0.04804878580606236,False,0.1519165213481105,0.5313158978487319,False,0.16825199203837846,0.46806788355163587,False,0.14186650510639884,0.3278349639994083,False
soh40,46,110,0.09193086614151265,0.26413352660434397,0.10929292733545894,0.31577423842787355,False,0.4,0.2,0.2,0.2,0.02248262136572747,0.05757067931022529,False,0.14384144387807954,0.4506993808517252,False,0.15616986925010132,0.43725733540740425,False,0.11467777484792745,0.3175695581421397,False
soh40,46,111,0.10170812021993014,0.2975995624122917,0.12014706435869434,0.3579169621577303,False,0.4,0.2,0.2,0.2,0.027952343664873355,0.0563299634305372,False,0.14963533518751482,0.5623311714856661,False,0.1669099211627649,0.4727198440047922,False,0.13609065741962428,0.3402868697099255,False
soh40,46,112,0.09214807090099196,0.25639562016558487,0.10948038573723574,0.30805194936618957,False,0.4,0.2,0.2,0.2,0.022818811556016807,0.049770303363166186,False,0.1418900947051662,0.44290731304558023,False,0.1557662040210152,0.40259734301213684,False,0.11744643266674475,0.3369328380438749,False
soh40,46,113,0.09141410764090084,0.2824403418837874,0.10879010031420222,0.3394824754839053,False,0.4,0.2,0.2,0.2,0.021910136947695304,0.05427180748331583,False,0.14308322515046631,0.4806748972031169,False,0.1532094910246216,0.4775701393670742,False,0.11695754813402563,0.3454130578821144,False
soh40,46,114,0.10523909967954527,0.2984211430103315,0.12301296103827566,0.3545860726956142,False,0.4,0.2,0.2,0.2,0.03414365424462366,0.0737614242692008,False,0.15465614287619053,0.4617893597385741,False,0.1679949385474286,0.5019511881721804,False,0.13525710848485986,0.38084231860250145,False
soh40,46,115,0.09501197076671908,0.25906994509483394,0.11284369265070288,0.31028004626676303,False,0.4,0.2,0.2,0.2,0.023685083230783815,0.0542295404071174,False,0.14952102320998623,0.46228104788525615,False,0.15821486009558441,0.39647548110962755,False,0.11995380406645705,0.32813411566505096,False
soh40,46,116,0.09656814894273236,0.25401594400857863,0.11451816411127402,0.30518812012841234,False,0.4,0.2,0.2,0.2,0.024768088268565698,0.04932723952924377,False,0.14707047497620632,0.47440160193053565,False,0.16157336170146294,0.37710078140774245,False,0.12466073149886114,0.31992285764612743,False
soh40,46,117,0.10116761755452788,0.25171060801190054,0.11996384492839504,0.3032266212363735,False,0.4,0.2,0.2,0.2,0.02598270805905917,0.04564655511400851,False,0.14438696792226355,0.46595549933545094,False,0.16634877273147908,0.39898780527112426,False,0.14313693100077843,0.3023166252249104,True
soh40,46,118,0.1166061440849876,0.29138269622217666,0.1356993064782902,0.34789206753486357,False,0.4,0.2,0.2,0.2,0.04023349451177717,0.06534521097142891,False,0.15823884160013535,0.4756570416919992,False,0.17090774346629908,0.4699648625962485,False,0.1734171463349492,0.3806011548797778,False
soh40,46,119,0.0938668461008115,0.2683126552950971,0.1108792030295586,0.3204330266696578,False,0.4,0.2,0.2,0.2,0.025817418385823028,0.05983116979685435,False,0.1418824234290753,0.46769363854769663,False,0.1574399633299641,0.4237733058095725,False,0.11837700697337199,0.33043399252450767,False
soh40,46,120,0.09201664141527291,0.25491962740612484,0.10934408883051326,0.30740843247120675,False,0.4,0.2,0.2,0.2,0.022706851754311506,0.04496440714579695,False,0.13973970855501888,0.46763891893197124,False,0.1568907320128873,0.39256514214200705,False,0.11803906299983535,0.32446526166505185,False
soh40,46,121,0.08860623807553036,0.24998837973959132,0.10585214792063857,0.30080573240304276,False,0.4,0.2,0.2,0.2,0.019622598695097547,0.04671896908578556,False,0.1401024679915521,0.4312933498957172,False,0.15173925698068247,0.4034542258709429,False,0.11194426801522217,0.3217563847597254,False
soh40,46,122,0.106566666802734,0.2752688002001544,0.12424624935898818,0.33063382905128175,False,0.4,0.2,0.2,0.2,0.03584833657771719,0.053808684795644705,False,0.15713653301305153,0.4811819220164435,False,0.17520942842924292,0.4515496873913783,False,0.1287906994159411,0.3359950220016606,False
soh40,46,123,0.11309497815596573,0.282564080801452,0.13247467113319628,0.3375570284219788,False,0.4,0.2,0.2,0.2,0.03557620624704347,0.06259229031934478,False,0.15348818939498735,0.4617242524033731,False,0.17724772074832126,0.4618983913390184,False,0.16358656814243305,0.3640131796261789,False
soh40,46,124,0.1045186022798801,0.28382855448075006,0.12311810650539123,0.3403295347827493,False,0.4,0.2,0.2,0.2,0.03012058537783552,0.05782463327275302,False,0.14831158711822984,0.47467734587285726,False,0.16896445826053394,0.48569351498307184,False,0.1450757952649656,0.34312264500231504,False
soh40,46,125,0.09833313267106668,0.2770821624156013,0.11643942306091308,0.33196529280664194,False,0.4,0.2,0.2,0.2,0.02590797111168104,0.057549640851438585,False,0.1474658463841169,0.4979804293771772,False,0.16599078268683667,0.4220861041315535,False,0.12639309206101773,0.35024499686639854,False
soh40,46,126,0.09306996071368097,0.3183961681058137,0.10985899436699015,0.38306716742370023,False,0.4,0.2,0.2,0.2,0.025913826100444237,0.05971217083426761,False,0.14332710635837628,0.5927384406463817,False,0.15119146699086292,0.5271643462266651,False,0.11900357801827716,0.35265371198748663,False
soh40,46,127,0.09337572394814397,0.2784031087157341,0.11049908636284171,0.33357311807470696,False,0.4,0.2,0.2,0.2,0.024882274289353044,0.057723071279842685,False,0.14189322383033143,0.5042853482984159,False,0.1549951955177474,0.4209359805165536,False,0.12022565181393495,0.3513480722040157,False
soh40,46,128,0.10632777922686039,0.2897642834813631,0.12499359512113434,0.34910777856761416,False,0.4,0.2,0.2,0.2,0.03166451564976451,0.052390303136358805,False,0.15048379334004364,0.5581968023525595,False,0.18120223019502416,0.4727052795914193,False,0.1366238412997051,0.31313872919011915,False
soh40,46,129,0.09013695875546485,0.26226555817607927,0.10721850109860463,0.3144392428687815,False,0.4,0.2,0.2,0.2,0.021810789382905673,0.05357081940527049,False,0.14010566655005674,0.4716002114716955,False,0.15553132952841348,0.41349523008711114,False,0.11142621893304266,0.31909071051104876,False
soh40,46,130,0.10181639891590777,0.2512719140111796,0.119761133278003,0.3024258311261143,False,0.4,0.2,0.2,0.2,0.030037461467526796,0.04665624555144065,False,0.15005452334063601,0.45372462270110603,False,0.16094316278541815,0.3917649491972625,False,0.13800938551843106,0.3175575070546482,False
soh40,46,131,0.09393558753069309,0.264939505927297,0.11105389330836843,0.31723563418485706,False,0.4,0.2,0.2,0.2,0.025462364419991723,0.05575499289705674,False,0.14276258165129196,0.4587099823987049,False,0.15342495621070293,0.4076902490775542,False,0.12256567095148707,0.34678731236611243,False
soh40,46,132,0.0916197939104347,0.2413283178287029,0.10807608088916038,0.2905520118137394,False,0.4,0.2,0.2,0.2,0.025794645995532002,0.04443354188855681,False,0.14002722734424447,0.4169379902719594,False,0.15252764477385364,0.3794423302681255,False,0.11395480544301138,0.321394184826316,False
soh40,46,133,0.10067020215919076,0.24995068351837316,0.11863901898235446,0.3005326028382969,False,0.4,0.2,0.2,0.2,0.02879493486653594,0.04762300623867807,False,0.14707918975633075,0.4110625396479026,False,0.16571170835031807,0.4168414184969311,False,0.13297024295623308,0.3266034469696758,False
soh40,46,134,0.1017688478411404,0.2704296232500373,0.12040546104135189,0.3241270610580606,False,0.4,0.2,0.2,0.2,0.027222395040294372,0.055639872017943966,False,0.1583218378076167,0.45333223816680873,False,0.16793729825761392,0.43789983534775384,False,0.12814031305988263,0.3496362986997359,False
soh40,46,135,0.09598476890183583,0.33058381177546975,0.11334980213357929,0.3977905208840723,False,0.4,0.2,0.2,0.2,0.026524635974861956,0.06175697534105929,False,0.14600441865010705,0.6198013677401236,False,0.1588036734336041,0.5722907746065485,False,0.12206648047574402,0.3373129658485579,False
soh40,46,136,0.09823165270206914,0.2772282469760586,0.11603958438783793,0.3305044425062776,False,0.4,0.2,0.2,0.2,0.026999925958994003,0.06412346485518257,False,0.14802736671444341,0.47768217488734527,False,0.15919032302399994,0.41734804249831464,False,0.12994072185391434,0.3628640877842679,False
soh40,46,137,0.10159096608580902,0.26842594971316813,0.12010022552025268,0.3251758329888845,False,0.4,0.2,0.2,0.2,0.027553928348034402,0.041426416610302885,False,0.1485104451999931,0.47449645817118163,False,0.1685832158270841,0.47665955621951683,False,0.13575331270589905,0.3081209009545364,False
soh40,46,138,0.08792569977013838,0.28123992124293673,0.1047039656435826,0.33811015261099897,False,0.4,0.2,0.2,0.2,0.02081263627636152,0.05375899577068778,False,0.1387983932645007,0.5121031895919096,False,0.15131553353878716,0.4487788982387524,False,0.107889299494681,0.3377995268426462,False
soh40,46,139,0.0935881866924466,0.2900643922950551,0.11183679306309025,0.3489689590391597,False,0.4,0.2,0.2,0.2,0.02059376120987199,0.054446125318636705,False,0.14313207633498956,0.515916594716227,False,0.16145201663065825,0.4861697641338341,False,0.12216931807684119,0.3393433519879409,False
soh40,46,140,0.09323517967797129,0.27909852547345987,0.11045455460007729,0.336885512461872,False,0.4,0.2,0.2,0.2,0.02435767998954727,0.047950577519811535,False,0.14079617788806267,0.48753131957993884,False,0.15384451919813383,0.47067117043068873,False,0.12281984132456543,0.3413889823170488,False
soh40,46,141,0.1161279810340741,0.3150264026525947,0.13418394605760792,0.3825160860553515,False,0.4,0.2,0.2,0.2,0.04390412093993869,0.04506766904156734,False,0.16304473070612693,0.6634924497818518,False,0.18506574208667645,0.4996566513580305,False,0.14472119049768967,0.3218475740399563,False
soh40,46,142,0.10056244966992063,0.29040772169036994,0.11830724017287376,0.3496165669443947,False,0.4,0.2,0.2,0.2,0.02958328765810805,0.05357234067427068,False,0.14853272885191093,0.5176214904317065,False,0.167659948296948,0.5212665700614871,False,0.12745299588452808,0.30600586661011475,False
soh40,46,143,0.09694708441271377,0.25938106011266027,0.11380727375155959,0.31237359110234847,False,0.4,0.2,0.2,0.2,0.029506327057330386,0.04741093615390743,False,0.14414726134620848,0.49016203647091366,False,0.15990223364035086,0.41542639203298903,False,0.12167327296234866,0.29649499975158383,True
soh40,46,144,0.09117476070743952,0.2740976524114699,0.10839822126857158,0.33059358096817154,False,0.4,0.2,0.2,0.2,0.022280918462911255,0.048113938184663245,False,0.13994628515289056,0.484435352020319,False,0.15162758724332823,0.471132942998354,False,0.11973809421515631,0.31869209066934995,False
soh40,46,145,0.08729536347568394,0.3042466116647449,0.10410925092481124,0.3683556187518543,False,0.4,0.2,0.2,0.2,0.020039813679174717,0.047810583316307415,False,0.13564744660138864,0.545744230230992,False,0.150913556355591,0.5374986597555645,False,0.10983618706309062,0.34236900170455326,False
soh40,46,146,0.10336314458901705,0.32426836462095365,0.12224770003869753,0.39144171752223267,False,0.4,0.2,0.2,0.2,0.02782492279029508,0.055574953015837425,False,0.15158451819903804,0.6310066157269053,False,0.1699049284836912,0.5515502573890839,False,0.1396764306817658,0.32763504395710397,False
soh40,46,147,0.09946022815429631,0.29816255259963803,0.11732487745136513,0.3634642136630395,False,0.4,0.2,0.2,0.2,0.02800163096602097,0.03695590834603209,True,0.1493371475332096,0.6354105110520755,False,0.1610571090082154,0.49345227846697837,False,0.13090362229801458,0.2880381567870721,True
soh40,46,148,0.09905229469330032,0.27498164256016844,0.11670708885870491,0.32859851271168217,False,0.4,0.2,0.2,0.2,0.028433118031681925,0.06051416195411336,False,0.1454850061495587,0.4678882904108126,False,0.16600908486041366,0.4502989365271313,False,0.12690114639316535,0.33569266195467146,False
soh40,46,149,0.09557197263705254,0.283114506066241,0.1135213976209417,0.34188996002240035,False,0.4,0.2,0.2,0.2,0.02377427270149589,0.04801269024160333,False,0.14232286435195762,0.48242495016432213,False,0.1658141977720242,0.4953432406361782,False,0.12217425565828906,0.3417789590474978,False
soh40,46,150,0.09326359736454916,0.29528192807578835,0.11054329247025689,0.35653112999850267,False,0.4,0.2,0.2,0.2,0.024144816941718203,0.05028512038493085,False,0.14410188003877486,0.599080702672961,False,0.15568087896839944,0.44723201144809815,False,0.11824559393213507,0.3295266854880208,False
soh40,46,151,0.0979082265919655,0.27788404224029406,0.11635549646854221,0.33627931338641753,False,0.4,0.2,0.2,0.2,0.02411914708565863,0.04430295765580007,False,0.14530132194958112,0.5594131530075753,False,0.1709240737358777,0.4438293669973843,False,0.12507744310305138,0.29757177588491035,False
soh40,46,152,0.09948901063552813,0.3097274295901612,0.11635950650900687,0.3686418604940365,False,0.4,0.2,0.2,0.2,0.03200702714161311,0.07406970597465953,False,0.14666942528257892,0.5183249623358539,False,0.15772342146685,0.5134320803011784,False,0.12903815214498546,0.3687406933644544,False
soh40,46,153,0.09470478258065143,0.2926516920861393,0.11289302898053243,0.351119585863352,False,0.4,0.2,0.2,0.2,0.021951796981127432,0.058780116977288285,False,0.14542733505411556,0.5544527486345469,False,0.1687983954785253,0.44432879396345637,False,0.1153945884083614,0.34691668387811664,False
soh40,46,154,0.09506471127341369,0.2699300595234025,0.11244182442667541,0.3243461601445413,False,0.4,0.2,0.2,0.2,0.025556258660366784,0.05226565703884713,False,0.14433204728488294,0.47846508915903047,False,0.1573062885425226,0.4578982194352663,False,0.12257270321892932,0.3087556749450212,False
soh40,46,155,0.08916719647053581,0.2926436461907915,0.10536162391192556,0.3544108680614151,False,0.4,0.2,0.2,0.2,0.02438948670497677,0.04557475870829695,False,0.13858355125907132,0.5644605345164275,False,0.15019530882022034,0.4825566947979289,False,0.10827814886343383,0.32505148422300706,False
soh40,46,156,0.09449054571276844,0.2689145731550644,0.11196793082021361,0.3247900874574142,False,0.4,0.2,0.2,0.2,0.02458100528298767,0.04541251594566507,False,0.14257126591101613,0.4903606966207193,False,0.15719052414098048,0.43930554441551856,False,0.12352892794587017,0.324081592847754,False
soh40,46,157,0.09257693534779826,0.3001405409271779,0.10950314727595328,0.36316713161741465,False,0.4,0.2,0.2,0.2,0.02487208763517809,0.048034178166231,False,0.146032059991527,0.555209000021399,False,0.15495544067854503,0.5126829374115779,False,0.11215300079856307,0.3367424108704506,False
soh40,46,158,0.10162401635294038,0.3188881453468367,0.11905893996440309,0.3804452156419579,False,0.4,0.2,0.2,0.2,0.0318843219070895,0.07265986416635196,False,0.14374015471593612,0.4691393317334745,False,0.1637212115738509,0.6028402735075004,False,0.13689007166073586,0.3771413931605045,False
soh40,46,159,0.0924849742800301,0.28484476303017486,0.11002969406653103,0.3433919555152348,False,0.4,0.2,0.2,0.2,0.02230609513402637,0.05065599308993521,False,0.14269489665706114,0.4914103219484521,False,0.16088609875152202,0.49307000880390256,False,0.11423168572351455,0.3384314982186493,False
soh40,46,160,0.09780214171853942,0.27362632626854133,0.11575298341396548,0.33031158565215407,False,0.4,0.2,0.2,0.2,0.025998774936835164,0.04688528873409029,False,0.14247002231845293,0.4965103572820835,False,0.15824412441479105,0.4497608700407985,False,0.13629901198578273,0.32808982655164415,False
soh40,46,161,0.09751047934627051,0.2808955867966317,0.11576583456704934,0.33876575639134904,False,0.4,0.2,0.2,0.2,0.02448905846315514,0.04941490841776223,False,0.14492458086595467,0.4874843034314456,False,0.1586785699555441,0.46240734059887995,False,0.1349711289835435,0.35575647311730846,False
soh40,46,162,0.09708289799004245,0.2890418944358006,0.11453718257107229,0.34946169755419776,False,0.4,0.2,0.2,0.2,0.02726575966592312,0.04736268196221205,False,0.14148953220860755,0.5489174512874299,False,0.15581432342181603,0.4857548640657489,False,0.13357911498794242,0.3158117929014001,False
soh40,46,163,0.1010292707348768,0.27042204663470515,0.11785912679725248,0.3243571382949819,False,0.4,0.2,0.2,0.2,0.03370984648537405,0.054681679993597763,False,0.14678417729275972,0.4980885892706235,False,0.15662609119973367,0.42005592962953875,False,0.1343163922111425,0.32460235428616774,False
soh40,46,164,0.11162621022145114,0.2537212715179425,0.13041776986265105,0.30517059552726633,False,0.4,0.2,0.2,0.2,0.03645997165665145,0.047923975480647245,False,0.15831186647142567,0.44133491074066994,False,0.17779859531164752,0.41946823371385417,False,0.14910064601087955,0.31195526217389385,False
soh40,46,165,0.08293219754241182,0.28647101002739667,0.09955743638681884,0.3463479238812346,False,0.4,0.2,0.2,0.2,0.016431242164783717,0.04696335461204506,False,0.1344294206210229,0.508858689721795,False,0.14487876738899685,0.5056187554715512,False,0.10249031537247189,0.3239508957195468,False
soh40,46,166,0.09209237056714636,0.29596406141993964,0.1092481465649325,0.3560367590780852,False,0.4,0.2,0.2,0.2,0.02346926657600182,0.055673270787357204,False,0.14335245661069765,0.51690690650725,False,0.15003049294032764,0.5092796488193211,False,0.12014037013270289,0.3422872101984125,False
soh40,46,167,0.08931690969628427,0.2924757757837559,0.10625928414660732,0.35226193789479,False,0.4,0.2,0.2,0.2,0.021547411894991972,0.053331127339619526,False,0.1385982519341161,0.5082343445282226,False,0.15219780942739178,0.5003063417563067,False,0.11269366332992947,0.34717593795501095,False
soh40,46,168,0.08832694611290215,0.3014228750390365,0.1056087795384353,0.3652497013393295,False,0.4,0.2,0.2,0.2,0.01919961241076956,0.04611556983786407,False,0.13968721805309117,0.5682321120925337,False,0.15458046857804317,0.5307277962855784,False,0.1089678191118373,0.31592332714134197,False
soh40,46,169,0.08478251435057181,0.2890684598298334,0.10150388731567062,0.3481779247242467,False,0.4,0.2,0.2,0.2,0.017897022490176558,0.052630600252180304,False,0.1352223008405179,0.5047487379920502,False,0.14912377596928428,0.47802833518107274,False,0.10377244996270374,0.35730402547168355,False
soh40,46,170,0.10040178344211206,0.2923365341737072,0.11820790488090893,0.3500194556068739,False,0.4,0.2,0.2,0.2,0.029177297686924543,0.06160484844104041,False,0.14795911091863848,0.4453749669405256,False,0.16961361416967435,0.5403486328506452,False,0.1260815967483984,0.35274937419528446,False
soh40,46,171,0.08822470463712317,0.31744768486440483,0.10503638372079535,0.3831776744759305,False,0.4,0.2,0.2,0.2,0.020977988302434435,0.05452772641830214,False,0.13629465946857466,0.595439887055141,False,0.15522837002185771,0.5612226442152242,False,0.1076445170903146,0.32152044021505466,False
soh40,46,172,0.08987295154194753,0.2791377986308163,0.10682646603608559,0.3355947808109466,False,0.4,0.2,0.2,0.2,0.02205889356539531,0.05330986991029492,False,0.13772456306806338,0.49031467578437615,False,0.15313054189885197,0.472343855102485,False,0.11439186561203168,0.3264107224466304,False
soh40,46,173,0.0966849793911023,0.32349597368923977,0.11408718655161908,0.3917645391361688,False,0.4,0.2,0.2,0.2,0.02707615074903518,0.05042171190152356,False,0.14544389417461784,0.6453376028442417,False,0.1574659149414055,0.5378804475979795,False,0.1263627863414178,0.33341839420093056,False
soh40,46,174,0.08974364561633183,0.258051704359102,0.10687940581811425,0.30991134588619906,False,0.4,0.2,0.2,0.2,0.02120060480920215,0.05061313825071398,False,0.13687151263879996,0.48171755662018345,False,0.15608327381044254,0.3964416463240896,False,0.11336223201401237,0.31087304234980906,False
soh40,46,175,0.08771755245211102,0.29817916644896253,0.10441104956090308,0.3588138344723876,False,0.4,0.2,0.2,0.2,0.020943564016942768,0.05564049435526223,False,0.13688139483423686,0.5737811729879253,False,0.14967812640658978,0.473113871964149,False,0.11014111298584288,0.3327197985822139,False
soh40,46,176,0.09022824485476087,0.28441644158992263,0.10746181767123818,0.3391509225049151,False,0.4,0.2,0.2,0.2,0.02129395358885163,0.06547851792995303,False,0.13812457916045168,0.4852993238298793,False,0.15861484866100814,0.4539688800437908,False,0.11181388927464124,0.351856968216037,False
soh40,46,177,0.0845991447461469,0.2536172468933818,0.10182367620495879,0.30432875851553054,False,0.4,0.2,0.2,0.2,0.015701018910899298,0.05077120040478663,False,0.13478570153242272,0.4425027930841057,False,0.15083468665740488,0.41950731113600437,False,0.10597329771910828,0.30453372943722545,False
soh40,46,178,0.09781838053760511,0.2663350262947834,0.11526903708718234,0.31916751952372313,False,0.4,0.2,0.2,0.2,0.028015754339296157,0.05500505337902426,False,0.14522945087196168,0.47662035310506745,False,0.15849216383157702,0.4105975892937049,False,0.12933877930589446,0.334447082317096,False
soh40,46,179,0.08892252542008011,0.24996290001711818,0.10611737527512567,0.30053456812035906,False,0.4,0.2,0.2,0.2,0.020143125999897787,0.047676227604154374,False,0.1370769588651415,0.44149994617755367,False,0.1520810703696601,0.396255768189057,False,0.11516834586580332,0.3167063305106713,False
soh40,46,180,0.08507642866737594,0.26803158783052383,0.10140584914109738,0.320433052175946,False,0.4,0.2,0.2,0.2,0.019758746772490236,0.05842573044883521,False,0.1355098531532301,0.48431292851065494,False,0.14747138052778144,0.4015649747013757,False,0.1028834161108877,0.33742857504291796,False
soh40,46,181,0.09557010831353799,0.29036459398565495,0.11394932227353952,0.3461254695770128,False,0.4,0.2,0.2,0.2,0.022053252473531834,0.0673210916202234,False,0.14362513018871756,0.49691939932804247,False,0.1604852649416281,0.4517266660828723,False,0.1296336414902806,0.368534721276913,False
soh40,46,182,0.08474756883342867,0.2555901036712607,0.10171659808549627,0.3082886781905779,False,0.4,0.2,0.2,0.2,0.016871451825158264,0.044795805593991926,False,0.13857479924306385,0.4651430379998387,False,0.15084474850598914,0.4107891230100362,False,0.10057539276777383,0.31242674615844485,False
soh40,46,183,0.1123860537326324,0.28693062910091655,0.13000165548838027,0.3447111290876261,False,0.4,0.2,0.2,0.2,0.04192364670964084,0.05580862915407855,False,0.15503292090843715,0.5174632924086345,False,0.16872491090160557,0.47994187386530224,False,0.15432514343383752,0.32563072092248885,False
soh40,46,184,0.09652539900379839,0.33741793306759954,0.1146545458132256,0.41130562966467893,False,0.4,0.2,0.2,0.2,0.02400881176608949,0.041867146679281826,False,0.14746882208953185,0.7342179241029569,False,0.15830391959257847,0.549742154130978,False,0.1288366298047026,0.31939529374549896,False
soh40,46,185,0.08697267767645547,0.315324561352585,0.10409549913093671,0.37902052437807043,False,0.4,0.2,0.2,0.2,0.01848139185853046,0.06054070925064317,False,0.13998569192041282,0.6457130900796478,False,0.15271956177627674,0.4695781404026746,False,0.10519535096852685,0.34025015777931616,False
soh40,46,186,0.09922187106139839,0.2623839681228762,0.11798735642970934,0.3152091791695868,False,0.4,0.2,0.2,0.2,0.024159929588154612,0.05108312393603368,False,0.15148192535868862,0.45416377510795086,False,0.1720325950639029,0.4178211942333401,False,0.12427497570809119,0.3377686234010225,False
soh40,46,187,0.09364312987632892,0.2819484977133032,0.11097057089719539,0.33959815454465875,False,0.4,0.2,0.2,0.2,0.024333365792863045,0.051349870387881184,False,0.14256100925701384,0.490426787424874,False,0.1555236019200905,0.4802451904887763,False,0.12146430661881417,0.3363707698771034,False
soh40,46,188,0.08811832917949569,0.2760123679638899,0.1051103957038349,0.3311906397965176,False,0.4,0.2,0.2,0.2,0.020150063082138778,0.05529928063337897,False,0.14105422495198863,0.5201148208652318,False,0.1525072069326978,0.4318922608459886,False,0.10673008784851447,0.3174561968414711,False
soh40,46,189,0.09158961476529147,0.3053361151647465,0.10932520062224468,0.369541084945171,False,0.4,0.2,0.2,0.2,0.020647271337478602,0.04851623604304841,False,0.13896998878435216,0.6350124434423013,False,0.1599637790796618,0.4899077422237828,False,0.11771976328748616,0.30472791807155153,False
soh40,46,190,0.08373936881589433,0.29451965613610925,0.10048146282916318,0.355484680168949,False,0.4,0.2,0.2,0.2,0.016770992762818925,0.05065956000475005,False,0.1325703021814829,0.5754857426932777,False,0.14813180293628023,0.46914037385639573,False,0.10445275343607062,0.3266530441213726,False
soh40,46,191,0.09428074039980516,0.2692853756049457,0.11173752539721492,0.3230935362005512,False,0.4,0.2,0.2,0.2,0.0244536004101661,0.054052733222523484,False,0.1422090714903494,0.4525350505095233,False,0.16181256155014623,0.4623366540111064,False,0.11847486813819798,0.3234497070590517,False
soh40,46,192,0.09452924027804906,0.286352378804469,0.11213102077308135,0.3433376078081923,False,0.4,0.2,0.2,0.2,0.02412211829791983,0.05841146278957586,False,0.14161362274456568,0.5624761071922333,False,0.16696596450675227,0.4374992010743827,False,0.11582237754308762,0.31496366017657734,False
soh40,46,193,0.093808676715758,0.28286498014898703,0.1113722428083463,0.34044759849615,False,0.4,0.2,0.2,0.2,0.023554412345404827,0.05253450676033504,False,0.14564254704720672,0.5209893636281415,False,0.16317196575483697,0.4681492730265839,False,0.11312004608593666,0.3201172505695396,False
soh40,46,194,0.09134205270943782,0.2983258535763361,0.10860040708421001,0.3592968012606901,False,0.4,0.2,0.2,0.2,0.022308635210349065,0.054442062838920294,False,0.1395620327982642,0.5399413183139673,False,0.15235482979023499,0.5119072618317693,False,0.1201761305379918,0.33089656205810336,False
soh40,46,195,0.08866102823525923,0.26486923104306387,0.106018945408713,0.3178556070809641,False,0.4,0.2,0.2,0.2,0.019229359541444196,0.052923726891462894,False,0.1350144231811832,0.4674307670280797,False,0.14966752085453303,0.4278667988052886,False,0.12016447805769154,0.32320113559902525,False
soh40,46,196,0.09540565570747832,0.29010840322905257,0.11257788876110558,0.3462480313361794,False,0.4,0.2,0.2,0.2,0.0267167234929693,0.06554989080054523,False,0.14226550557209194,0.528066490100306,False,0.16014847603940977,0.4507571834372026,False,0.1211808499399513,0.34061856100666366,False
soh40,46,197,0.08857854179128687,0.33682618167236567,0.10548633744294902,0.4100462923613794,False,0.4,0.2,0.2,0.2,0.02094735918463824,0.04394573891631066,False,0.1400646241728434,0.7178095591398673,False,0.1513270095007141,0.5712479329549919,False,0.10960635691360031,0.30718193843434766,False
soh40,46,198,0.09077250636623342,0.33136376746792134,0.10787767154733305,0.4029083643069896,False,0.4,0.2,0.2,0.2,0.022351845641834896,0.045185380111648236,False,0.14017888624334385,0.718151883757247,False,0.15386404487094915,0.5277787336902932,False,0.11511590943320427,0.32051745966877004,False
soh40,46,199,0.09086778667785995,0.271552546679119,0.10841192242003699,0.3270009065854437,False,0.4,0.2,0.2,0.2,0.020691243709151742,0.0497591070538201,False,0.14513490041346086,0.4232942487559755,False,0.15535758343417247,0.5066252452938595,False,0.11246396212336292,0.3283250252381197,False
soh40,46,200,0.08630441846057768,0.2762289841589053,0.10373419381641767,0.33442048353053344,False,0.4,0.2,0.2,0.2,0.016585317037217766,0.04346298667239278,False,0.1381851558713454,0.5820583762139333,False,0.1550721823946117,0.4079625856123154,False,0.10509411996249578,0.3041979856234922,False
soh50,42,1,0.24085508381859952,0.46775078609286125,0.2997007977501727,0.6105717179856796,True,0.5,0.16666666666666666,0.16666666666666666,0.16666666666666666,0.12316365595545317,0.18210892230722478,True,0.2845759404884385,0.8289923978381052,True,0.39304935038786853,0.8172529883990584,True,0.3980142441689307,0.6139325633983298,True
soh50,42,2,0.18880391316460848,0.30413959151398273,0.23694810294252844,0.409643830096522,True,0.5,0.16666666666666666,0.16666666666666666,0.16666666666666666,0.09251553360876859,0.09313111434890424,True,0.23129874151069404,0.6084492360060564,True,0.2938056783777012,0.4961207165462928,True,0.3301724582729499,0.4408742534848347,True
soh50,42,3,0.16886574237040047,0.3106940855697332,0.21703370984551945,0.4154329630400494,False,0.5,0.16666666666666666,0.16666666666666666,0.16666666666666666,0.07252980742016253,0.10121633062910097,False,0.21691007988496927,0.580013783628332,True,0.284240905710966,0.5208544242236491,False,0.29445404636598,0.4596473136791155,False
soh50,42,4,0.18907800625762394,0.30284954831069116,0.22843682863235304,0.39214752893598465,True,0.5,0.16666666666666666,0.16666666666666666,0.16666666666666666,0.1103603615081657,0.12425358706010432,False,0.23026797526806142,0.5658980852485732,True,0.27106409668068204,0.4331609794475379,True,0.30205488107250306,0.44527746398772305,False
soh50,42,5,0.16808557290453513,0.29521169623064003,0.20965522720969704,0.3875439236021942,True,0.5,0.16666666666666666,0.16666666666666666,0.16666666666666666,0.08494626429421127,0.11054724148753187,False,0.2215346997225424,0.5433161138679165,True,0.2430443153345138,0.42351371820513556,True,0.2890956294875207,0.47279862084819285,False
soh50,42,6,0.1395042941722956,0.24258514044210536,0.1788904515219361,0.3284624876654062,True,0.5,0.16666666666666666,0.16666666666666666,0.16666666666666666,0.060731979473014557,0.07083044599550369,True,0.1981990402001804,0.49816192710608664,True,0.2248967309215192,0.36949906847208663,True,0.23173405549303028,0.3753585090879479,True
soh50,42,7,0.14433031723993228,0.25786112483344825,0.18379746683568327,0.35032508873943025,False,0.5,0.16666666666666666,0.16666666666666666,0.16666666666666666,0.06539601804843027,0.07293319702148438,False,0.19750700000746124,0.5080063930256441,False,0.22908371557361198,0.42214431940663893,False,0.24320313371322957,0.39821644550395363,False
soh50,42,8,0.13662759090263737,0.25167470174089995,0.17697971508280214,0.34897664765691794,False,0.5,0.16666666666666666,0.16666666666666666,0.16666666666666666,0.05592334254230786,0.057070809908864,True,0.19332576532510437,0.5499270519673818,False,0.23259362280634854,0.4325017303143644,False,0.22607612965744783,0.35640699843706153,True
soh50,42,9,0.13938882771078426,0.2421498775421331,0.17749570611427767,0.33090514235433777,True,0.5,0.16666666666666666,0.16666666666666666,0.16666666666666666,0.06317507090379745,0.06463934791772387,False,0.18897022695370588,0.4954376591257983,True,0.22518475826019732,0.40226449701816813,False,0.2326527683394101,0.36127906535566073,False
soh50,42,10,0.13125115044886598,0.2442028044871306,0.1684505747524711,0.33067292319823927,False,0.5,0.16666666666666666,0.16666666666666666,0.16666666666666666,0.05685230184165577,0.07126256706491338,False,0.18853119398709708,0.5053180399651771,False,0.20534408075908286,0.37350712790534596,False,0.22307472242204873,0.3726039578575206,False
soh50,42,11,0.13609087856760752,0.24158396905624857,0.1747048565319692,0.32355734930811336,True,0.5,0.16666666666666666,0.16666666666666666,0.16666666666666666,0.058862922638884166,0.077637208552519,False,0.19550728413074306,0.46887024125818244,True,0.22056593038716224,0.35660426322911976,True,0.22388328897108736,0.39111768419263226,False
soh50,42,12,0.1401930445924115,0.23815414104752336,0.1799614678350269,0.32339498224118185,True,0.5,0.16666666666666666,0.16666666666666666,0.16666666666666666,0.060656198107180745,0.06767245866020641,False,0.19332898409734103,0.4736021954424497,False,0.22299044259146114,0.3525647024567459,True,0.24287024654412467,0.3997405724053254,False
soh50,42,13,0.1327869845954558,0.22613697122943155,0.16831550414109922,0.30149549463892317,True,0.5,0.16666666666666666,0.16666666666666666,0.16666666666666666,0.06172994550416891,0.07541992441044833,False,0.1937148994150233,0.44021094483675544,True,0.20077740814293876,0.3243575726100748,True,0.21703976350226592,0.3659935366984141,False
soh50,42,14,0.13293653060775146,0.20706556832507467,0.17065006815952555,0.28612910364967714,True,0.5,0.16666666666666666,0.16666666666666666,0.16666666666666666,0.057509455504203305,0.04893849767586976,True,0.18564677379559855,0.43931386608762674,True,0.2137498680308256,0.3416468849962084,False,0.2256941753074747,0.31461716583900373,True
soh50,42,15,0.14387178962236186,0.25486873704134094,0.18064237251043785,0.3430605051757751,False,0.5,0.16666666666666666,0.16666666666666666,0.16666666666666666,0.07033062384620987,0.07848520077247274,False,0.19441904764734882,0.5160653356439998,False,0.2109541491551259,0.3907605934339866,False,0.24686566939306684,0.38693089085264115,False
soh50,42,16,0.1209299169587705,0.22938326584141389,0.15602580259322124,0.31164668744623975,False,0.5,0.16666666666666666,0.16666666666666666,0.16666666666666666,0.05073814568986901,0.06485642263176218,False,0.1801197992113399,0.4683301438648269,False,0.1901187340619552,0.34257712701875276,False,0.2031265314097209,0.3708230562696171,False
soh50,42,17,0.14032149648828823,0.26642481041468286,0.17789590622921958,0.3570128111988379,False,0.5,0.16666666666666666,0.16666666666666666,0.16666666666666666,0.06517267700642551,0.08524880884637286,False,0.19689692315730076,0.5177897206214649,False,0.21643171063230948,0.41881763003022315,False,0.23308231412084254,0.4061950852972907,False
soh50,42,18,0.12543286917253144,0.20175491404598367,0.16242716162160872,0.2775226996750653,True,0.5,0.16666666666666666,0.16666666666666666,0.16666666666666666,0.05144428427437685,0.050219342787820406,False,0.18881880225677458,0.41348211461792655,True,0.2159125809330291,0.3278996168659755,False,0.1935329790222544,0.3184897244285388,False
soh50,42,19,0.11842142363480573,0.22468844310597713,0.15533415919260984,0.3098611926108545,False,0.5,0.16666666666666666,0.16666666666666666,0.16666666666666666,0.044595952519197526,0.05434294409622238,False,0.1804335274449335,0.4864016486389997,False,0.20819501536363974,0.3661370709591872,False,0.1881121414426686,0.33256310674900874,False
soh50,42,20,0.13981906322408888,0.20968001207639034,0.17760176136052186,0.28720367688731047,False,0.5,0.16666666666666666,0.16666666666666666,0.16666666666666666,0.064253666951223,0.05463268245455002,False,0.19195415891765732,0.4441555663379304,False,0.21735049749776444,0.33220872099066395,False,0.23684872207544258,0.3178177377660976,False
soh50,42,21,0.11188775902616749,0.1977547627106169,0.14587365699731458,0.27615819708832734,True,0.5,0.16666666666666666,0.16666666666666666,0.16666666666666666,0.043915963083873286,0.04094789395519614,True,0.17109337820699158,0.42381141058509914,False,0.185170479842974,0.3214051279712518,True,0.18331480685541948,0.3184683558417622,False
soh50,42,22,0.1127083390100325,0.23418286324785328,0.1470010066295519,0.32824223466926494,False,0.5,0.16666666666666666,0.16666666666666666,0.16666666666666666,0.0441230037709937,0.04606412040503004,False,0.1743044875695717,0.5185614722579225,False,0.19213656137140278,0.41584354284704483,False,0.1774399738062394,0.33249980316706235,False
soh50,42,23,0.11285638464062815,0.2070454691580356,0.1476261650658163,0.28667212324744823,False,0.5,0.16666666666666666,0.16666666666666666,0.16666666666666666,0.043316823790251854,0.04779216097921043,False,0.1683457624866049,0.4191477961344578,False,0.1984301009222107,0.3434070239710317,False,0.1804119730641978,0.3363415119050929,False
soh50,42,24,0.11757405403303403,0.21742988323092224,0.15328765884147794,0.3009197819097183,False,0.5,0.16666666666666666,0.16666666666666666,0.16666666666666666,0.04614684441614624,0.05045008587333011,False,0.17199704068049915,0.46939028977956126,False,0.19695199047113157,0.3601101527495714,False,0.1980547597981348,0.3237285992364105,False
soh50,42,25,0.1143011071626561,0.2084615637551506,0.14912912709644618,0.2832142465818871,False,0.5,0.16666666666666666,0.16666666666666666,0.16666666666666666,0.044645067295075884,0.058956198101677564,False,0.17136174497547998,0.4418304179045925,False,0.1849943782553325,0.3225873818904485,False,0.19551531785989643,0.30948298843083,True
soh50,42,26,0.11066871626126365,0.22624995657616875,0.14528276628524867,0.3166106828325753,False,0.5,0.16666666666666666,0.16666666666666666,0.16666666666666666,0.041440616213293605,0.045528504063355596,False,0.17042496862629872,0.516276140528433,False,0.190670950803556,0.3846373237102341,False,0.17859452949784638,0.3200007630282786,False
soh50,42,27,0.11641366155959032,0.22631550021489885,0.15130738540477195,0.31330458554568164,False,0.5,0.16666666666666666,0.16666666666666666,0.16666666666666666,0.046626213869227086,0.05233732955333329,False,0.17501154827803997,0.5364019731132695,False,0.19265735451125007,0.3421755206766122,False,0.19093442496057064,0.32230351883951164,False
soh50,42,28,0.12192128975192149,0.2283073751169608,0.15893225696545976,0.31659621087654527,False,0.5,0.16666666666666666,0.16666666666666666,0.16666666666666666,0.04789935532484492,0.051729703597791964,False,0.17722856307285798,0.5014016943477039,False,0.21625998009263814,0.3750332575765987,False,0.19434112937149806,0.33822018798408643,False
soh50,42,29,0.11677741444123546,0.1915191291094436,0.15214241625355565,0.2689746726874333,True,0.5,0.16666666666666666,0.16666666666666666,0.16666666666666666,0.0460474108165951,0.03660804195346429,True,0.17088544250361326,0.4451395472032161,False,0.1963301774857685,0.30347746299385775,True,0.19530663420824576,0.290673638599195,True
soh50,42,30,0.1169931019939212,0.22899327280238235,0.15244639255815992,0.3172707688367283,False,0.5,0.16666666666666666,0.16666666666666666,0.16666666666666666,0.04608652086544379,0.05243828073369052,False,0.18194015636349806,0.4946352280826229,False,0.19237103869015773,0.3875473046837501,False,0.18938785431354008,0.3344622618468496,False
soh50,42,31,0.10852080225821539,0.23997779592333845,0.14214078429576776,0.33143163179233903,False,0.5,0.16666666666666666,0.16666666666666666,0.16666666666666666,0.041280838183110645,0.0570701241853374,False,0.16703281380637125,0.4897784991426948,False,0.18640552319119785,0.43659050005362127,False,0.1738439620023913,0.3422874037877026,False
soh50,42,32,0.10773325652945152,0.2132539829782444,0.14303887577318466,0.2948897546096984,False,0.5,0.16666666666666666,0.16666666666666666,0.16666666666666666,0.037122018041985276,0.04998243971533645,False,0.1629130326082659,0.44556501341928506,False,0.19210924831082635,0.34393185098477663,False,0.18001120413166113,0.3400797143193955,False
soh50,42,33,0.12199456770350209,0.2345772501971654,0.15628461295165402,0.31804861572908666,False,0.5,0.16666666666666666,0.16666666666666666,0.16666666666666666,0.05341447720719822,0.06763451913332291,False,0.18287803382054676,0.4757861294073276,False,0.20014864175033878,0.35558862923200546,False,0.18869729902853236,0.37318518514369065,False
soh50,42,34,0.12191762296022625,0.22094596202878392,0.15491766016232827,0.30769755350316336,False,0.5,0.16666666666666666,0.16666666666666666,0.16666666666666666,0.05591754855602222,0.04744277908002502,False,0.17867430381407176,0.4890980330930441,False,0.20421272763558287,0.37624608745675125,False,0.18086606064363622,0.318003314382833,False
soh50,42,35,0.1268218202093409,0.1993277979633146,0.1606942578880397,0.2824901866936472,False,0.5,0.16666666666666666,0.16666666666666666,0.16666666666666666,0.059076944851943244,0.0330030205026494,True,0.17527151712163194,0.4861902962171773,False,0.19961008800163596,0.32722884294770993,False,0.20881848157694774,0.2835385871070522,True
soh50,42,36,0.11546065792552133,0.2573532493474584,0.14625426275377865,0.3501630905564044,False,0.5,0.16666666666666666,0.16666666666666666,0.16666666666666666,0.05387344826900672,0.07173356692956653,False,0.1697296626151995,0.552201078397598,False,0.18311741214126157,0.42570407832045637,False,0.1782965279896468,0.35101363857799645,False
soh50,42,37,0.10354760314365746,0.2297114089393167,0.13649604493517534,0.31485890225351876,False,0.5,0.16666666666666666,0.16666666666666666,0.16666666666666666,0.037650719560621715,0.059416422310912716,False,0.16061821672103527,0.48474457881796473,False,0.1719684404684841,0.35723307924773434,False,0.17574680299056022,0.35804152863746314,False
soh50,42,38,0.10268102101156673,0.22586902906497855,0.13492050219925933,0.31167166488003956,False,0.5,0.16666666666666666,0.16666666666666666,0.16666666666666666,0.03820205863618153,0.054263757434856494,False,0.16344833311489687,0.5076737849614478,False,0.1760277513596551,0.3393524551728318,False,0.16200386568630387,0.34539666195102225,False
soh50,42,39,0.11584495902902361,0.26097143877216633,0.15050277174533622,0.35012517835480117,False,0.5,0.16666666666666666,0.16666666666666666,0.16666666666666666,0.04652933359639843,0.08266395960689671,False,0.17415103242376215,0.5451522926340883,False,0.19351917047072123,0.36924100106579644,False,0.18781155049046303,0.4034434601124232,False
soh50,42,40,0.1476033537856185,0.23013648246080415,0.17993561921954995,0.31096945224887357,False,0.5,0.16666666666666666,0.16666666666666666,0.16666666666666666,0.0829388229177556,0.06847054288466531,False,0.20010634122757068,0.4585209100151064,False,0.2073201720643801,0.3626448667520675,False,0.2293771406684935,0.35424148934365524,False
soh50,42,41,0.1073421280690439,0.2481396309501838,0.14104800489550595,0.346275385530445,False,0.5,0.16666666666666666,0.16666666666666666,0.16666666666666666,0.039930374416119796,0.051868121789661416,False,0.17139425656859678,0.6048260845176854,False,0.18540539314628166,0.3919685226352259,False,0.1674619954510256,0.33643881317920726,False
soh50,42,42,0.1095731602376322,0.25222148215953943,0.14116241966893084,0.34719250371705773,False,0.5,0.16666666666666666,0.16666666666666666,0.16666666666666666,0.04639464137503488,0.06227943904450293,False,0.16966174012396565,0.5666125052629489,False,0.17850325697313996,0.4113792546258055,False,0.1700900402035829,0.34849881593497356,False
soh50,42,43,0.12701322230551543,0.26671409910438976,0.1649510721595205,0.36922051346223844,False,0.5,0.16666666666666666,0.16666666666666666,0.16666666666666666,0.05113752259750527,0.061701270388692525,False,0.17346987959062285,0.527694268137445,False,0.2064011924022907,0.46586728894837987,False,0.22879569404766323,0.4216192263744363,False
soh50,42,44,0.09713836503356421,0.20018423718207318,0.12936854230475334,0.2823607582781143,False,0.5,0.16666666666666666,0.16666666666666666,0.16666666666666666,0.03267801049118597,0.035831194989990975,False,0.15821337878314323,0.4734967326605945,False,0.1743360073050175,0.31617036900065565,False,0.15224677263966668,0.30394473646121606,False
soh50,42,45,0.0985963110969103,0.2103130082301113,0.13072434122113336,0.2908447051083889,False,0.5,0.16666666666666666,0.16666666666666666,0.16666666666666666,0.034340250848464184,0.0492496144735561,False,0.159122159902358,0.45802366526897104,False,0.17481824157216977,0.3294671933084074,False,0.1546167125615415,0.32663834738262104,False
soh50,42,46,0.09935574394858662,0.22154215493007706,0.1317328577609167,0.30947556184703096,False,0.5,0.16666666666666666,0.16666666666666666,0.16666666666666666,0.03460151632392648,0.04567534109616928,False,0.1632589240265668,0.5213120304552469,False,0.17127213177581324,0.3386107509330991,False,0.15779885891736026,0.33230412490360856,False
soh50,42,47,0.10338737321575303,0.2280804531458354,0.13526553849764736,0.31962322023798345,False,0.5,0.16666666666666666,0.16666666666666666,0.16666666666666666,0.03963104265196437,0.04499491896153937,False,0.16424264401681876,0.5250805320735058,False,0.17957326996720768,0.39148652502446457,False,0.15761519735459864,0.316930904892424,False
soh50,42,48,0.10963657891955317,0.22638314094267226,0.14256562962461142,0.3165905294077257,False,0.5,0.16666666666666666,0.16666666666666666,0.16666666666666666,0.0437784775094367,0.045968364012565495,False,0.16353750180116414,0.5186239834567948,False,0.1833241857504604,0.36997530245486615,False,0.17962235343738445,0.33179446770667614,False
soh50,42,49,0.10046582637039499,0.21598297579967846,0.1331864390561911,0.3001965682359603,False,0.5,0.16666666666666666,0.16666666666666666,0.16666666666666666,0.03502460099880281,0.0475557909271148,False,0.16253126306896243,0.46953255673703104,False,0.17683047708272204,0.34968604100855827,False,0.15835941507427703,0.33401188427113704,False
soh50,42,50,0.09963540263524037,0.19394384167543827,0.1319857864846076,0.27212910886194586,False,0.5,0.16666666666666666,0.16666666666666666,0.16666666666666666,0.034934634936505934,0.037573307302423115,False,0.15797379676749965,0.4295669708290137,False,0.17340670383141998,0.30811535903650317,False,0.16162801040300487,0.3132607982798435,False
soh50,42,51,0.10404411117035327,0.23384185327626159,0.13513306170957737,0.32778728469984364,False,0.5,0.16666666666666666,0.16666666666666666,0.16666666666666666,0.04186621009190506,0.045950990429097435,False,0.16077499183256116,0.5253449559800345,False,0.17465411606888062,0.4176273351190482,False,0.1632369288449627,0.3222258572711945,False
soh50,42,52,0.0973972149183518,0.20977843865482407,0.12903063905631476,0.2873576092767346,False,0.5,0.16666666666666666,0.16666666666666666,0.16666666666666666,0.034130366642425886,0.054620097411002995,False,0.1585193266984176,0.44621273728223015,False,0.17034795420734583,0.3208982794714094,False,0.1531249086770697,0.32769932294229587,False
soh50,42,53,0.09784555076424134,0.2098668543231611,0.12957875166714503,0.2945228360747883,False,0.5,0.16666666666666666,0.16666666666666666,0.16666666666666666,0.03437914895843402,0.040554890819906826,False,0.15747234454591963,0.4789468402530286,False,0.17678806540025485,0.336240286004369,False,0.14967544776397154,0.32234932722184867,False
soh50,42,54,0.09924620420190533,0.2137359467292506,0.13036168457742184,0.2896887318087167,False,0.5,0.16666666666666666,0.16666666666666666,0.16666666666666666,0.037015243450872315,0.0618303765703184,False,0.1582635063822035,0.4401103941319528,False,0.17175795904701693,0.31842845200677355,False,0.1544100294295946,0.33838570452582206,False
soh50,42,55,0.095227374502971,0.22483835608269848,0.12743632636589794,0.3169803148876104,False,0.5,0.16666666666666666,0.16666666666666666,0.16666666666666666,0.030809470777117123,0.04055443847287458,False,0.15879893405420456,0.5449240771034897,False,0.1689257129862717,0.35987321780927156,False,0.15121118764599842,0.3225695261648059,False
soh50,42,56,0.11234064365618542,0.22997887066849335,0.14435219230999663,0.31537430815114065,False,0.5,0.16666666666666666,0.16666666666666666,0.16666666666666666,0.048317546348563,0.059187995703198756,False,0.1736850017384033,0.49191499905268915,False,0.17707451987268671,0.35836344709473167,False,0.17833170128033352,0.352030790753943,False
soh50,42,57,0.10021840487193413,0.22840042994671467,0.13209981399031562,0.3097327004273977,False,0.5,0.16666666666666666,0.16666666666666666,0.16666666666666666,0.03645558663517119,0.06573588898534861,False,0.1620234592724749,0.4717252667285701,False,0.17300273988859047,0.3370927830436425,False,0.15691747016502589,0.3643768629520297,False
soh50,42,58,0.09375263869772785,0.2168998851998747,0.1256400694159546,0.2996596511039567,False,0.5,0.16666666666666666,0.16666666666666666,0.16666666666666666,0.02997777726127438,0.05138035339171072,False,0.15401448040871066,0.42018410709023885,False,0.1731497694445534,0.3813969347469223,False,0.1454182505492799,0.3456772091869548,False
soh50,42,59,0.12078042567492357,0.21288221230046875,0.15639144583488343,0.2922317792925015,False,0.5,0.16666666666666666,0.16666666666666666,0.16666666666666666,0.04955838535500386,0.0541830783164033,False,0.17548519379363023,0.440425937343669,False,0.2075749272500483,0.34233221216817394,False,0.19294727694085131,0.3319858893417597,False
soh50,42,60,0.08820457531979241,0.2167458174145973,0.11950268294994817,0.30317790271384404,False,0.5,0.16666666666666666,0.16666666666666666,0.16666666666666666,0.025608360059480882,0.04388164681610384,False,0.15204549404192058,0.4772792034430498,False,0.16621251658170566,0.35247044161092617,False,0.13414436111668557,0.33908031898529645,False
soh50,42,61,0.09513726012373701,0.2038564985363877,0.12660219047693655,0.2816180485420375,False,0.5,0.16666666666666666,0.16666666666666666,0.16666666666666666,0.03220739941733793,0.048333398525088216,False,0.15592764765052705,0.4242246555317921,False,0.1688865498567829,0.31309789892489553,False,0.14938716498309834,0.340816241186374,False
soh50,42,62,0.10096071134399527,0.21520239462764226,0.13265672964637212,0.29881710110982895,False,0.5,0.16666666666666666,0.16666666666666666,0.16666666666666666,0.03756867473924153,0.04797298166326886,False,0.15801195262415216,0.4686820591818965,False,0.17355721183046402,0.3399719186055186,False,0.16148907939163085,0.33864144498863186,False
soh50,42,63,0.09748231583442138,0.21542768345473293,0.12921196895625964,0.3018056323751387,False,0.5,0.16666666666666666,0.16666666666666666,0.16666666666666666,0.03402300959074484,0.04267178561392147,False,0.15553238677214506,0.49490977586603596,False,0.16805708752724224,0.34084581006008446,False,0.15923539193490643,0.3287951579605128,False
soh50,42,64,0.09886298249693204,0.21749147193072818,0.13099327081730797,0.3010387180183396,False,0.5,0.16666666666666666,0.16666666666666666,0.16666666666666666,0.03460240585618016,0.05039697975550533,False,0.1575922815124451,0.4936871101606585,False,0.1747589135403355,0.3261354135327346,False,0.15701948236027116,0.33393536862445994,False
soh50,42,65,0.10241129486229188,0.2063709958742115,0.13499756200357843,0.28987053248271283,False,0.5,0.16666666666666666,0.16666666666666666,0.16666666666666666,0.03723876057971876,0.03937192265720886,False,0.15947943912920784,0.4834605541981168,False,0.17989698722980563,0.3184291990603825,False,0.1633750610755815,0.3182204540151432,False
soh50,42,66,0.09561437677175225,0.20841855569146708,0.1255626176490824,0.2892793580262202,False,0.5,0.16666666666666666,0.16666666666666666,0.16666666666666666,0.03571789501709196,0.04669695102196086,False,0.15611581286799533,0.4679339048291478,False,0.16462285846892075,0.3181007586328361,False,0.14579390424232155,0.32438581762093605,False
soh50,42,67,0.10172247003196958,0.19740834686348668,0.1343296148687665,0.27621156591329304,False,0.5,0.16666666666666666,0.16666666666666666,0.16666666666666666,0.03650818035837574,0.039801908763873975,False,0.1665771993812193,0.41919444809148415,False,0.1777131006555418,0.32672166389257346,False,0.15651997907992912,0.3191282429052406,False
soh50,42,68,0.10167927615769543,0.20971132053305366,0.13450684557207826,0.28893038849930375,False,0.5,0.16666666666666666,0.16666666666666666,0.16666666666666666,0.0360241373289298,0.05127318460055348,False,0.1597665286354774,0.4559177605634889,False,0.184237210002682,0.32616022403714345,False,0.1579995063212238,0.32237038479602914,False
soh50,42,69,0.10878488580084805,0.21268115718430974,0.14081450357560787,0.29354653052500723,False,0.5,0.16666666666666666,0.16666666666666666,0.16666666666666666,0.04472565025132842,0.05095041050291493,False,0.1605491738387892,0.43364462701394185,False,0.18056150213709868,0.3696663742959334,False,0.17742168807521522,0.31992471028723857,False
soh50,42,70,0.09237135606013157,0.21044606684583764,0.12359661889766382,0.2908914400717549,False,0.5,0.16666666666666666,0.16666666666666666,0.16666666666666666,0.02992083038506705,0.04955532039400314,False,0.155755459446198,0.43831590951695903,False,0.16664215555232928,0.3409729012782374,False,0.14206803020706096,0.33472162909782005,False
soh50,42,71,0.09340039167705183,0.22271437152193124,0.12467164947844592,0.30529213559469026,False,0.5,0.16666666666666666,0.16666666666666666,0.16666666666666666,0.03085787607426369,0.05755884337641321,False,0.15517789383583314,0.48036258467885756,False,0.1644030659117972,0.3355682443200398,False,0.14824776209188964,0.34767887000345055,False
soh50,42,72,0.08549233208192403,0.22031327324461888,0.1157866010374694,0.30681606409428597,False,0.5,0.16666666666666666,0.16666666666666666,0.16666666666666666,0.024903794170833292,0.04730769154528477,False,0.14772367400448905,0.48481086851935934,False,0.16309965658657877,0.36861001085150796,False,0.12741927938797645,0.3265356854609917,False
soh50,42,73,0.08657780052125326,0.20983302643346768,0.11685663224214012,0.2877984960227882,False,0.5,0.16666666666666666,0.16666666666666666,0.16666666666666666,0.02602013707947956,0.05390208725482676,False,0.1488020534627654,0.44279570291496556,False,0.16205313850334754,0.31762683448903895,False,0.130551199922968,0.3368693594323213,False
soh50,42,74,0.08890782993466802,0.20318944068933403,0.11888816671652863,0.28043742333083327,False,0.5,0.16666666666666666,0.16666666666666666,0.16666666666666666,0.028947156370946813,0.04869347540633556,False,0.15199985243289035,0.4619278636260309,False,0.1599537292739002,0.3148385640729617,False,0.13465192878837715,0.296289790218005,False
soh50,42,75,0.09423021413839633,0.20886902498249216,0.12585944402506183,0.29189252768810625,False,0.5,0.16666666666666666,0.16666666666666666,0.16666666666666666,0.030971754365065333,0.04282201957126398,False,0.15747133646937297,0.45717500726338717,False,0.17193843788806654,0.34870218716959256,False,0.14305624737774245,0.31887089674818125,False
soh50,42,76,0.09981999558767853,0.21284354202707356,0.13030602493123922,0.2975069569174381,False,0.5,0.16666666666666666,0.16666666666666666,0.16666666666666666,0.03884793690055718,0.04351671224634453,False,0.16164245269486296,0.47468817424125137,False,0.17571079363770362,0.36178830632823206,False,0.14502291649183308,0.31003463485392435,False
soh50,42,77,0.09847383079190428,0.21210185427824124,0.13107746869557663,0.2947425778236266,False,0.5,0.16666666666666666,0.16666666666666666,0.16666666666666666,0.03326655498455958,0.0468204071874705,False,0.16358298301281846,0.4372715700111223,False,0.17769518549451013,0.35238595852805754,False,0.14976515129041834,0.3424923755678561,False
soh50,42,78,0.10271102382638109,0.2124336212234242,0.1343399362009063,0.2980054170059905,False,0.5,0.16666666666666666,0.16666666666666666,0.16666666666666666,0.03945319907733066,0.041290029658291635,False,0.1717843904762217,0.5145943102486831,False,0.1738208434646882,0.3518485870141519,False,0.1523013117853846,0.2842887411028354,False
soh50,42,79,0.09338859575898922,0.21152845668311257,0.12441747383403338,0.29417488056941593,False,0.5,0.16666666666666666,0.16666666666666666,0.16666666666666666,0.03133083960890093,0.04623560891050586,False,0.15135450331292188,0.46789147018607236,False,0.17307576714653816,0.35974955172369755,False,0.14190878526777256,0.302822891457388,False
soh50,42,80,0.08666108582999509,0.19599775640130077,0.11723719047979375,0.2730114058242991,False,0.5,0.16666666666666666,0.16666666666666666,0.16666666666666666,0.02550887653039775,0.04197045755530412,False,0.1474466664087795,0.43964793630888677,False,0.1674260495283455,0.3096879794928385,False,0.12856716945165228,0.3007392499401671,False
soh50,42,81,0.08550234186864342,0.21066048646706836,0.11518237266415603,0.29134583191697166,False,0.5,0.16666666666666666,0.16666666666666666,0.16666666666666666,0.026142280277618214,0.049289795567261846,False,0.1461594613094378,0.4535603708962468,False,0.16026328696659367,0.3337333253346027,False,0.12816446210297444,0.3287998358697753,False
soh50,42,82,0.08540661220775057,0.2072706817934878,0.11541799610786957,0.28865734543362737,False,0.5,0.16666666666666666,0.16666666666666666,0.16666666666666666,0.02538384440751259,0.04449735451320867,False,0.14667126154393692,0.4580918333655755,False,0.16382133406168567,0.3360743810758759,False,0.1257955444183431,0.3159658127798495,False
soh50,42,83,0.09113882513632104,0.20543388747114372,0.12222531052641353,0.2856428078380876,False,0.5,0.16666666666666666,0.16666666666666666,0.16666666666666666,0.02896585435613611,0.04501604673725601,False,0.15182194274928154,0.42680295798757983,False,0.1724636997366542,0.35955576745235174,False,0.13564974526358223,0.3111964591751627,False
soh50,42,84,0.08555467754880015,0.20492002856500888,0.11636364791540438,0.28587537417667463,False,0.5,0.16666666666666666,0.16666666666666666,0.16666666666666666,0.023936736815591712,0.04300933734167739,False,0.14787447432835168,0.4468548375793005,False,0.16415795512297593,0.3470682298810337,False,0.12948542539469818,0.306569091904687,False
soh50,42,85,0.09842663019495225,0.2546609816168128,0.13098897780747512,0.3511302459716974,False,0.5,0.16666666666666666,0.16666666666666666,0.16666666666666666,0.03330193496990648,0.06172245290704364,False,0.15601749056301206,0.5559468412488283,False,0.18207012806871367,0.43648381595456204,False,0.15256635762826834,0.3503678737763556,False
soh50,42,86,0.10454214620281928,0.22049460255774023,0.13696217838263647,0.3095880936754923,False,0.5,0.16666666666666666,0.16666666666666666,0.16666666666666666,0.03970208184318493,0.042307620322236124,False,0.1600401163556274,0.4747359722692501,False,0.1781716947552386,0.40631507716736454,False,0.1699348205764949,0.31499370494311846,False
soh50,42,87,0.08672363003372957,0.19891965587058114,0.1172691486611614,0.277385101483497,False,0.5,0.16666666666666666,0.16666666666666666,0.16666666666666666,0.025632592778865943,0.04198876464474958,False,0.1495499669596998,0.4272734173931296,False,0.16044050341299984,0.32232145765092995,False,0.13345353149308,0.3179567662451787,False
soh50,42,88,0.09643956915616239,0.22438374215325374,0.12810326766976987,0.3078125365398522,False,0.5,0.16666666666666666,0.16666666666666666,0.16666666666666666,0.03311217212894747,0.057526153380056885,False,0.15786612351089124,0.4518272595955604,False,0.17504478046248392,0.35717538944209853,False,0.1463899945767568,0.36472134374169296,False
soh50,42,89,0.08937512311655785,0.21468199860391315,0.1194572103386708,0.29797221329063833,False,0.5,0.16666666666666666,0.16666666666666666,0.16666666666666666,0.029210948672332003,0.04810156923046285,False,0.1497979633760726,0.4672878792289554,False,0.162373551572897,0.34273149147842835,False,0.1364463777333815,0.3337679132247066,False
soh50,42,90,0.08253625173315433,0.20993694809105296,0.11302443289982304,0.29185867794266396,False,0.5,0.16666666666666666,0.16666666666666666,0.16666666666666666,0.021559889399816925,0.046093488387831026,False,0.14317094781143977,0.4812815014775395,False,0.1648759373244021,0.32291537729174064,False,0.12249095706363339,0.31714434461354457,False
soh50,42,91,0.10779848511231753,0.20353791711894897,0.14055115106907326,0.2810575942705803,False,0.5,0.16666666666666666,0.16666666666666666,0.16666666666666666,0.0422931531988061,0.04849856281568637,False,0.1699173698227602,0.42716714180215726,False,0.19792430309187103,0.33658296854773145,False,0.1520697781628557,0.3119817039167461,False
soh50,42,92,0.08634537313820079,0.20004975029909028,0.11644082863821495,0.28207627005567226,False,0.5,0.16666666666666666,0.16666666666666666,0.16666666666666666,0.026154462138172435,0.03599671078592629,False,0.1479756366867305,0.46556140484775055,False,0.16620004255362864,0.32409493851414367,False,0.12543317317432826,0.30265202607486863,False
soh50,42,93,0.10485829776413005,0.22181704264421054,0.13660248519634177,0.3044888175384398,False,0.5,0.16666666666666666,0.16666666666666666,0.16666666666666666,0.04136992289970659,0.05647349285575198,False,0.16714742972500315,0.46285220998954996,False,0.1760411582915641,0.3762827423500879,False,0.16185142986909326,0.32234682495836947,False
soh50,42,94,0.08394924445055313,0.19014496043070517,0.11356942064320258,0.26607819688916134,True,0.5,0.16666666666666666,0.16666666666666666,0.16666666666666666,0.02470889206525425,0.03827848751379284,False,0.14680311976289734,0.41392455736548966,False,0.16001707549325314,0.3142461712165137,False,0.12274859525140559,0.2978635714608491,False
soh50,42,95,0.09675465052118315,0.22390572957044141,0.12864912646622925,0.3095091665187628,False,0.5,0.16666666666666666,0.16666666666666666,0.16666666666666666,0.03296569863109095,0.052698855673798624,False,0.15543109959755297,0.5309146848814291,False,0.17341169143206092,0.33786017506375093,False,0.1527880162042122,0.3165629504560726,False
soh50,42,96,0.09556607673456784,0.22872126448320446,0.1251687466024659,0.3083256857292219,False,0.5,0.16666666666666666,0.16666666666666666,0.16666666666666666,0.03636073699877172,0.06951242199116964,False,0.15702164436695093,0.49621386721583666,False,0.16673343068885715,0.3288472322435593,False,0.14055917435528376,0.338729221466322,False
soh50,42,97,0.0841589487375057,0.18721112060557982,0.11412728445103783,0.26164293488579665,True,0.5,0.16666666666666666,0.16666666666666666,0.16666666666666666,0.0242222773104415,0.0383474920451461,False,0.14661473694913335,0.41695859811199326,False,0.1582394874230426,0.30293193929046563,True,0.12743263612153383,0.2883337100955817,False
soh50,42,98,0.08965308888246135,0.2014219540034559,0.118581219544102,0.27850501883532686,False,0.5,0.16666666666666666,0.16666666666666666,0.16666666666666666,0.03179682755918004,0.04725582433971393,False,0.1501308320824138,0.407781395396237,True,0.16273375645750546,0.3382334578075223,False,0.12966346207730875,0.32074939779783423,False
soh50,42,99,0.08401403717823999,0.19187899873853126,0.11413184045420244,0.26873935023879053,False,0.5,0.16666666666666666,0.16666666666666666,0.16666666666666666,0.0237784306263151,0.03815829573801277,False,0.14738789198992897,0.4250970137702596,False,0.15670098803146978,0.3127271603962999,False,0.12866005116909593,0.29897493105058986,False
soh50,42,100,0.08990502926933873,0.2016895350423864,0.12027992479461744,0.2808731362255378,False,0.5,0.16666666666666666,0.16666666666666666,0.16666666666666666,0.029155238218781302,0.04332233267608366,False,0.15212648371038706,0.46861568139484583,False,0.16591534887784634,0.32157125696552513,False,0.1339226283714551,0.28998327386569656,False
soh50,42,101,0.08550398690339528,0.20109626830453714,0.11493225061310627,0.27783692580229197,False,0.5,0.16666666666666666,0.16666666666666666,0.16666666666666666,0.02664745948397334,0.04761495330902745,False,0.1471349458891378,0.4149956252610183,False,0.1589666488018855,0.33386993208789345,False,0.1269799482774284,0.3148671925512288,False
soh50,42,102,0.08894165425513302,0.21576518151621338,0.11997501402358249,0.3036540334487324,False,0.5,0.16666666666666666,0.16666666666666666,0.16666666666666666,0.02687493471823409,0.03998747765117541,False,0.15450930626894396,0.5096519142044222,False,0.16924414629718676,0.36305372612676295,False,0.12927166880996513,0.3019230158125689,False
soh50,42,103,0.08648077804271077,0.20354739559965626,0.11622440283235816,0.28024386133828844,False,0.5,0.16666666666666666,0.16666666666666666,0.16666666666666666,0.026993528463416006,0.0501544641223919,False,0.14867008621160155,0.40765547760090054,True,0.1593792825791645,0.32922814139655937,False,0.12985471407525057,0.333937362233302,False
soh50,42,104,0.10594784070308708,0.21918018625787142,0.13586514764544544,0.2974393870601986,False,0.5,0.16666666666666666,0.16666666666666666,0.16666666666666666,0.046113226818370386,0.06266178465321705,False,0.1620794696814181,0.4228876043076372,False,0.1751832957968774,0.3377593277052576,False,0.16008459828511587,0.3664488315746827,False
soh50,42,105,0.0918617900824087,0.23402977626461813,0.12098330041609673,0.31600873294512394,False,0.5,0.16666666666666666,0.16666666666666666,0.16666666666666666,0.03361876941503268,0.0700718629036065,False,0.15137169466679223,0.4884821222378086,False,0.16451262656055557,0.3741212349309519,False,0.13443011102200642,0.3313597117081289,False
soh50,42,106,0.08675724602563419,0.20829084237866943,0.11675444271770036,0.2884388559025786,False,0.5,0.16666666666666666,0.16666666666666666,0.16666666666666666,0.02676285264150183,0.047994815330851114,False,0.14558560884758745,0.41352738664039695,False,0.1661050019838728,0.3869608405961987,False,0.12856430739783936,0.3052723810428677,False
soh50,42,107,0.08673879394213793,0.22443046505028086,0.11726016280391935,0.3096430575744181,False,0.5,0.16666666666666666,0.16666666666666666,0.16666666666666666,0.025696056218575087,0.05400528000200623,False,0.15352333619923247,0.5378534326573785,False,0.16604513758393974,0.3273893343277576,False,0.12377612121393013,0.31932418331053036,False
soh50,42,108,0.10291086138062439,0.2203215880097474,0.13377900581662308,0.2988814846088181,False,0.5,0.16666666666666666,0.16666666666666666,0.16666666666666666,0.041174572508627,0.06320179481160605,False,0.15996972715268098,0.4511352098994362,False,0.16835731885560898,0.3295419312599513,False,0.16561440474957537,0.3516470024642788,False
soh50,42,109,0.08726534516059921,0.1997921740347461,0.116397809020061,0.2773444943988335,False,0.5,0.16666666666666666,0.16666666666666666,0.16666666666666666,0.02900041744167563,0.04468753330657129,False,0.14876781762650218,0.419196585088289,False,0.16185404111102572,0.33066754629318423,False,0.12596895990104048,0.31482631290728963,False
soh50,42,110,0.09581910585527997,0.22785142527262964,0.12849839426961993,0.31886836244105743,False,0.5,0.16666666666666666,0.16666666666666666,0.16666666666666666,0.030460529026600063,0.045817550935774054,False,0.15481430500425022,0.4958188519347941,False,0.17687932177729004,0.41437371303465625,False,0.15183942127033936,0.3194633338590053,False
soh50,42,111,0.08682826235790334,0.22426590392204088,0.11656723866623614,0.31439283543794355,False,0.5,0.16666666666666666,0.16666666666666666,0.16666666666666666,0.027350309741237727,0.044012040890235554,False,0.14845378033301262,0.4947231169615969,False,0.1638948008181862,0.4020260796694813,False,0.12657006377250798,0.3168101042304606,False
soh50,42,112,0.08441402908605906,0.22095572986650494,0.11523259794958743,0.30904067646369016,False,0.5,0.16666666666666666,0.16666666666666666,0.16666666666666666,0.022776891359002335,0.04478583667213463,False,0.14754614357925197,0.4660560819930344,False,0.16931967413449203,0.4109574120747393,False,0.12128768272560342,0.31436337511485224,False
soh50,42,113,0.08809289721169446,0.21732300680520528,0.11820291924292864,0.301729973507055,False,0.5,0.16666666666666666,0.16666666666666666,0.16666666666666666,0.027872853149226093,0.048509073401505856,False,0.14802824792208588,0.49839286777452485,False,0.1600278754292972,0.34096142279099445,False,0.13688270047110537,0.3190565300611948,False
soh50,42,114,0.09240381939559236,0.23059330490150012,0.1265706881172081,0.3192173001894888,False,0.5,0.16666666666666666,0.16666666666666666,0.16666666666666666,0.024070081952360933,0.0533453143255228,False,0.16638138727385773,0.4830890226446844,False,0.18416350314874333,0.3946736180850065,False,0.13166778009387034,0.3457612457027415,False
soh50,42,115,0.08670964077956739,0.22600720346094477,0.11790993761623386,0.3113662905140295,False,0.5,0.16666666666666666,0.16666666666666666,0.16666666666666666,0.02430904710623443,0.05528902935477542,False,0.1464122455128953,0.47732864191035573,False,0.1675608630399662,0.3737291286366297,False,0.1333575948058395,0.339118362154357,False
soh50,42,116,0.08248710456515516,0.21731888424447018,0.11212185812514103,0.30604524958309576,False,0.5,0.16666666666666666,0.16666666666666666,0.16666666666666666,0.023217597445183452,0.03986615356721907,False,0.14333078199620083,0.5242519268362319,False,0.15652309483058613,0.35350016323287736,False,0.12541595822859367,0.30656275469605476,False
soh50,42,117,0.09726546067537907,0.23722203453679666,0.12764864921506708,0.32510316733773875,False,0.5,0.16666666666666666,0.16666666666666666,0.16666666666666666,0.03649908359600305,0.061459768934912555,False,0.15806867010187525,0.5399287706472444,False,0.16965690486029325,0.3415056442757009,False,0.1463699383020968,0.35751848549309706,False
soh50,42,118,0.08304597109791947,0.2093016346217101,0.11334490789281763,0.29291122720222623,False,0.5,0.16666666666666666,0.16666666666666666,0.16666666666666666,0.022448097508123155,0.04208244946067787,False,0.14461370508867863,0.4835161203855359,False,0.1645359354856414,0.33067241947095044,False,0.12178189348882733,0.3153739194917407,False
soh50,42,119,0.10773626121764074,0.21171723681459848,0.1370202215715443,0.2934659485614317,False,0.5,0.16666666666666666,0.16666666666666666,0.16666666666666666,0.04916834050983359,0.04821981332093207,False,0.16853443570651702,0.5072879949281012,False,0.17202143128179515,0.3215041328886439,False,0.15835667878803153,0.2968518531080496,False
soh50,42,120,0.09623545688736815,0.1968521579420677,0.12680400622608637,0.27849657690805646,False,0.5,0.16666666666666666,0.16666666666666666,0.16666666666666666,0.03509835820993167,0.033563320010090165,False,0.15708886372674552,0.4660136707173231,False,0.1709994328156582,0.31591251014774546,False,0.14402937015201014,0.2984968067570672,False
soh50,42,121,0.08242863184065839,0.20952841254113486,0.11179404605496797,0.287762044716129,False,0.5,0.16666666666666666,0.16666666666666666,0.16666666666666666,0.023697803412039267,0.05306114819114662,False,0.14445424819366268,0.4505807054999267,False,0.16161230516642902,0.3294424547051928,False,0.11741182744774087,0.31796387046824987,False
soh50,42,122,0.0877377043572782,0.21190229531165933,0.11785889411034653,0.29125001218781005,False,0.5,0.16666666666666666,0.16666666666666666,0.16666666666666666,0.027495324851141586,0.05320686155935789,False,0.15074614985157134,0.43837331029050947,False,0.16157266503206838,0.3329103728605528,False,0.13162143670660478,0.34050950404082,False
soh50,42,123,0.08184954698858636,0.21274988290726307,0.11129869935123739,0.2953122134235053,False,0.5,0.16666666666666666,0.16666666666666666,0.16666666666666666,0.022951242263284318,0.047625221874778724,False,0.14682784013502215,0.49097293992219426,False,0.15917694337849486,0.3277267755380953,False,0.1162387716281482,0.31492391635895284,False
soh50,42,124,0.08845846406972914,0.23224705184654243,0.11801224047393577,0.3144546979065472,False,0.5,0.16666666666666666,0.16666666666666666,0.16666666666666666,0.029350911261315924,0.06783175972653299,False,0.15200471374896168,0.4818086361395341,False,0.15718022302208717,0.3458024630466054,False,0.13351311386337825,0.36237593271351615,False
soh50,42,125,0.08221287110276031,0.1855573185982531,0.11227417171878827,0.25886921328019735,True,0.5,0.16666666666666666,0.16666666666666666,0.16666666666666666,0.02209026987070438,0.038933529234364675,False,0.1423323299554715,0.39814676280402383,True,0.16359294876563438,0.29965682476424166,True,0.12108113828334284,0.29873973631815925,False
soh50,42,126,0.09080810657199867,0.20857218375874187,0.12151301380377616,0.2864518520751496,False,0.5,0.16666666666666666,0.16666666666666666,0.16666666666666666,0.029398292108443705,0.052812847125926404,False,0.15048859111910526,0.4360293139458915,False,0.16748535464372105,0.31896783621672326,False,0.13867981734383458,0.3379974110120574,False
soh50,42,127,0.08594395416448374,0.2276311767713429,0.1154271505581326,0.3136961390856722,False,0.5,0.16666666666666666,0.16666666666666666,0.16666666666666666,0.026977561377186036,0.05550125214268434,False,0.14940716937473653,0.5058920077004008,False,0.16160940416450156,0.3588800245849186,False,0.12371446731610625,0.334511271914685,False
soh50,42,128,0.08790318403473504,0.21729123352726215,0.11849043120152417,0.30104030926014774,False,0.5,0.16666666666666666,0.16666666666666666,0.16666666666666666,0.02672868970115682,0.04979308206149098,False,0.1498945798675549,0.49703935639038904,False,0.1680189867672166,0.33057351681625313,False,0.12931946847016837,0.32675528177245783,False
soh50,42,129,0.08675822152038432,0.18926138065030018,0.11724037298518566,0.2646830505279354,False,0.5,0.16666666666666666,0.16666666666666666,0.16666666666666666,0.02579391859078163,0.038418040895029856,False,0.15029309230893084,0.41346905361763714,False,0.16676826529265995,0.3068048327976965,False,0.1261062157483702,0.300040274801378,False
soh50,42,130,0.09875008401467969,0.20362105599670624,0.12986551371761507,0.2777741241252136,False,0.5,0.16666666666666666,0.16666666666666666,0.16666666666666666,0.03651922460880893,0.055314919739691513,False,0.15727266233827672,0.4224221998650364,False,0.1659261331902745,0.31471717457837567,False,0.15974403473310014,0.3186422023177508,False
soh50,42,131,0.08838442643806313,0.21997712753112406,0.11820506326872579,0.2989873933975493,False,0.5,0.16666666666666666,0.16666666666666666,0.16666666666666666,0.02874315277673782,0.061956595798273464,False,0.14967603966480336,0.46030357746123846,False,0.16361124025254767,0.34421743351939965,False,0.1307898203808143,0.3294719668112858,False
soh50,42,132,0.08653908584295181,0.20611133382681834,0.11646006100453767,0.28065356198817704,False,0.5,0.16666666666666666,0.16666666666666666,0.16666666666666666,0.026697135519780098,0.05702687750410097,False,0.14881566483312417,0.4101323403692158,False,0.16502152360412226,0.3230787171020366,False,0.12530592006112412,0.33237631297735476,False
soh50,42,133,0.08950950070913247,0.22264105946062776,0.11993132079139054,0.307472754913561,False,0.5,0.16666666666666666,0.16666666666666666,0.16666666666666666,0.028665860544616336,0.052977668554761256,False,0.14924840318116306,0.48398616221181534,False,0.1704513495603678,0.379629649457105,False,0.13135966987941491,0.31329753943056254,False
soh50,42,134,0.09032873013812735,0.2183640019116837,0.12051141975661592,0.29510547157769595,False,0.5,0.16666666666666666,0.16666666666666666,0.16666666666666666,0.02996335090115023,0.06488106257965917,False,0.1539080795734612,0.44999392165535196,False,0.16722134477465878,0.31735615068749995,False,0.13095290377719346,0.34819075138827277,False
soh50,42,135,0.08099961934776478,0.1911459621996105,0.1103563352309225,0.2660623230317609,False,0.5,0.16666666666666666,0.16666666666666666,0.16666666666666666,0.022286187581449346,0.041313240535309666,False,0.14062793610289873,0.4188573640458766,False,0.15489858060329018,0.31080781787775624,False,0.12361263663605178,0.2932708696681011,False
soh50,42,136,0.0852782970088935,0.20079030500332143,0.11492256378007705,0.2762679500452322,False,0.5,0.16666666666666666,0.16666666666666666,0.16666666666666666,0.025989763466526414,0.04983501491949997,False,0.14817127643916364,0.4198939314418238,False,0.16445865576096674,0.31641724910828567,False,0.12107055945365142,0.3189256047113193,False
soh50,42,137,0.09261469853833476,0.1924049160196374,0.124175826391166,0.2680094594748948,False,0.5,0.16666666666666666,0.16666666666666666,0.16666666666666666,0.029492442832672248,0.04119582910912275,False,0.15424015634643434,0.41930948044824756,False,0.17634203996518863,0.3100303652210772,False,0.13662866642036883,0.3015021631211316,False
soh50,42,138,0.08915650473937312,0.20946897247072244,0.1182367026909531,0.28635518618079187,False,0.5,0.16666666666666666,0.16666666666666666,0.16666666666666666,0.030996108836213156,0.05569654505058358,False,0.15056139990915202,0.45308693126411387,False,0.16104540468013936,0.3175160933101451,False,0.1303438973383079,0.319121175098325,False
soh50,42,139,0.07840675180419071,0.20933671803855342,0.10850756405536517,0.2883745525464064,False,0.5,0.16666666666666666,0.16666666666666666,0.16666666666666666,0.018205127301841765,0.051261049022847435,False,0.14269808712303872,0.4460264083981689,False,0.1613809619665699,0.3231501338290769,False,0.11174607983001035,0.33306061893553246,False
soh50,42,140,0.09164843115285737,0.21153232827928117,0.12303880639154008,0.2896429485412827,False,0.5,0.16666666666666666,0.16666666666666666,0.16666666666666666,0.02886768067549194,0.05531108775527816,False,0.15224431753754594,0.4388742139338749,False,0.16703580291559195,0.33319840334586565,False,0.14400742443753048,0.33118808913011216,False
soh50,42,141,0.08482175802638488,0.22306131748636862,0.11548376299832641,0.31110477423923527,False,0.5,0.16666666666666666,0.16666666666666666,0.16666666666666666,0.023497748082501796,0.046974403980635446,False,0.147406795557605,0.5122562211961497,False,0.1642170239641033,0.35774259409314796,False,0.1268134843890956,0.3274458776870079,False
soh50,42,142,0.08166516865245249,0.24808561764334613,0.11191413692914372,0.3397087895744119,False,0.5,0.16666666666666666,0.16666666666666666,0.16666666666666666,0.02116723209907001,0.0648392737812146,False,0.14696348363709047,0.5242465229501492,False,0.16204806922516646,0.39330371630475414,False,0.11747776275524797,0.37644564526152974,False
soh50,42,143,0.08114470084456432,0.21189038632861273,0.11113152077085303,0.2911679240782341,False,0.5,0.16666666666666666,0.16666666666666666,0.16666666666666666,0.021171060991986887,0.05333531082937004,False,0.14276825639918325,0.45160541239787766,False,0.16020422328467296,0.3162337471394721,False,0.12038254240756906,0.34349722594621657,False
soh50,42,144,0.07956715004819472,0.20689635888773045,0.1088313480244021,0.286200769029919,False,0.5,0.16666666666666666,0.16666666666666666,0.16666666666666666,0.02103875409577994,0.04828753860335336,False,0.14357366443856812,0.44886898105823997,False,0.15093465263869169,0.3193423197860823,False,0.11977832092456871,0.32830423667200037,False
soh50,42,145,0.08754248944870735,0.22101870522162154,0.11779652479389285,0.3065230774051715,False,0.5,0.16666666666666666,0.16666666666666666,0.16666666666666666,0.02703441875833636,0.05000996085452169,False,0.1484189546312824,0.4647069421451986,False,0.1668913604894646,0.3684220603805404,False,0.12884136529648804,0.3429533462404253,False
soh50,42,146,0.080083834641369,0.19492113935567063,0.10946990650624572,0.2695309175402947,False,0.5,0.16666666666666666,0.16666666666666666,0.16666666666666666,0.02131169091161558,0.04570158298642254,False,0.14364827496416457,0.41052478671522113,False,0.1555954022271261,0.30823701019784294,False,0.11732425792207661,0.31366029026169207,False
soh50,42,147,0.09449050666423134,0.22345351374050618,0.12466991506663647,0.3050575972072988,False,0.5,0.16666666666666666,0.16666666666666666,0.16666666666666666,0.03413168985942108,0.06024534680692091,False,0.15580960517180734,0.48804781980467576,False,0.17379495908457032,0.3329911025103838,False,0.13494340615074715,0.33894611970721483,False
soh50,42,148,0.08338067090926603,0.19782775205423359,0.1140135522870989,0.27802147232507135,False,0.5,0.16666666666666666,0.16666666666666666,0.16666666666666666,0.022114908153600305,0.037440311512558125,False,0.1455468597715072,0.4462334734516223,False,0.16348251713457085,0.3305384041104245,False,0.12490992408871725,0.2978737002256804,False
soh50,42,149,0.08711701776813952,0.20604756525980675,0.11725986803328814,0.28089299456567285,False,0.5,0.16666666666666666,0.16666666666666666,0.16666666666666666,0.026831317237842257,0.05635670664807461,False,0.15157805305355534,0.42303594222492436,False,0.15833694997516515,0.32473079746642075,False,0.13229315186658983,0.3194485319232716,False
soh50,42,150,0.08841078579410883,0.206994619727473,0.11870810837723295,0.28660153513261155,False,0.5,0.16666666666666666,0.16666666666666666,0.16666666666666666,0.0278161406278606,0.04778078891719576,False,0.15039304192320435,0.46131525878839863,False,0.17108480166988427,0.31947279499068953,False,0.12553844928798255,0.3178372978341625,False
soh50,42,151,0.09638708582662908,0.2214426883287925,0.12740786891679765,0.2988055709460748,False,0.5,0.16666666666666666,0.16666666666666666,0.16666666666666666,0.03434551964629196,0.06671692309422796,False,0.1528409728961662,0.4797908490185167,False,0.18557911278358985,0.31724072471590475,False,0.1368658703411426,0.3314737869556496,False
soh50,42,152,0.08598196288905241,0.20591521030386561,0.11400973607492337,0.28609223571309017,False,0.5,0.16666666666666666,0.16666666666666666,0.16666666666666666,0.029926416517310456,0.04556115948541647,False,0.14502945617134486,0.4620844849077414,False,0.15567430369354776,0.32681857826942334,False,0.12540876791749048,0.3099047201897796,False
soh50,42,153,0.09561573842988766,0.22544809492685355,0.12619630919298247,0.308460312458566,False,0.5,0.16666666666666666,0.16666666666666666,0.16666666666666666,0.03445459690369805,0.05942365986342877,False,0.15899110095062785,0.4743307131722705,False,0.17494004692493548,0.3582906286240874,False,0.13639949199266851,0.3417962481744772,False
soh50,42,154,0.08362255904383364,0.20535690802046913,0.1133267156003248,0.2832068833817602,False,0.5,0.16666666666666666,0.16666666666666666,0.16666666666666666,0.024214245930851308,0.04965695729788697,False,0.14739345754493122,0.4274418394627753,False,0.15711907542663003,0.3451707176467273,False,0.12458008349888668,0.31055801911965125,False
soh50,42,155,0.07731997272781083,0.2148159205713894,0.10647595941259022,0.29719851600145897,False,0.5,0.16666666666666666,0.16666666666666666,0.16666666666666666,0.019007999358252047,0.050050729711250234,False,0.14199208171143443,0.4593718319665441,False,0.15446559096184878,0.33254913064987585,False,0.11043816561882563,0.3468223716781658,False
soh50,42,156,0.08279526760977948,0.21234738713645124,0.11143223485390205,0.29042203505203956,False,0.5,0.16666666666666666,0.16666666666666666,0.16666666666666666,0.025521333121534352,0.05619809130527462,False,0.14315433338645903,0.451892818020857,False,0.15687887480762316,0.3179790129594254,False,0.12017439809999164,0.3356182179226012,False
soh50,42,157,0.09243196676648247,0.2013722917458974,0.1245581722926622,0.27860658928623067,False,0.5,0.16666666666666666,0.16666666666666666,0.16666666666666666,0.028179555714123016,0.04690369666523084,False,0.1516257153319931,0.4284208355378613,False,0.1759316567225024,0.3239699385607931,False,0.1424957614020302,0.31513188638103756,False
soh50,42,158,0.08446564230075813,0.21734876977492323,0.11447805649644037,0.3041484041735504,False,0.5,0.16666666666666666,0.16666666666666666,0.16666666666666666,0.02444081390939368,0.04374950097766888,False,0.14724568561308862,0.48889434277985205,False,0.1579655427530828,0.3571833214660208,False,0.12826018371019637,0.3267664514706599,False
soh50,42,159,0.08403751742248722,0.21402596329762938,0.11458864371032765,0.2967172851322491,False,0.5,0.16666666666666666,0.16666666666666666,0.16666666666666666,0.022935264846806348,0.04864331962838994,False,0.14519221528725235,0.45243780483336976,False,0.16205717990657398,0.3520824129753799,False,0.12816991480067794,0.3337056030918568,False
soh50,42,160,0.07769869233966414,0.2062513117424986,0.10646197323391604,0.2812133890386367,False,0.5,0.16666666666666666,0.16666666666666666,0.16666666666666666,0.02017213055116037,0.056327157150222455,False,0.13926840296280732,0.4285019854609895,False,0.15246853592388454,0.31374210955528076,False,0.11393882349781193,0.3262823039880541,False
soh50,42,161,0.08218683752191082,0.2096466458838736,0.11208291071349485,0.28536988495317955,False,0.5,0.16666666666666666,0.16666666666666666,0.16666666666666666,0.022394691138742758,0.05820016774526175,False,0.1407497155093155,0.4557612933324959,False,0.159614172931961,0.30931506796547553,False,0.12557306327396014,0.3182030107694851,False
soh50,42,162,0.07946734790576628,0.2019662073379489,0.10935940292939561,0.2805066589874342,False,0.5,0.16666666666666666,0.16666666666666666,0.16666666666666666,0.019683237858507625,0.04488530403897842,False,0.14217689151067578,0.4395046683604938,False,0.16144134453844988,0.31047025903286624,False,0.11413613780994912,0.32716640451739826,False
soh50,42,163,0.08730906510833435,0.21492033274552735,0.11780296538684171,0.29816153360518266,False,0.5,0.16666666666666666,0.16666666666666666,0.16666666666666666,0.026321264551319664,0.04843793102621672,False,0.1485106351964185,0.46294995258720006,False,0.165760683041644,0.3463364119979155,False,0.1306192787579846,0.33492183880939846,False
soh50,42,164,0.0820402265500037,0.21835075714233557,0.110478929196455,0.29761499361204263,False,0.5,0.16666666666666666,0.16666666666666666,0.16666666666666666,0.025162821257101117,0.059822284202921426,False,0.14418660453426987,0.46107171075800774,False,0.1549993823405829,0.3374243400087677,False,0.11756690865386608,0.3321416394784737,False
soh50,42,165,0.08687969070941673,0.19451053275440353,0.11745552119556177,0.2721503232666763,False,0.5,0.16666666666666666,0.16666666666666666,0.16666666666666666,0.025728029737126675,0.03923095172985803,False,0.15071267356927795,0.46352360561000144,False,0.16492904423780216,0.3125655167752421,False,0.12845233723804028,0.2732812189516036,True
soh50,42,166,0.0816963585603116,0.22698764978950686,0.11002763969506198,0.304712231069349,False,0.5,0.16666666666666666,0.16666666666666666,0.16666666666666666,0.025033796290810838,0.07153848722982263,False,0.14375839109243171,0.4733070973740164,False,0.1532399391992475,0.33039784467896355,False,0.11807843219775789,0.3436054949945935,False
soh50,42,167,0.07875106526479286,0.20915765965007158,0.10802682332754758,0.28872823889573435,False,0.5,0.16666666666666666,0.16666666666666666,0.16666666666666666,0.020199549139283412,0.050016501158745987,False,0.14207733625392827,0.421159452264461,False,0.1543492747398548,0.33994507067247803,False,0.1154811331771239,0.34379193148725246,False
soh50,42,168,0.09271227920889824,0.21704105582314442,0.12404928941134485,0.29618954421638916,False,0.5,0.16666666666666666,0.16666666666666666,0.16666666666666666,0.030038258804005034,0.058744079036655024,False,0.14990977041431994,0.4473529536952808,False,0.16966250467388333,0.33311317120909356,False,0.14658662375317114,0.34554797292452727,False
soh50,42,169,0.08058844372704656,0.21120061184532413,0.10951693826167185,0.2929339430727747,False,0.5,0.16666666666666666,0.16666666666666666,0.16666666666666666,0.022731454657795986,0.0477339493904229,False,0.14501643309453563,0.4548615614309155,False,0.1536883151877765,0.33939259148832907,False,0.11663155010657926,0.3297476699814315,False
soh50,42,170,0.07970986440995687,0.20893306149027485,0.10921895369811611,0.2871299157733714,False,0.5,0.16666666666666666,0.16666666666666666,0.16666666666666666,0.020691685833638365,0.05253935292408186,False,0.14395476696945364,0.4540244581145953,False,0.15727226420701354,0.31631125156954687,False,0.11495709778235892,0.32564460048526145,False
soh50,42,171,0.08642358314866094,0.21030406301875715,0.11616190043206298,0.28662707889428474,False,0.5,0.16666666666666666,0.16666666666666666,0.16666666666666666,0.026946948581856856,0.05765803126770204,False,0.14507114293722087,0.45630180932342007,False,0.1579863865668172,0.30510768241395875,False,0.134643123642357,0.3274407925720581,False
soh50,42,172,0.08459508086392223,0.20553574244944633,0.11554658146164873,0.28253261091910525,False,0.5,0.16666666666666666,0.16666666666666666,0.16666666666666666,0.022692079668469225,0.05154200551012852,False,0.14551946759854192,0.4117047004657561,False,0.17199126274032836,0.3435592099222738,False,0.12198351583925539,0.32332452777826254,False
soh50,42,173,0.10171690585345355,0.20124811234309123,0.13168688854149357,0.27769306140180994,False,0.5,0.16666666666666666,0.16666666666666666,0.16666666666666666,0.04177694047737354,0.0483582142256538,False,0.15858919641443595,0.44391442705133294,False,0.16447173347083788,0.3030331675833326,False,0.1619096838033269,0.31546643674692054,False
soh50,42,174,0.07675575660113708,0.20950467610944984,0.1055357956801925,0.2920406465866767,False,0.5,0.16666666666666666,0.16666666666666666,0.16666666666666666,0.01919567844302623,0.04443273515499611,False,0.1432574196095608,0.4878192946912188,False,0.1498451410398025,0.3166974034931918,False,0.10984494362838047,0.31921315300730013,False
soh50,42,175,0.07913626054011294,0.2001357796132505,0.10774581023767683,0.27569303515027666,False,0.5,0.16666666666666666,0.16666666666666666,0.16666666666666666,0.021917161144985178,0.049021268539198214,False,0.14125735018778973,0.41125129695120316,False,0.1508020353725039,0.31534394958727735,False,0.11700669424542853,0.327155625523428,False
soh50,42,176,0.085930375634188,0.22934530659791158,0.11572945074274633,0.3091149666111033,False,0.5,0.16666666666666666,0.16666666666666666,0.16666666666666666,0.0263322254170713,0.06980598657152803,False,0.14764069087408077,0.455943106784969,False,0.16598014662197616,0.367052101539767,False,0.12296474005785714,0.3436586715481494,False
soh50,42,177,0.07755878185496662,0.22573586811649116,0.1067936953093849,0.31334483321065276,False,0.5,0.16666666666666666,0.16666666666666666,0.16666666666666666,0.019088954946130086,0.050517937928168076,False,0.14173975945852313,0.5222902981288103,False,0.15450092866714102,0.34866995404860596,False,0.11184513816574536,0.33190114273702653,False
soh50,42,178,0.08025835122709213,0.21205998664791623,0.10883819144772998,0.2886696776182776,False,0.5,0.16666666666666666,0.16666666666666666,0.16666666666666666,0.023098670785816462,0.05884060470719352,False,0.14227664415273894,0.4150542066712455,False,0.1501678226308448,0.32743806271050063,False,0.11980962822151969,0.35334583638417083,False
soh50,42,179,0.08718041455706974,0.2226150527805544,0.11741308294738736,0.3031550144837078,False,0.5,0.16666666666666666,0.16666666666666666,0.16666666666666666,0.026715077776434476,0.06153512937424766,False,0.1476601216847384,0.46457555667404354,False,0.16635621523687,0.3647585208976521,False,0.12892091709150658,0.32175085098888784,False
soh50,42,180,0.08345880075618435,0.22639583365203164,0.11429815732638468,0.313838499195756,False,0.5,0.16666666666666666,0.16666666666666666,0.16666666666666666,0.021780087615783688,0.05151050256458294,False,0.14910125779812836,0.49649979048023857,False,0.16172357669782852,0.35817795238437294,False,0.12458770719379819,0.34916575135382955,False
soh50,42,181,0.08071679384258207,0.20323631198147396,0.11092260556957786,0.28267169940692066,False,0.5,0.16666666666666666,0.16666666666666666,0.16666666666666666,0.020305170388590473,0.04436553713058057,False,0.14059801681571502,0.46608394038116446,False,0.16061708865433663,0.3234661941557069,False,0.12217014641966935,0.2967711259602307,False
soh50,42,182,0.08387857101214745,0.22590281342650692,0.1137242637385866,0.3105596337967731,False,0.5,0.16666666666666666,0.16666666666666666,0.16666666666666666,0.024187185559269138,0.05658917268597467,False,0.14714900830389857,0.4917703752172889,False,0.1607010101420889,0.3481416145652419,False,0.12285985094908981,0.34573737271858684,False
soh50,42,183,0.07793288803791777,0.22518746549857815,0.10704622723376851,0.31516058080488624,False,0.5,0.16666666666666666,0.16666666666666666,0.16666666666666666,0.019706209646216298,0.04524123488596199,False,0.1464372167760493,0.5743273418343228,False,0.15381931841283764,0.3340341789010713,False,0.1082221640999708,0.3070395675981889,False
soh50,42,184,0.0939564118006189,0.22886321736459278,0.12408711731533059,0.3187714597929874,False,0.5,0.16666666666666666,0.16666666666666666,0.16666666666666666,0.03369500077119555,0.04904673250780365,False,0.15371606805374588,0.509544409703623,False,0.1747799761307142,0.36211533037128874,False,0.1341574243056667,0.354379366589234,False
soh50,42,185,0.07525758833220142,0.20915929128865038,0.10415307044780485,0.2870694606053964,False,0.5,0.16666666666666666,0.16666666666666666,0.16666666666666666,0.01746662410099457,0.053338952655158374,False,0.1388543916856965,0.43185440112961254,False,0.15005203119660163,0.3245490154529453,False,0.11023923480792668,0.33853547318386945,False
soh50,42,186,0.07555798199821606,0.21292515207230206,0.10443108225397915,0.2968338188873686,False,0.5,0.16666666666666666,0.16666666666666666,0.16666666666666666,0.01781178148668988,0.045107818442168914,False,0.1393537634226166,0.4981922026100653,False,0.14955817181395334,0.3223589234342567,False,0.1110006122926568,0.32167633106298366,False
soh50,42,187,0.09275977916857685,0.21205735830510694,0.12461185965179503,0.29227695399733955,False,0.5,0.16666666666666666,0.16666666666666666,0.16666666666666666,0.02905561820214047,0.05161816692064176,False,0.1562856708340382,0.4320499261505202,False,0.18103190517398604,0.34662863200583954,False,0.13207424439701546,0.33881109091235667,False
soh50,42,188,0.08291596185054732,0.20484155548814106,0.11270773160692343,0.287121475017064,False,0.5,0.16666666666666666,0.16666666666666666,0.16666666666666666,0.02333242233779511,0.04028171643029527,False,0.14522782118630354,0.48782412602839975,False,0.1644118888375251,0.3246030748672694,False,0.11785879406606997,0.2957769827422914,False
soh50,42,189,0.0764073634872432,0.21438460682895988,0.10518799803379061,0.2952191413577611,False,0.5,0.16666666666666666,0.16666666666666666,0.16666666666666666,0.018846094394148354,0.05271553777135751,False,0.1395175885966262,0.4486449773067169,False,0.15429908937077405,0.3350322270009354,False,0.10808921977361387,0.34448382335203465,False
soh50,42,190,0.09341171034673623,0.18626131432177073,0.12487797426137776,0.2574000775184246,False,0.5,0.16666666666666666,0.16666666666666666,0.16666666666666666,0.03047918251745321,0.04398378792846311,False,0.15067397595590148,0.3910933397836554,True,0.1794179224702166,0.2998068425589955,False,0.13894081610193973,0.2947163398025843,False
soh50,42,191,0.07592733051087293,0.19549915396038092,0.10355616282611856,0.27109187436913185,False,0.5,0.16666666666666666,0.16666666666666666,0.16666666666666666,0.020669665880381664,0.04431371314287906,False,0.13869037575939122,0.4167751064654968,False,0.14838245062309555,0.304471645306338,False,0.1064821590416058,0.31880703256181353,False
soh50,42,192,0.08277854877748778,0.21046386737141193,0.11097008128074436,0.2899230667060894,False,0.5,0.16666666666666666,0.16666666666666666,0.16666666666666666,0.0263954837709746,0.05154546870205698,False,0.14303601614872172,0.45938501760301104,False,0.1573190664518456,0.3279392338136328,False,0.11712975875143557,0.3208225467056569,False
soh50,42,193,0.08351649142505889,0.23056107992121533,0.11449738101721764,0.32668107979951955,False,0.5,0.16666666666666666,0.16666666666666666,0.16666666666666666,0.021554712240741403,0.038321080164606836,False,0.1466121011773798,0.5386015503842273,False,0.1681765463158095,0.40628851767811597,False,0.12164616433493984,0.3235131709711282,False
soh50,42,194,0.07822027177640334,0.20406851634470644,0.1069046114555957,0.28064399493713643,False,0.5,0.16666666666666666,0.16666666666666666,0.16666666666666666,0.020851592418018632,0.050917559159846464,False,0.14125706131365878,0.42701492640823463,False,0.15488886398721083,0.31522099217027844,False,0.11062092810349454,0.32942250201018625,False
soh50,42,195,0.080059105340712,0.21647211686377854,0.11032587139018113,0.2972984460151672,False,0.5,0.16666666666666666,0.16666666666666666,0.16666666666666666,0.01952557324177375,0.054819458561001226,False,0.14251932665930636,0.453922383502453,False,0.16744443229830283,0.35441607198036706,False,0.11181415336134158,0.3260358700168476,False
soh50,42,196,0.07823547343675066,0.21757419281357562,0.10774726327560649,0.3016327389288699,False,0.5,0.16666666666666666,0.16666666666666666,0.16666666666666666,0.01921189375903898,0.04945710058298716,False,0.14112318471598137,0.46472077200479966,False,0.157543985982823,0.35030675953840723,False,0.11310998864458267,0.3420463235892854,False
soh50,42,197,0.08933305243312005,0.20576316350025248,0.12029951043643283,0.2854189062059864,False,0.5,0.16666666666666666,0.16666666666666666,0.16666666666666666,0.027400136426494456,0.04645167808878458,False,0.14699712691685748,0.4413605869254102,False,0.17212877333062573,0.3221416916404589,False,0.1346720050717537,0.331721668169292,False
soh50,42,198,0.07629990812989199,0.20687949219419513,0.10482246933224633,0.2848007892397901,False,0.5,0.16666666666666666,0.16666666666666666,0.16666666666666666,0.019254785725183344,0.05103689810300522,False,0.13977268201757853,0.4592416919819095,False,0.1494037955314321,0.31894863686560876,False,0.1108586140547913,0.30997593000863694,False
soh50,42,199,0.08870881512162634,0.21759946114574352,0.117431561056599,0.2947183959971982,False,0.5,0.16666666666666666,0.16666666666666666,0.16666666666666666,0.03126332325168107,0.06336159144283421,False,0.1481084446914048,0.4284874208897162,False,0.1644574831376309,0.34269882959196957,False,0.12589699314567923,0.34432574206427274,False
soh50,42,200,0.08612391830448667,0.2128292376882158,0.11496419466320126,0.290095313903416,False,0.5,0.16666666666666666,0.16666666666666666,0.16666666666666666,0.028443365587057498,0.05829708525781545,False,0.14703267445313684,0.4375457368406283,False,0.15528582023727014,0.3160744574126732,False,0.12909491837534057,0.34846397610254704,False
soh50,43,1,0.22618368576653866,0.37072741231522727,0.27772752760929464,0.48396712131180547,True,0.5,0.16666666666666666,0.16666666666666666,0.16666666666666666,0.12309600208102671,0.14424799432207092,True,0.275668313935257,0.7062656160038531,True,0.34735441012073087,0.5906521180411802,True,0.36479138430016406,0.4947027568801176,True
soh50,43,2,0.20214657815569576,0.31216686137254257,0.24973527221897654,0.4170347312840251,True,0.5,0.16666666666666666,0.16666666666666666,0.16666666666666666,0.10696919002913423,0.10243112154957751,True,0.23313056005833133,0.5788684037643459,True,0.3081315085609497,0.5207291920376671,True,0.3507098302274909,0.4661102077845098,True
soh50,43,3,0.18105524286044716,0.24994361084495337,0.22715948648076123,0.34020115829819325,True,0.5,0.16666666666666666,0.16666666666666666,0.16666666666666666,0.08884675561981911,0.06942851593847361,True,0.22767790554873715,0.5033054846795398,True,0.2859046636198441,0.40108186120275297,True,0.3062086211346445,0.38698877137200666,True
soh50,43,4,0.16221551185616506,0.2571926648396621,0.20426228423764653,0.3414481634630179,False,0.5,0.16666666666666666,0.16666666666666666,0.16666666666666666,0.07812196709320214,0.08868166759295046,False,0.21274172010434356,0.4910894823240392,True,0.24621205040726313,0.36798348471995035,True,0.2799733993457773,0.41803801921513156,False
soh50,43,5,0.15311690350978616,0.2549832991784238,0.19640321355709406,0.3445883493681036,False,0.5,0.16666666666666666,0.16666666666666666,0.16666666666666666,0.06654428341517028,0.07577319879906415,False,0.20704780219989552,0.49713916621800275,False,0.24399850771846543,0.38979960381479645,False,0.2680222608948451,0.41564142864055126,False
soh50,43,6,0.16697515684479758,0.3037121729167871,0.2126411454038089,0.3995091221633551,False,0.5,0.16666666666666666,0.16666666666666666,0.16666666666666666,0.07564317972677492,0.1121182744236511,False,0.2065983816035326,0.5305183766887147,False,0.25148243493500066,0.41368770625167506,False,0.3168405853499274,0.5417121312893795,False
soh50,43,7,0.15318559059607972,0.24579212305642115,0.1906093072738878,0.33376960405399836,True,0.5,0.16666666666666666,0.16666666666666666,0.16666666666666666,0.07833815724046364,0.06983716106126676,False,0.2022421588115595,0.5193647418273198,False,0.22243920087725147,0.37287804022607496,False,0.25941771216627657,0.3729984731013319,True
soh50,43,8,0.13243306738406424,0.2248324448344277,0.1699758497074047,0.3074308037181375,True,0.5,0.16666666666666666,0.16666666666666666,0.16666666666666666,0.057347502737383385,0.05963572706700812,True,0.19024947472510323,0.4772304413278232,True,0.2160372367135408,0.3450494489208145,True,0.21626918465359135,0.34780759755690416,True
soh50,43,9,0.15714200426803765,0.2563301689678913,0.1917219681395806,0.3402345715158091,False,0.5,0.16666666666666666,0.16666666666666666,0.16666666666666666,0.08798207652495181,0.08852136387205556,False,0.21326182826894327,0.5204622682458852,False,0.21741021634260896,0.36131619495847184,False,0.2482337514218184,0.390638458986824,False
soh50,43,10,0.14310865258538644,0.2421564515821948,0.181898903022865,0.3273701383565225,False,0.5,0.16666666666666666,0.16666666666666666,0.16666666666666666,0.06552815171042936,0.07172907803353946,False,0.1942439136772036,0.4975826646662515,False,0.22196929656119682,0.3766284415452928,False,0.24585425014263015,0.36354036918100613,False
soh50,43,11,0.14258982865632555,0.22165563627376847,0.182525365035844,0.3037353195786451,True,0.5,0.16666666666666666,0.16666666666666666,0.16666666666666666,0.06271875589728877,0.0574962696640153,True,0.19711896142731158,0.449950672885634,True,0.21677755936953136,0.3291676220360002,True,0.2534861834492442,0.37832671372893073,False
soh50,43,12,0.12647880950911958,0.2016896398020069,0.16233917375651,0.27995309993192724,True,0.5,0.16666666666666666,0.16666666666666666,0.16666666666666666,0.054758081014338766,0.04516271954216626,True,0.18379840948607326,0.44093702752935143,True,0.2047128680331548,0.31169788036304164,True,0.20608733649247313,0.32201477229314973,True
soh50,43,13,0.1353164803129545,0.22607402968832502,0.17153776332045315,0.30677101207598295,False,0.5,0.16666666666666666,0.16666666666666666,0.16666666666666666,0.06287391429795727,0.06468006491300923,False,0.19698968633427047,0.4743544800085507,False,0.20954952211693434,0.3313750868180371,False,0.21673793053265053,0.3566744165643347,False
soh50,43,14,0.11741806134054335,0.21661994468260065,0.15120320434294074,0.29365319973708515,False,0.5,0.16666666666666666,0.16666666666666666,0.16666666666666666,0.049847775335748565,0.06255343457363163,False,0.17749976762422373,0.4468881644676294,False,0.18711029431451165,0.31554713434937753,False,0.19035498009727905,0.3496240655577021,False
soh50,43,15,0.12284659514483057,0.22651644596704965,0.1577792090604503,0.3076749019167872,False,0.5,0.16666666666666666,0.16666666666666666,0.16666666666666666,0.05298136731359114,0.06419953406757459,False,0.17833904067476544,0.4334352627889051,True,0.19622339545428805,0.34436510688680094,False,0.20357303279915653,0.38869970392386816,False
soh50,43,16,0.1282708175144755,0.23354924920288303,0.16441274216631466,0.3136101439920252,False,0.5,0.16666666666666666,0.16666666666666666,0.16666666666666666,0.055986968210797246,0.07342745962459875,False,0.18718402195800424,0.44946184882699036,False,0.1987225988077317,0.3330434202521106,False,0.21575737968872546,0.3985078472644011,False
soh50,43,17,0.11735384205389314,0.20237869473189343,0.15150897764932925,0.28038171859196603,False,0.5,0.16666666666666666,0.16666666666666666,0.16666666666666666,0.04904357086302093,0.04637264701174825,False,0.1745727112828379,0.4462132384535023,False,0.19081299528475648,0.308114489845232,True,0.1916066331667017,0.3208264990573816,True
soh50,43,18,0.11868828485228719,0.21158768718527882,0.15214230231158699,0.2909122280962806,False,0.5,0.16666666666666666,0.16666666666666666,0.16666666666666666,0.05178024993368764,0.05293860536327535,False,0.17739395848716447,0.4556800372358926,False,0.18812872926080146,0.3190014920360105,False,0.1912662715646943,0.3360287777499437,False
soh50,43,19,0.12521443725942033,0.242204047663646,0.1588444274910818,0.3278129093921791,False,0.5,0.16666666666666666,0.16666666666666666,0.16666666666666666,0.05795445679609736,0.07098632420657985,False,0.1799454369715745,0.4782076387047393,False,0.19623675984613986,0.3883772328111111,False,0.2012410563505155,0.37368044184628624,False
soh50,43,20,0.11584062175721914,0.22276136986621023,0.1489317391780082,0.298438323711916,False,0.5,0.16666666666666666,0.16666666666666666,0.16666666666666666,0.04965838691564101,0.07140746217479879,False,0.17610438760914274,0.4266056122641313,True,0.18483720860219469,0.31127483970261577,False,0.1851269735850544,0.384465380706118,False
soh50,43,21,0.13562738031680538,0.1928332646872551,0.17177515804763008,0.27003920261122927,True,0.5,0.16666666666666666,0.16666666666666666,0.16666666666666666,0.06333182485515593,0.03842138883930679,True,0.19056603694061836,0.4212350433031473,True,0.2103323088358162,0.30699617621052117,True,0.2228704615589299,0.3135042020919418,True
soh50,43,22,0.1195914145284728,0.2031953834017729,0.15304662476714329,0.27834556287073464,False,0.5,0.16666666666666666,0.16666666666666666,0.16666666666666666,0.05268099405113184,0.052895024463849485,False,0.17938185235323825,0.42669658247904746,False,0.18640561351029525,0.29761822490401596,True,0.1937180391539078,0.3361724196360257,False
soh50,43,23,0.11160407878392586,0.19300513211675277,0.1461462458812881,0.26716613131139205,False,0.5,0.16666666666666666,0.16666666666666666,0.16666666666666666,0.042519744589201366,0.04468313372747416,False,0.17075204618910048,0.39208038466253775,True,0.1874767918172604,0.3115495572619226,False,0.1838364009295902,0.32035144959363376,False
soh50,43,24,0.13750321267915885,0.2253877139231896,0.16971656703836846,0.30529952911036884,False,0.5,0.16666666666666666,0.16666666666666666,0.16666666666666666,0.0730765039607397,0.06556408354883107,False,0.19668069766405968,0.4710464426818577,False,0.20320327905049873,0.32681416943504926,False,0.2059057874781757,0.3577734207757375,False
soh50,43,25,0.12862884738653085,0.1981993807082665,0.1627785672383,0.2698855703025029,False,0.5,0.16666666666666666,0.16666666666666666,0.16666666666666666,0.06032940768299256,0.05482700151979383,False,0.18223243192741448,0.3930497081566812,False,0.1988618631121801,0.30600418349696096,False,0.20969056623061286,0.32566138803657546,False
soh50,43,26,0.10716564335661037,0.20537989833905784,0.14092296727192927,0.28458227240399725,False,0.5,0.16666666666666666,0.16666666666666666,0.16666666666666666,0.039650995525972565,0.0469751502091791,False,0.1655410607543235,0.4313688656222494,False,0.1814745157039246,0.3193400559598776,False,0.17702529710349643,0.3406450178246829,False
soh50,43,27,0.1264076482411879,0.21762885020560063,0.1611682516007502,0.2973744869355429,False,0.5,0.16666666666666666,0.16666666666666666,0.16666666666666666,0.05688644152206329,0.0581375767457161,False,0.18745549694083466,0.44291980500257244,False,0.19132800226280913,0.34460837985610066,False,0.2090030656772938,0.34383218613778244,False
soh50,43,28,0.14693217342504783,0.2113997063910372,0.18554974246952688,0.28815670808490657,False,0.5,0.16666666666666666,0.16666666666666666,0.16666666666666666,0.06969703533608976,0.05788570300329848,False,0.19885756243616845,0.4474554592091063,False,0.22318176131233472,0.31359967551899487,False,0.25046261079351456,0.3336859946082266,False
soh50,43,29,0.10768361976868861,0.20803622151572193,0.1400659928169516,0.28446723973856974,False,0.5,0.16666666666666666,0.16666666666666666,0.16666666666666666,0.042918873672162614,0.05517418507002632,False,0.16700199664403206,0.4374452143179998,False,0.17897848674390238,0.32083781194309285,False,0.17136461420770935,0.32441174762316,False
soh50,43,30,0.11390713152442286,0.20861849632306734,0.14829884497805976,0.2922941737472521,False,0.5,0.16666666666666666,0.16666666666666666,0.16666666666666666,0.045123704617149096,0.041267141474697885,False,0.17142011077964925,0.4395570041701702,False,0.19767192038895143,0.374615326350272,False,0.17897964412648926,0.31373722299386825,False
soh50,43,31,0.10624955510665471,0.20034453998224805,0.1396351358649486,0.27719150068094467,False,0.5,0.16666666666666666,0.16666666666666666,0.16666666666666666,0.03947839359006691,0.046650618584854725,False,0.1642992845816965,0.4252691539382459,False,0.17630553695425355,0.3131195428007452,False,0.17845732833377748,0.32372668739993304,False
soh50,43,32,0.11052943990875264,0.21635027183783495,0.14556358991747942,0.29904809923565456,False,0.5,0.16666666666666666,0.16666666666666666,0.16666666666666666,0.04046113989129906,0.05095461704219576,False,0.1712636117581884,0.46725796770831085,False,0.19467498321173857,0.36121807805948297,False,0.17585462480869166,0.3167617341326287,False
soh50,43,33,0.1137373070963923,0.1935351570228416,0.14718504403476437,0.26801361931733203,False,0.5,0.16666666666666666,0.16666666666666666,0.16666666666666666,0.04684183321964821,0.044578232433860755,False,0.1712823874010041,0.4281702648805146,False,0.18601938361107642,0.3040296407423935,False,0.18459657190732873,0.29527633921255936,True
soh50,43,34,0.1046939635450633,0.1949612893660069,0.1371306732690258,0.27074330646183886,False,0.5,0.16666666666666666,0.16666666666666666,0.16666666666666666,0.03982054409713825,0.04339725517434296,False,0.16538739206202555,0.42167114500521014,False,0.1768733072017621,0.30180572589724114,False,0.1664414497151774,0.31609909977056133,False
soh50,43,35,0.12093474067630547,0.2218802453520748,0.15271997524851844,0.3009211030960733,False,0.5,0.16666666666666666,0.16666666666666666,0.16666666666666666,0.057364271531879556,0.06379852986407784,False,0.18014126657107324,0.45773173690766505,False,0.18258229272906615,0.3204930212433959,False,0.19079207016205477,0.3616611243691544,False
soh50,43,36,0.1036979307258687,0.20261533533939627,0.13451815347184887,0.2804431149228619,False,0.5,0.16666666666666666,0.16666666666666666,0.16666666666666666,0.042057485233908405,0.046959776172465065,False,0.16254988256038416,0.42318405275822263,False,0.17286410915803788,0.3126461243309108,False,0.16060113693506503,0.338982506429849,False
soh50,43,37,0.11352824486877501,0.20781074568166932,0.14467562289707203,0.2804922682146361,False,0.5,0.16666666666666666,0.16666666666666666,0.16666666666666666,0.051233488812181,0.06244770061573593,False,0.1696970755568242,0.41840496845562253,False,0.18581161298475787,0.3073723358769534,False,0.17196031423452504,0.33374406791023237,False
soh50,43,38,0.11555533513805664,0.21357232839183002,0.15291159422432543,0.2955245944179884,False,0.5,0.16666666666666666,0.16666666666666666,0.16666666666666666,0.04084281696551909,0.04966779633951331,False,0.16886532179879912,0.41918241279741536,False,0.20935876853507043,0.34605542768479625,False,0.19257946959791306,0.3671927408502286,False
soh50,43,39,0.10233142752743751,0.22640368459419227,0.13493027420933323,0.3106482002846071,False,0.5,0.16666666666666666,0.16666666666666666,0.16666666666666666,0.0371337341636461,0.05791465321336268,False,0.16264915798503693,0.4775820569457319,False,0.17097521639237845,0.32633230856115253,False,0.1689629882962714,0.38076378241818126,False
soh50,43,40,0.10244077407388173,0.19771369680438816,0.1358139060757717,0.27144006008680577,False,0.5,0.16666666666666666,0.16666666666666666,0.16666666666666666,0.03569451007010183,0.050260970239552845,False,0.16058530604792473,0.38939983428313946,True,0.1810662970727518,0.3215414739490345,False,0.16590951111230842,0.32455796187549646,False
soh50,43,41,0.1136245743350851,0.2119648939337026,0.14727097413933718,0.2941078931069103,False,0.5,0.16666666666666666,0.16666666666666666,0.16666666666666666,0.046331774726580996,0.04767889558728728,False,0.16942278397482136,0.4678174848246653,False,0.20034934283129227,0.3289501804716292,False,0.17297999502465408,0.3319850115440594,False
soh50,43,42,0.09845742446830767,0.2129179584880558,0.13097125112029104,0.2952665211007597,False,0.5,0.16666666666666666,0.16666666666666666,0.16666666666666666,0.03342977116434095,0.04822083326264811,False,0.15832706918981132,0.4591830212986012,False,0.17368485207788995,0.33852790207555644,False,0.15844331204912196,0.3351343277662329,False
soh50,43,43,0.10353297914209394,0.207002402553739,0.13607415383513674,0.28822362819304004,False,0.5,0.16666666666666666,0.16666666666666666,0.16666666666666666,0.03845062975600837,0.04455995127513689,False,0.16634838917850817,0.467025928469599,False,0.17904907166475917,0.3090117399497901,False,0.16044852474127122,0.3322968930776343,False
soh50,43,44,0.12384148441838537,0.22648794103325384,0.15844833340742098,0.310347065136277,False,0.5,0.16666666666666666,0.16666666666666666,0.16666666666666666,0.05462778644031414,0.05876969282720745,False,0.18699484464773083,0.4618760122139236,False,0.2133299119382416,0.369345188307779,False,0.1788407906033974,0.3513973671961981,False
soh50,43,45,0.11200998707326229,0.22617868620754372,0.14641293792418197,0.30711441857473376,False,0.5,0.16666666666666666,0.16666666666666666,0.16666666666666666,0.04320408537142294,0.06430722147316371,False,0.16859226388853374,0.4604160674101155,False,0.18577797130969687,0.32144208986103845,False,0.1880774311270744,0.38229229555461725,False
soh50,43,46,0.11062408107091361,0.20264282743407505,0.14460849647289226,0.281451568980341,False,0.5,0.16666666666666666,0.16666666666666666,0.16666666666666666,0.042655250266956296,0.04502534434154314,False,0.17149032615427418,0.42650888223670186,False,0.18741827052782667,0.3372695447669247,False,0.17687013894251194,0.31700250457619444,False
soh50,43,47,0.10812784214692736,0.1909387992946922,0.13812463308575706,0.26726238462840907,True,0.5,0.16666666666666666,0.16666666666666666,0.16666666666666666,0.04813426026926794,0.03829162862725848,True,0.16245638756137176,0.4223447229172827,False,0.18259037720963459,0.30650065265430426,False,0.15931750730275396,0.30191253431479087,False
soh50,43,48,0.10324757057448572,0.1879269091427449,0.13639776539973444,0.26077012519388987,True,0.5,0.16666666666666666,0.16666666666666666,0.16666666666666666,0.036947180923988285,0.04224047704045506,False,0.16686290611500842,0.40762814519954965,False,0.17584543381736908,0.29541292276521824,True,0.16593554074257202,0.29779895577033644,False
soh50,43,49,0.09731381403644151,0.21494312856382156,0.12958888103907745,0.29379344855924994,False,0.5,0.16666666666666666,0.16666666666666666,0.16666666666666666,0.03276368003116966,0.05724248857296486,False,0.1561803812843447,0.4014275384512249,False,0.17963545776164716,0.3711471093693,False,0.14977600507914823,0.34535665784350994,False
soh50,43,50,0.109091849873609,0.21260681681647037,0.14110020519295474,0.2898819118270647,False,0.5,0.16666666666666666,0.16666666666666666,0.16666666666666666,0.04507513923491754,0.05805662679528182,False,0.17148997613749895,0.4427379988853272,False,0.17673797164734054,0.31440658889193307,False,0.17109773375206191,0.34432643273571656,False
soh50,43,51,0.1087517072814526,0.21760853171616154,0.14243932027688636,0.3013798753538682,False,0.5,0.16666666666666666,0.16666666666666666,0.16666666666666666,0.0413764812905851,0.050065844440748325,False,0.16580307729287028,0.4333419772847215,False,0.18598322421259428,0.37736507749679865,False,0.1765944983114958,0.34474660219320413,False
soh50,43,52,0.20333645268549652,0.30136779937210356,0.24520523561854998,0.3874991095725029,False,0.5,0.16666666666666666,0.16666666666666666,0.16666666666666666,0.11959888681938957,0.129105178971305,False,0.23484072570793804,0.4998901544180568,False,0.23496958677457425,0.3767659617913455,False,0.3914117431722981,0.5442351431093041,False
soh50,43,53,0.09789796829867603,0.2104357394016342,0.13040532981874897,0.2920542380134956,False,0.5,0.16666666666666666,0.16666666666666666,0.16666666666666666,0.03288324525853014,0.047198742177911396,False,0.1582285446217149,0.434092885047743,False,0.17242166903506648,0.3341612203239129,False,0.15808786035968442,0.3527641045044152,False
soh50,43,54,0.11350575104650137,0.20314718373196008,0.14659204064389866,0.2797140347628022,False,0.5,0.16666666666666666,0.16666666666666666,0.16666666666666666,0.047333171851706844,0.05001348167027592,False,0.1701325641001338,0.4171529747692661,False,0.19084265203349826,0.32172013923887,False,0.1780597745902557,0.3299695433727967,False
soh50,43,55,0.10295994048852014,0.20136614599607472,0.13525879910411603,0.2781863226251691,False,0.5,0.16666666666666666,0.16666666666666666,0.16666666666666666,0.038362223257328375,0.0477257927378859,False,0.16224394984390086,0.4208352060218574,False,0.19038854847840483,0.3249759748016245,False,0.15004047483683006,0.3192083169393087,False
soh50,43,56,0.09430582350031014,0.19501273454153623,0.1250579499314008,0.26864696402230437,False,0.5,0.16666666666666666,0.16666666666666666,0.16666666666666666,0.032801570638128864,0.04774427557999994,False,0.15502220031885136,0.40030983967764605,False,0.16540857659559757,0.3088745159577009,False,0.14699945217302532,0.3176592248738706,False
soh50,43,57,0.09274084152740392,0.2130766552104115,0.12402621709578207,0.29246304524444033,False,0.5,0.16666666666666666,0.16666666666666666,0.16666666666666666,0.030170090390647643,0.0543038751423539,False,0.15240136857228848,0.40294053262009893,False,0.16973893822668784,0.3597734226583941,False,0.1437944711935043,0.3528343505569143,False
soh50,43,58,0.09435265128965116,0.20044070332657557,0.12569666257174206,0.2747981537574695,False,0.5,0.16666666666666666,0.16666666666666666,0.16666666666666666,0.03166462872546931,0.051725802464787696,False,0.15434967713719358,0.41652569500772674,False,0.16633104046855376,0.3028554169556627,False,0.15044130395575167,0.3280857006017009,False
soh50,43,59,0.09151200141425815,0.188506431802344,0.12303292205117317,0.2620495597285298,False,0.5,0.16666666666666666,0.16666666666666666,0.16666666666666666,0.02847016014042811,0.04142017594997256,False,0.1538245974984954,0.39367629519105957,False,0.17519016033979606,0.3034606057756463,False,0.13464677022597313,0.3096411619974406,False
soh50,43,60,0.10147165241505356,0.21369900054182786,0.13320540065700592,0.2931741381553043,False,0.5,0.16666666666666666,0.16666666666666666,0.16666666666666666,0.038004155931148864,0.05474872531487503,False,0.15857167940908548,0.44063291237141095,False,0.1744851745407813,0.3364159837447009,False,0.16176059274700802,0.34089893119023035,False
soh50,43,61,0.09700574928751074,0.2054356570102022,0.12937046021966503,0.2851892370309482,False,0.5,0.16666666666666666,0.16666666666666666,0.16666666666666666,0.03227632742320211,0.045928496968710174,False,0.15758250646008673,0.4313938132895816,False,0.17571636598511944,0.3177207225831316,False,0.15190664101025192,0.34571391528236944,False
soh50,43,62,0.11232262680052665,0.20842892001613242,0.14332788765301518,0.2879368852520165,False,0.5,0.16666666666666666,0.16666666666666666,0.16666666666666666,0.050312105095549606,0.04941298954436426,False,0.16845074898619905,0.4033586831842301,False,0.177765094602628,0.3524677311799514,False,0.17678360192768408,0.3465081370995203,False
soh50,43,63,0.08959728651268992,0.20614248803286644,0.12029805556322543,0.28642400596484696,False,0.5,0.16666666666666666,0.16666666666666666,0.16666666666666666,0.02819574841161891,0.045579452168905486,False,0.15344916820702856,0.426280015562357,False,0.16343527931187127,0.3290752215939646,False,0.13611202632238298,0.3447613345341607,False
soh50,43,64,0.08773860157863808,0.18064642029830888,0.1185664875852803,0.2517906464191283,True,0.5,0.16666666666666666,0.16666666666666666,0.16666666666666666,0.026082829565353634,0.038357968056670126,False,0.15113203089454672,0.3722810182992258,True,0.16250032195467579,0.29053876593464145,True,0.13455076792654508,0.30598483338597576,False
soh50,43,65,0.0872506433480482,0.19990295049191542,0.11772065619158975,0.2775790672093441,False,0.5,0.16666666666666666,0.16666666666666666,0.16666666666666666,0.026310617660965107,0.0445507170570581,False,0.15085624931802746,0.4122080123746805,False,0.16313903044196057,0.3256159227844003,False,0.1305767273454059,0.3279416166212375,False
soh50,43,66,0.0965685101931407,0.20924309660437737,0.12879762113941032,0.2874056079094884,False,0.5,0.16666666666666666,0.16666666666666666,0.16666666666666666,0.032110288300601406,0.05291807399415538,False,0.15414913887179202,0.4394457480484458,False,0.16834037266087,0.31186385490312396,False,0.1605906847243779,0.3453947546922284,False
soh50,43,67,0.09556813752133522,0.2108309480050296,0.12814780703018058,0.28919474124962424,False,0.5,0.16666666666666666,0.16666666666666666,0.16666666666666666,0.030408798503644485,0.05410336151584037,False,0.15419290185178014,0.41602038793746793,False,0.17567776100822044,0.33062192910574323,False,0.15231176675707728,0.3560332864394455,False
soh50,43,68,0.08658159825788088,0.21309364618234428,0.11703137572603972,0.2967424982729603,False,0.5,0.16666666666666666,0.16666666666666666,0.16666666666666666,0.025682043321563215,0.045795942001112276,False,0.1504170901714781,0.4498253001589194,False,0.16433429711438902,0.36390372817128536,False,0.12769207229672855,0.3274450227605241,False
soh50,43,69,0.09108038777099396,0.19757692852759887,0.12366764448578632,0.27442759031241215,False,0.5,0.16666666666666666,0.16666666666666666,0.16666666666666666,0.025905874341409285,0.04387560495797241,False,0.16081225760930584,0.38787620819653096,False,0.17369944986455757,0.334508099883295,False,0.13425299612787253,0.33145044821185016,False
soh50,43,70,0.09147787136638415,0.21377212638134,0.12250342330573186,0.2953158475756183,False,0.5,0.16666666666666666,0.16666666666666666,0.16666666666666666,0.029426767487688743,0.05068468399278347,False,0.15313244457499942,0.4408195152120013,False,0.17299137672428933,0.3491421589877179,False,0.13446310443594992,0.34061703210997046,False
soh50,43,71,0.0979016725960242,0.22020022675848275,0.1304004347038772,0.30022624938176595,False,0.5,0.16666666666666666,0.16666666666666666,0.16666666666666666,0.03290414838031823,0.06014818151191642,False,0.1612927032904191,0.45888355170907685,False,0.18400142390949759,0.3379644517243154,False,0.1434034632352739,0.3439088125817551,False
soh50,43,72,0.09039789262469887,0.19467925649275256,0.12062185983342505,0.27052026368880416,False,0.5,0.16666666666666666,0.16666666666666666,0.16666666666666666,0.029949958207246514,0.04299724210064937,False,0.14991293646173587,0.42923829819698667,False,0.16596930177784455,0.3000256154676877,False,0.13665524288687328,0.309819898989893,False
soh50,43,73,0.08740183769984489,0.2215742000883375,0.11788526243677178,0.3057711804565789,False,0.5,0.16666666666666666,0.16666666666666666,0.16666666666666666,0.026434988225991142,0.053180239351854584,False,0.15125506295494423,0.5073159875964125,False,0.16441787667275767,0.3190985785167557,False,0.12943312189339404,0.343489916361293,False
soh50,43,74,0.0952656650637572,0.25216374621216875,0.1289231231840748,0.34562241473836686,False,0.5,0.16666666666666666,0.16666666666666666,0.16666666666666666,0.027950748823121974,0.0652464091597727,False,0.15157603974898476,0.4920283987140642,False,0.1921128098286314,0.4420302772366412,False,0.14405289433556112,0.3831845738429893,False
soh50,43,75,0.10162151038612949,0.23163496870740452,0.133584543183536,0.31566579949056855,False,0.5,0.16666666666666666,0.16666666666666666,0.16666666666666666,0.03769544479131644,0.0635733071410764,False,0.15981690553504,0.47853038582209034,False,0.17368145748537187,0.3625693034641868,False,0.1631443649224157,0.3579902015349207,False
soh50,43,76,0.09290604304761713,0.19643607129188817,0.12430405556804608,0.26963666247705853,False,0.5,0.16666666666666666,0.16666666666666666,0.16666666666666666,0.030110018006759262,0.05003488892154751,False,0.16149429460880518,0.39744950950147323,False,0.17062768809838444,0.30759099129738865,False,0.1349842215582354,0.3234712601878247,False
soh50,43,77,0.09856801142821645,0.21418086354700924,0.1311030339349965,0.3003279072027496,False,0.5,0.16666666666666666,0.16666666666666666,0.16666666666666666,0.03349796641465636,0.04188677623552858,False,0.15869471454688489,0.4848567079331554,False,0.17817595841228503,0.3547966217544651,False,0.15404349636615974,0.3197715228878493,False
soh50,43,78,0.10008022792529347,0.21590999552754453,0.13295965809094495,0.30339324754386293,False,0.5,0.16666666666666666,0.16666666666666666,0.16666666666666666,0.034321367593990536,0.04094349149490771,False,0.16077726272906695,0.4924903561614311,False,0.18134406532408523,0.35911883482937434,False,0.15539593671663712,0.3210203076897386,False
soh50,43,79,0.08791964478499975,0.19428506367937887,0.11832090554552349,0.26887699678677407,False,0.5,0.16666666666666666,0.16666666666666666,0.16666666666666666,0.027117123263952266,0.045101197464588544,False,0.1548047709420962,0.40616037174456404,False,0.16162612838597326,0.30396600118323924,False,0.12973559959007225,0.3202804167547044,False
soh50,43,80,0.08808948875871779,0.20243861741410052,0.11773020100100087,0.27372618926436176,False,0.5,0.16666666666666666,0.16666666666666666,0.16666666666666666,0.02880806427415163,0.05986347371357805,False,0.15000214376418705,0.38724412251183143,False,0.16586748158525585,0.31831554684244784,False,0.12624311438040894,0.3294816139895898,False
soh50,43,81,0.0897738394097178,0.19625123326680263,0.11954333505662379,0.2736273227382686,False,0.5,0.16666666666666666,0.16666666666666666,0.16666666666666666,0.030234848115905794,0.04149905432387061,False,0.1469064233332774,0.4167265375949003,False,0.164180073660583,0.3169737881297769,False,0.136851995116729,0.31930991090452676,False
soh50,43,82,0.09691063707986586,0.23492544473010102,0.12760885046469295,0.3258337424980942,False,0.5,0.16666666666666666,0.16666666666666666,0.16666666666666666,0.035514210310211694,0.05310884919411466,False,0.16114791522070052,0.5360743423167476,False,0.17103645514551494,0.3890211663598391,False,0.14273682118234463,0.32513061212167554,False
soh50,43,83,0.09575760985658169,0.22713428962265042,0.1269318403431172,0.3100991060672322,False,0.5,0.16666666666666666,0.16666666666666666,0.16666666666666666,0.03340914888351069,0.06120465673348695,False,0.15253127620212972,0.500190238767,False,0.16754278720008778,0.3346310349804435,False,0.15424414908674056,0.3443704937879983,False
soh50,43,84,0.0898388234384697,0.20059618105691268,0.11938719205866596,0.2752960048916084,False,0.5,0.16666666666666666,0.16666666666666666,0.16666666666666666,0.0307420861980772,0.05119653338752124,False,0.15067475679580403,0.40047162804453595,False,0.16145236968397264,0.31508607962450225,False,0.13467955555680997,0.33442977850987415,False
soh50,43,85,0.11612063904075447,0.22380375588849047,0.1461937363668061,0.30336612287185427,False,0.5,0.16666666666666666,0.16666666666666666,0.16666666666666666,0.0559744443886512,0.06467902192176289,False,0.1642448702473668,0.43832532025598225,False,0.17870317546497982,0.3660371523906265,False,0.1858524553662266,0.3444229969190454,False
soh50,43,86,0.09231360364167869,0.21117473154147653,0.12264071659476619,0.29279949443755116,False,0.5,0.16666666666666666,0.16666666666666666,0.16666666666666666,0.03165937773550368,0.04792520574932732,False,0.15328280015138937,0.4586629769453272,False,0.16680663749357807,0.33895858303236553,False,0.1388140509985937,0.3256512120231845,False
soh50,43,87,0.08807063094054836,0.21426989517331385,0.11796765640944154,0.2899164904482689,False,0.5,0.16666666666666666,0.16666666666666666,0.16666666666666666,0.02827658000276199,0.06297670462340386,False,0.15078794275793017,0.40630126228203883,False,0.1621917636458753,0.3419066158291563,False,0.13061433923119872,0.3484813790584765,False
soh50,43,88,0.09207382386338468,0.20102308654745532,0.1233288504297305,0.281757830293643,False,0.5,0.16666666666666666,0.16666666666666666,0.16666666666666666,0.029563770730693068,0.039553599055079894,False,0.15307079143494573,0.4600089746012861,False,0.17592910170392798,0.3243854508692621,False,0.13475173784935524,0.30308329664894396,False
soh50,43,89,0.11213658400267018,0.19838667852628236,0.14454204260825512,0.27514553250664087,False,0.5,0.16666666666666666,0.16666666666666666,0.16666666666666666,0.047325666791500354,0.0448689705655654,False,0.16316487336870408,0.42466506790123765,False,0.1966864654092392,0.31898137100428964,False,0.17099116486357682,0.3120667205554707,False
soh50,43,90,0.11197102582487634,0.2240978673204208,0.1456543503275343,0.3096746574443834,False,0.5,0.16666666666666666,0.16666666666666666,0.16666666666666666,0.04460437681956043,0.05294428707249575,False,0.1638746407083048,0.5373081958180314,False,0.17860996996007994,0.32604197519186473,False,0.195528413822192,0.3224041716951416,False
soh50,43,91,0.09019690203995748,0.20168618537823074,0.1207780007355225,0.2745692153200708,False,0.5,0.16666666666666666,0.16666666666666666,0.16666666666666666,0.02903470464882744,0.05592012549455072,False,0.15250025182512583,0.4130930215043958,False,0.1653529205947527,0.31787023878808013,False,0.13622412587338406,0.3113934754932564,False
soh50,43,92,0.09963935863877492,0.2248537753409505,0.129847275321866,0.31174597844701396,False,0.5,0.16666666666666666,0.16666666666666666,0.16666666666666666,0.039223525272592805,0.05106936912882364,False,0.15446843425239373,0.5054581530125652,False,0.17544567569801184,0.35951655193933574,False,0.15025146606446557,0.3309398397073312,False
soh50,43,93,0.08416287181949629,0.21995127112698176,0.11394667888770149,0.30473092921152334,False,0.5,0.16666666666666666,0.16666666666666666,0.16666666666666666,0.024595257683085892,0.05039195495789865,False,0.14597963497810204,0.45686067498954475,False,0.1630439545760852,0.37816594381590724,False,0.12216786831353282,0.33350514308274265,False
soh50,43,94,0.0859626956802988,0.2094735026317274,0.11621303996297652,0.2892392053101318,False,0.5,0.16666666666666666,0.16666666666666666,0.16666666666666666,0.02546200711494332,0.04994209727491857,False,0.14718238185722168,0.4261472484318609,False,0.1659020787209313,0.350284541130333,False,0.12630569215880985,0.33058293440341474,False
soh50,43,95,0.08134802743184381,0.19665093016744262,0.11097134052967249,0.2731659371053309,False,0.5,0.16666666666666666,0.16666666666666666,0.16666666666666666,0.022101401236186452,0.04362091629166617,False,0.14425363977366015,0.41730628044755097,False,0.15882752589794644,0.3239335842339775,False,0.11870279521089695,0.30780296744812885,False
soh50,43,96,0.105431073320383,0.2544650597952849,0.13782065439031443,0.34800278651839855,False,0.5,0.16666666666666666,0.16666666666666666,0.16666666666666666,0.04065191118052015,0.06738960634905766,False,0.1705028612917696,0.5462360285286559,False,0.17564725237394563,0.3890633696885239,False,0.1644805927150223,0.38932214150735667,False
soh50,43,97,0.09550070774887477,0.20585113757564302,0.1257913285151106,0.2833178720409068,False,0.5,0.16666666666666666,0.16666666666666666,0.16666666666666666,0.03491946621640311,0.05091766864511542,False,0.15441273018616183,0.44320286689251637,False,0.17224254973892394,0.32307509664391926,False,0.14159056791895355,0.31607585598207627,False
soh50,43,98,0.10879811182803509,0.22254136260135063,0.1408104509471027,0.3054481274530698,False,0.5,0.16666666666666666,0.16666666666666666,0.16666666666666666,0.04477343358989985,0.05672783289791234,False,0.16368072183891538,0.4855593848261215,False,0.17818378304542518,0.3375087199614141,False,0.1766038653141704,0.3419965721268312,False
soh50,43,99,0.08892854012979415,0.21527648610360808,0.1206538467929088,0.30020311216678347,False,0.5,0.16666666666666666,0.16666666666666666,0.16666666666666666,0.02547792680356483,0.0454232339772573,False,0.14841880455603879,0.43549394334543995,False,0.17593623756952992,0.37504135527201465,False,0.13278241824250167,0.344853916072422,False
soh50,43,100,0.08558460403134303,0.23946051378489944,0.1154611509160298,0.3306715897110612,False,0.5,0.16666666666666666,0.16666666666666666,0.16666666666666666,0.025831510261969514,0.05703836193257588,False,0.14872771215073408,0.5296240457707485,False,0.16477375219222254,0.38203781706598455,False,0.12251162905919312,0.353986134074936,False
soh50,43,101,0.0899199118771754,0.20564153250173672,0.12078054427784748,0.2847020102490101,False,0.5,0.16666666666666666,0.16666666666666666,0.16666666666666666,0.028198647075831255,0.04752057700718998,False,0.1502426064567615,0.45962775861480837,False,0.16051805983533343,0.3131964859266389,False,0.1441628637434638,0.31846321944740313,False
soh50,43,102,0.09177044731654323,0.20012394577436035,0.1226689175152896,0.27905268308741177,False,0.5,0.16666666666666666,0.16666666666666666,0.16666666666666666,0.02997350691905049,0.04226647114825753,False,0.1539597400218713,0.39138953457006115,False,0.17368124009458175,0.358250029851595,False,0.13306118302565487,0.3243046967797334,False
soh50,43,103,0.0856777963902211,0.25435514919364743,0.11586647201429148,0.36045959995078447,False,0.5,0.16666666666666666,0.16666666666666666,0.16666666666666666,0.025300445142080345,0.04214624767937329,False,0.14512894649848143,0.5794739243800459,False,0.17064879237293132,0.4823038424170418,False,0.12238770404367284,0.3379143853266771,False
soh50,43,104,0.10698273408958212,0.22636594659742615,0.13731051755142218,0.30592013633878906,False,0.5,0.16666666666666666,0.16666666666666666,0.16666666666666666,0.04632716716590203,0.06725756711470036,False,0.16377070479749636,0.46868060663260364,False,0.17379688757996617,0.32336206374745996,False,0.16534731066232408,0.36438030786039227,False
soh50,43,105,0.08981273752799515,0.21087939381021353,0.12034521626566205,0.2919751016686415,False,0.5,0.16666666666666666,0.16666666666666666,0.16666666666666666,0.02874778005266133,0.048687978093357606,False,0.15087712813628992,0.44330259376876957,False,0.1646839568054044,0.3648560172735404,False,0.1370720000682926,0.31105381753889844,False
soh50,43,106,0.0916318713575045,0.21010733300750808,0.12162871161839353,0.28205654666931035,False,0.5,0.16666666666666666,0.16666666666666666,0.16666666666666666,0.03163819083572647,0.06620890568390353,False,0.1558345752738446,0.4172113515156466,False,0.16333017641671332,0.2992687081390035,False,0.13571190394728974,0.34553722133868786,False
soh50,43,107,0.08887810279186756,0.23028641789468995,0.11907096851020724,0.3156521287984791,False,0.5,0.16666666666666666,0.16666666666666666,0.16666666666666666,0.028492371355188187,0.05955499608711173,False,0.15066649930047915,0.4889892289580342,False,0.16064452911577146,0.35566615402513624,False,0.13648047426939017,0.3583981361236341,False
soh50,43,108,0.08514752083778275,0.22172659144722348,0.11554880043259601,0.3062341898616927,False,0.5,0.16666666666666666,0.16666666666666666,0.16666666666666666,0.024344961648156246,0.05271139461828503,False,0.14746491253073224,0.5063088175462743,False,0.1596199292757529,0.3312786504579681,False,0.13076539827574268,0.3346378968242434,False
soh50,43,109,0.09032122891288914,0.24070175982229353,0.1205956285420646,0.33156808681411587,False,0.5,0.16666666666666666,0.16666666666666666,0.16666666666666666,0.02977242965453827,0.05896910583864886,False,0.14873058138022965,0.5452338963223236,False,0.1669832611276343,0.37398624122826724,False,0.13689624200585612,0.34808310386722385,False
soh50,43,110,0.09162778415880618,0.20490683221353528,0.12397783668432524,0.2841349494992772,False,0.5,0.16666666666666666,0.16666666666666666,0.16666666666666666,0.026927679107768103,0.04645059764205149,False,0.1481106778487192,0.4382857408662621,False,0.18308030791330263,0.33437502811209524,False,0.137792681867511,0.3174284313766999,False
soh50,43,111,0.09954999778268447,0.2155496731837633,0.12949053996970517,0.2978229819605782,False,0.5,0.16666666666666666,0.16666666666666666,0.16666666666666666,0.039668913408643106,0.05100305563013359,False,0.15481649353273827,0.4760054185116902,False,0.1701506882197823,0.3337817936246165,False,0.15332606471765703,0.33050166007587245,False
soh50,43,112,0.08393477997853215,0.21510020270945332,0.1138900258765887,0.29640481520300377,False,0.5,0.16666666666666666,0.16666666666666666,0.16666666666666666,0.024024288182419046,0.05249097772235237,False,0.14428282272517354,0.4760590846780999,False,0.1617735376146218,0.32558219137938643,False,0.1254794549841404,0.33148700703217654,False
soh50,43,113,0.1007821254409074,0.22521916914092252,0.13097636781110072,0.3075823965283019,False,0.5,0.16666666666666666,0.16666666666666666,0.16666666666666666,0.040393640700520726,0.060492714366163734,False,0.16043552967419997,0.46598144118782686,False,0.18043510578391445,0.3589617553385211,False,0.1426411950857678,0.34489367522069597,False
soh50,43,114,0.08969550399905388,0.21730897127986656,0.12016255236347992,0.3038555849220473,False,0.5,0.16666666666666666,0.16666666666666666,0.16666666666666666,0.028761407270201787,0.04421574399550516,False,0.15230638235836852,0.45798960786109094,False,0.16628026010213537,0.3818415341191401,False,0.13330215972321405,0.33137545371245297,False
soh50,43,115,0.081409916938604,0.20740117006196418,0.11012848113934083,0.2844206992575797,False,0.5,0.16666666666666666,0.16666666666666666,0.16666666666666666,0.023972788537130325,0.053362111670733216,False,0.1438528858730037,0.4488150331984002,False,0.1524501665920999,0.31604067562787336,False,0.12023808355512938,0.31946497653331196,False
soh50,43,116,0.0816929996387094,0.2018449377630501,0.11086367091267785,0.27753931252633585,False,0.5,0.16666666666666666,0.16666666666666666,0.16666666666666666,0.023351657090772537,0.05045618823647859,False,0.1425462644646792,0.41089673344144345,False,0.15947879726371644,0.3147308598753573,False,0.11807796483154319,0.33407346855206405,False
soh50,43,117,0.09089490415532156,0.19981021274485325,0.12000846853654526,0.2744877320887073,False,0.5,0.16666666666666666,0.16666666666666666,0.16666666666666666,0.03266777539287416,0.050455174057145134,False,0.1496615725793203,0.409196943399836,False,0.16060299216817184,0.3152043303114669,False,0.13710153400581473,0.3230944805863813,False
soh50,43,118,0.08381770936103068,0.21354567838706026,0.11414939295987234,0.2994215079989928,False,0.5,0.16666666666666666,0.16666666666666666,0.16666666666666666,0.023154342163347368,0.0417940191631951,False,0.1464319604467722,0.4830975476336879,False,0.1624148614684141,0.35275064207345613,False,0.12459640776095571,0.3200438231256323,False
soh50,43,119,0.07702311034940251,0.2187583769620147,0.10575244260068682,0.3011808631559186,False,0.5,0.16666666666666666,0.16666666666666666,0.16666666666666666,0.0195644458468339,0.05391340457420695,False,0.1385227323751406,0.4729406811186088,False,0.1519964345394089,0.34069158152288453,False,0.11292615764136389,0.33717778540797405,False
soh50,43,120,0.09132624014778801,0.2115564256746977,0.12168761770105488,0.2876028707366176,False,0.5,0.16666666666666666,0.16666666666666666,0.16666666666666666,0.030603485041254274,0.05946353555085796,False,0.15156581584048492,0.4230632721014836,False,0.16271777334108536,0.32160978265158113,False,0.14186339658139493,0.3462748926425478,False
soh50,43,121,0.08208283577604678,0.19450225555528056,0.11196170244613346,0.2685359487235163,False,0.5,0.16666666666666666,0.16666666666666666,0.16666666666666666,0.02232510243587345,0.04643486921880901,False,0.14995821698892672,0.39870964433813133,False,0.15605073726328958,0.31041841960560784,False,0.11951275309644403,0.3185808617315172,False
soh50,43,122,0.09072658116949629,0.19199131511412504,0.12055818466497728,0.2663882705602747,False,0.5,0.16666666666666666,0.16666666666666666,0.16666666666666666,0.03106337417853436,0.043197404221825726,False,0.1502400967686385,0.4100376188546393,False,0.16517841273937353,0.3101701228438081,False,0.13575085497336267,0.30214793632082576,False
soh50,43,123,0.08139514987999574,0.20029507339694827,0.11026354696705924,0.27766677855595717,False,0.5,0.16666666666666666,0.16666666666666666,0.16666666666666666,0.023658355705868758,0.045551663078930445,False,0.1465489748036897,0.41700240324712357,False,0.15355973040466503,0.3237066505309195,False,0.1172871269540135,0.3244063973668552,False
soh50,43,124,0.08686671966133842,0.20746187222007562,0.11698164495581115,0.2885916605372627,False,0.5,0.16666666666666666,0.16666666666666666,0.16666666666666666,0.02663686907239297,0.04520229558570147,False,0.14769225439908804,0.46811716782981616,False,0.15899181398013726,0.33248755752705444,False,0.13460564237162634,0.3085596212064788,False
soh50,43,125,0.07797458716321955,0.21033034843245965,0.10746784018435046,0.2922831819854826,False,0.5,0.16666666666666666,0.16666666666666666,0.16666666666666666,0.01898808112095773,0.0464246813264138,False,0.14376364061055438,0.4792136144165999,False,0.15306734899010177,0.3193750787646375,False,0.11405229001578797,0.32411935343427917,False
soh50,43,126,0.08848861353512245,0.2062226778773567,0.11857292008669103,0.28118562788139545,False,0.5,0.16666666666666666,0.16666666666666666,0.16666666666666666,0.028320000431985314,0.056296777869279294,False,0.15029700735334897,0.38673215255609766,False,0.16694521480739102,0.30795522056531,False,0.12872945775403882,0.37375836053489486,False
soh50,43,127,0.08612434674399756,0.20208098899857244,0.11637437309348106,0.2811506452795616,False,0.5,0.16666666666666666,0.16666666666666666,0.16666666666666666,0.025624294045030586,0.043941676436594246,False,0.14426937031591638,0.4577786849592309,False,0.1642581661028881,0.31059174583901683,False,0.13134566191008917,0.31229047388340425,False
soh50,43,128,0.0864459876444296,0.1901761811475346,0.11684434559628673,0.26275634919436897,False,0.5,0.16666666666666666,0.16666666666666666,0.16666666666666666,0.02564927174071531,0.04501584505386583,False,0.14714300756833526,0.3827329953951047,False,0.16429476974904,0.3122210813608531,False,0.1302903333270564,0.3110554749676523,False
soh50,43,129,0.07957959179224952,0.19976071464913478,0.10865874825937558,0.2751795332036546,False,0.5,0.16666666666666666,0.16666666666666666,0.16666666666666666,0.021421278857997453,0.04892307754009512,False,0.14321949327385122,0.3912296698432567,False,0.1548131514228706,0.3201398235142872,False,0.11518106948278299,0.34042556191697954,False
soh50,43,130,0.09117659160558891,0.21667504014836808,0.12145240775120737,0.2945380040458681,False,0.5,0.16666666666666666,0.16666666666666666,0.16666666666666666,0.03062495931435202,0.060949112353368105,False,0.14960317317833527,0.42521946832778673,False,0.16960681689587268,0.3448096482229767,False,0.13597468161626952,0.34717378727934084,False
soh50,43,131,0.0828305126208517,0.20942815632386438,0.11325429353233941,0.289071283421609,False,0.5,0.16666666666666666,0.16666666666666666,0.16666666666666666,0.02198295079787627,0.05014190212837519,False,0.1443753899997664,0.439815294521539,False,0.1603813792324702,0.34160608060598174,False,0.1262774540992448,0.32472185643054,False
soh50,43,132,0.09365018934689671,0.20683133538367895,0.12228754600305897,0.2812105531936796,False,0.5,0.16666666666666666,0.16666666666666666,0.16666666666666666,0.0363754760345722,0.05807289976367778,False,0.1523500458660205,0.4062689319718145,False,0.16504416677771397,0.317141856788051,False,0.13538049533392923,0.343358524251175,False
soh50,43,133,0.07635940406455265,0.20949100320509126,0.1055332339722774,0.28757560290533146,False,0.5,0.16666666666666666,0.16666666666666666,0.16666666666666666,0.018011744249103137,0.05332180380461079,False,0.1409177022753638,0.4416917258682922,False,0.15338151206804998,0.328132349784675,False,0.10982197729659272,0.327156532163748,False
soh50,43,134,0.08679180350480188,0.21076005116091834,0.11656199162868215,0.29080168197705064,False,0.5,0.16666666666666666,0.16666666666666666,0.16666666666666666,0.027251427257041383,0.050676789528653704,False,0.1462152739625764,0.4452625281400702,False,0.16910878830435874,0.341549221955845,False,0.12367247699075205,0.32571818828363375,False
soh50,43,135,0.09432202950653412,0.18921278833458827,0.1273005659643085,0.2672143801022788,False,0.5,0.16666666666666666,0.16666666666666666,0.16666666666666666,0.02836495659098536,0.033209604799207246,True,0.15264362191105754,0.44473699956458285,False,0.17182821767693426,0.31203037782813364,False,0.15636546767825685,0.27888053821719155,True
soh50,43,136,0.09128390357133999,0.21570775783570098,0.12321543411689273,0.3030979986783827,False,0.5,0.16666666666666666,0.16666666666666666,0.16666666666666666,0.027420842480234544,0.04092727615033752,False,0.14977470441846835,0.46453566507627503,False,0.1826792807978739,0.39800732398517247,False,0.1329869087709941,0.30892172950174585,False
soh50,43,137,0.07706752608759358,0.20360277940864435,0.10677384473842938,0.283184342665327,False,0.5,0.16666666666666666,0.16666666666666666,0.16666666666666666,0.01765488878592202,0.04443965289527916,False,0.13825657413084283,0.45141635679640163,False,0.15683026039017642,0.3277090441322669,False,0.11435365564677623,0.30917231683736013,False
soh50,43,138,0.08038626814313143,0.20879070347566894,0.11010135500365216,0.28294819754472184,False,0.5,0.16666666666666666,0.16666666666666666,0.16666666666666666,0.020956094422089986,0.060475715337563136,False,0.14322972583473834,0.4268829633500461,False,0.16162980786197892,0.30599715347573964,False,0.11458979189580137,0.33843695801553847,False
soh50,43,139,0.0807924583092445,0.22971718168242777,0.11110996212488025,0.319810236379581,False,0.5,0.16666666666666666,0.16666666666666666,0.16666666666666666,0.020157450677973015,0.04953107228812134,False,0.1438382123595828,0.5096379726338266,False,0.1609064628198128,0.3771751337289291,False,0.1195377226421524,0.342896766867447,False
soh50,43,140,0.09426939299308129,0.2140208714173064,0.1245500036215639,0.29250290346635804,False,0.5,0.16666666666666666,0.16666666666666666,0.16666666666666666,0.033708171736116094,0.05705680731920317,False,0.15455378786828314,0.43385293708204314,False,0.16973640382837274,0.3461644132649801,False,0.14020165105348364,0.33293745619920584,False
soh50,43,141,0.08028622292515716,0.1940261353863254,0.11033598098715704,0.26647865217082034,False,0.5,0.16666666666666666,0.16666666666666666,0.16666666666666666,0.02018670680115743,0.04912110181733561,False,0.14537523375779796,0.4140857935068812,False,0.15916782690658143,0.29576068300346,False,0.1166141564830913,0.3069470303556045,False
soh50,43,142,0.07835279427647139,0.19752768140624485,0.10693295838511967,0.27181270771635546,False,0.5,0.16666666666666666,0.16666666666666666,0.16666666666666666,0.021192466059174842,0.04895762878602365,False,0.14199514415391862,0.3997862564891976,False,0.15280793469229179,0.3116484870836949,False,0.11173628863509338,0.32685845850650574,False
soh50,43,143,0.08854955934371898,0.2352305212423632,0.11878037300639285,0.3293482090251851,False,0.5,0.16666666666666666,0.16666666666666666,0.16666666666666666,0.028087932018371245,0.04699514567671946,False,0.15292623794036309,0.5200869487598945,False,0.16363959321684618,0.4129088426183361,False,0.13046772884999092,0.3374018990457903,False
soh50,43,144,0.08160505817634787,0.20382405477611518,0.11117342523142915,0.2796957283603364,False,0.5,0.16666666666666666,0.16666666666666666,0.16666666666666666,0.022468324066185336,0.05208070760767265,False,0.14098078639575967,0.42110055265299634,False,0.15808184245210968,0.3164771750016468,False,0.1231627480116619,0.32912447817903,False
soh50,43,145,0.07917908037412046,0.2128169920591554,0.10883315392830627,0.2913944191566234,False,0.5,0.16666666666666666,0.16666666666666666,0.16666666666666666,0.019870933265748826,0.05566213786421946,False,0.1428708309982204,0.4105914773723532,False,0.1599691840593828,0.36753054233026655,False,0.11262166738987306,0.33179351905965443,False
soh50,43,146,0.08666083340789825,0.2010447737058435,0.11791742759545636,0.2732145009241722,False,0.5,0.16666666666666666,0.16666666666666666,0.16666666666666666,0.024147645032782054,0.05670531926918606,False,0.14810223940940725,0.3611356422493935,True,0.1771690843857987,0.33637754128891983,False,0.12225074155383743,0.33863950088918954,False
soh50,43,147,0.09129684041486112,0.23076415480949902,0.12062392160304997,0.31568918503702315,False,0.5,0.16666666666666666,0.16666666666666666,0.16666666666666666,0.032642678038483454,0.06091409435445088,False,0.14994168516844206,0.4746066899825416,False,0.16092986819153898,0.3804082340408397,False,0.13898145501373535,0.3468277217702604,False
soh50,43,148,0.08165415957431285,0.2081509138053842,0.11106683207236032,0.28430892366114524,False,0.5,0.16666666666666666,0.16666666666666666,0.16666666666666666,0.022828814578217956,0.055834894093862115,False,0.14182636152602257,0.40760993685790714,False,0.15817567201699032,0.32673292735073667,False,0.1214364801682104,0.3470579363420751,False
soh50,43,149,0.07957660574286422,0.21103279709451092,0.10885579407701026,0.2897106740589238,False,0.5,0.16666666666666666,0.16666666666666666,0.16666666666666666,0.021018229074572167,0.05367704316568519,False,0.1413295052357767,0.42469138096225384,False,0.15962619256509825,0.33697106463480325,False,0.11344924943259392,0.3435032074729529,False
soh50,43,150,0.08119263032035275,0.2252712239907926,0.11162749086527486,0.3118626934158085,False,0.5,0.16666666666666666,0.16666666666666666,0.16666666666666666,0.02032290923050854,0.052088285140760714,False,0.14527383947046676,0.5099422901103464,False,0.16085741933762063,0.35384923828523057,False,0.1200557954225035,0.33157096012689646,False
soh50,43,151,0.07845916130113995,0.21107727270394955,0.10715178756486407,0.28966394632848996,False,0.5,0.16666666666666666,0.16666666666666666,0.16666666666666666,0.021073908773691738,0.05390392545486865,False,0.1399536941717356,0.4569653790415233,False,0.15196574472228935,0.33373748139333453,False,0.11561380259173958,0.31404899942423353,False
soh50,43,152,0.08280978722069121,0.2055469296571272,0.11248145602677583,0.2838532575609702,False,0.5,0.16666666666666666,0.16666666666666666,0.16666666666666666,0.023466449608522004,0.048934273849441205,False,0.14381291108736624,0.4595563078265927,False,0.16327101556706,0.3221998030584881,False,0.11937544784415505,0.3047226455093588,False
soh50,43,153,0.0815807606842961,0.23836901533320104,0.11164530933045377,0.3296040659176582,False,0.5,0.16666666666666666,0.16666666666666666,0.16666666666666666,0.021451663391980753,0.055898914164286724,False,0.14382663547401772,0.5081065527338943,False,0.16005031603254835,0.40525431714850585,False,0.12125262242326829,0.3491564796239459,False
soh50,43,154,0.07861694734103157,0.21509382567353463,0.1076443094626624,0.29314778691837234,False,0.5,0.16666666666666666,0.16666666666666666,0.16666666666666666,0.020562223097769932,0.05898590318385928,False,0.14151900345976184,0.4678218584159121,False,0.1539301253414561,0.3174989507255914,False,0.11456588595166173,0.3282844353481265,False
soh50,43,155,0.07824332745455805,0.19457249586846717,0.1077143406942498,0.26690670526536125,False,0.5,0.16666666666666666,0.16666666666666666,0.16666666666666666,0.019301300975174546,0.049904077074679004,False,0.14146845666925847,0.3949250954204761,False,0.15375230695387498,0.30257800848629296,False,0.11633529817869119,0.320219640079997,False
soh50,43,156,0.08160372329514269,0.22475079545016527,0.11238498162160235,0.3065880260573022,False,0.5,0.16666666666666666,0.16666666666666666,0.16666666666666666,0.020041206642223395,0.061076334235891476,False,0.1459312099204566,0.47407784950463233,False,0.16171499554562788,0.33683745880703797,False,0.1218525143781015,0.354360461681647,False
soh50,43,157,0.08398848885253482,0.21578228843081362,0.11212625448522578,0.29523693610752233,False,0.5,0.16666666666666666,0.16666666666666666,0.16666666666666666,0.02771295758715292,0.05687299307739627,False,0.1451033551503772,0.45649070646406376,False,0.15431497430204677,0.34088852295416716,False,0.12137373090132625,0.3266955219344621,False
soh50,43,158,0.08906645811843812,0.19467621237202432,0.11975093549398069,0.26638501567171896,False,0.5,0.16666666666666666,0.16666666666666666,0.16666666666666666,0.027697503367352966,0.05125860577263501,False,0.1494949736673174,0.36666968238081066,False,0.17237697550227668,0.3162920067929555,False,0.12943428943897575,0.33131976774047467,False
soh50,43,159,0.08592747908340403,0.22495454852050958,0.11697610399609926,0.30594544984747746,False,0.5,0.16666666666666666,0.16666666666666666,0.16666666666666666,0.023830229258013605,0.06297274586657382,False,0.14764123569159307,0.450056668087461,False,0.16955045156445,0.37586986209620443,False,0.12688249947034033,0.33488252333967067,False
soh50,43,160,0.08331951556000779,0.215279429087882,0.11346260798093835,0.2918199768769535,False,0.5,0.16666666666666666,0.16666666666666666,0.16666666666666666,0.023033330718146654,0.06219833350973907,False,0.14399619415694417,0.4055582706915721,False,0.1640417073612075,0.3335239157456451,False,0.1227791996874551,0.3659993875608576,False
soh50,43,161,0.07601806911928628,0.1998536686650365,0.10447640529507304,0.2741688272395387,False,0.5,0.16666666666666666,0.16666666666666666,0.16666666666666666,0.01910139676771277,0.05122335151603215,False,0.13747664182216499,0.4108336712869438,False,0.15352179468574365,0.31358100450101395,False,0.10780578790467078,0.3210372816541649,False
soh50,43,162,0.08022807541897004,0.21069240213562626,0.10893414490066869,0.28818387680966195,False,0.5,0.16666666666666666,0.16666666666666666,0.16666666666666666,0.022815936455572765,0.055709452787554875,False,0.14297062273107336,0.4327378140700968,False,0.15353572374257646,0.32430264681896115,False,0.11641429667345216,0.33998559356203506,False
soh50,43,163,0.0778589922057501,0.23368264854201334,0.1072450153762202,0.32157135695409494,False,0.5,0.16666666666666666,0.16666666666666666,0.16666666666666666,0.01908694586480988,0.05790523171785015,False,0.14131914609212928,0.510139080038268,False,0.15904822622828646,0.36614272532833897,False,0.10952574331965521,0.3520983907319226,False
soh50,43,164,0.07598426413334296,0.20343416919226376,0.10459808642906665,0.27980643396749605,False,0.5,0.16666666666666666,0.16666666666666666,0.16666666666666666,0.018756619541895583,0.05068963964179923,False,0.13859869149931406,0.407290764516615,False,0.15277660200911933,0.34026259800793257,False,0.10826043266593767,0.3209827337036373,False
soh50,43,165,0.08493685228548055,0.19997004492205775,0.11457137895016967,0.2738202047426136,False,0.5,0.16666666666666666,0.16666666666666666,0.16666666666666666,0.025667798956102324,0.05226972528094612,False,0.14315045753175237,0.3834325897962348,False,0.16260936516417582,0.3233977859822889,False,0.12685789414864815,0.33618071791098453,False
soh50,43,166,0.08933138895469528,0.204947131009395,0.12016389345675993,0.278337649125549,False,0.5,0.16666666666666666,0.16666666666666666,0.16666666666666666,0.027666379950565964,0.05816609477708707,False,0.1475398923054437,0.3962307981162494,False,0.16493583268542542,0.3245722064862561,False,0.1405134688856047,0.3343814971226033,False
soh50,43,167,0.07700699613073002,0.20935050854001575,0.10591661228666018,0.28803300052388636,False,0.5,0.16666666666666666,0.16666666666666666,0.16666666666666666,0.0191877638188697,0.051985524572274476,False,0.13890905914449836,0.42149719443583883,False,0.1546954311939952,0.32856158859822004,False,0.11087419498927746,0.3500876944892122,False
soh50,43,168,0.08542778341926759,0.22169727667343464,0.1137772865338413,0.30142425767608644,False,0.5,0.16666666666666666,0.16666666666666666,0.16666666666666666,0.028728777190120174,0.06224331466813102,False,0.14821593442772188,0.47092709657349197,False,0.16631794079061132,0.34138018643280693,False,0.11184649372691181,0.3311464330299159,False
soh50,43,169,0.080097171032494,0.21212810132417909,0.10970537812283485,0.2929135909214246,False,0.5,0.16666666666666666,0.16666666666666666,0.16666666666666666,0.020880756851812322,0.05055712212968809,False,0.1453684304760928,0.4620573649353094,False,0.1568742759033887,0.3288566012875836,False,0.11569804926004555,0.3301832753331173,False
soh50,43,170,0.08209161281009598,0.22962856750522714,0.11197052214458399,0.31412396008407756,False,0.5,0.16666666666666666,0.16666666666666666,0.16666666666666666,0.022333794141119988,0.06063778234752643,False,0.14503474899166532,0.4799289790216457,False,0.1594074868891805,0.3650890055642076,False,0.12110605855637013,0.3508400734029304,False
soh50,43,171,0.07762069886254262,0.2206193578291517,0.10593032419663342,0.298924458507721,False,0.5,0.16666666666666666,0.16666666666666666,0.16666666666666666,0.021001448194361016,0.06400915647201308,False,0.1398977309025111,0.45107610534666737,False,0.1501336170356666,0.338511453782266,False,0.11268850065399498,0.3421011184299376,False
soh50,43,172,0.07661943313916292,0.2067544919780841,0.10576732761983171,0.27948294462847734,False,0.5,0.16666666666666666,0.16666666666666666,0.16666666666666666,0.018323644177825345,0.061297586677297726,False,0.14097864990626371,0.40363746271522877,False,0.15346373878578945,0.314925379528227,False,0.11030327760944836,0.3380713495931557,False
soh50,43,173,0.0874831921202293,0.2320508584892501,0.11787962980740102,0.32092308820091403,False,0.5,0.16666666666666666,0.16666666666666666,0.16666666666666666,0.02669031674588587,0.05430639906592239,False,0.14484617859039817,0.4492055224821438,False,0.16765655924952128,0.4333978864227242,False,0.13232546464379882,0.34678254483286564,False
soh50,43,174,0.10693636347195035,0.22696199342521955,0.13643745952471328,0.3005456102194283,False,0.5,0.16666666666666666,0.16666666666666666,0.16666666666666666,0.04793417136642447,0.07979475983680195,False,0.16628384093120854,0.4229113400549606,False,0.1677112172542197,0.34218744017342245,False,0.1638206085470004,0.35728890081252845,False
soh50,43,175,0.09264698914017165,0.20092039501817646,0.12310232986025416,0.2727573083573502,False,0.5,0.16666666666666666,0.16666666666666666,0.16666666666666666,0.03173630770000665,0.057246568339828996,False,0.15425324063475973,0.3947028798254479,False,0.16925474093614815,0.3182709399815397,False,0.1371650301701021,0.3208088452825842,False
soh50,43,176,0.10076030577117522,0.22568812799800403,0.1332484452987767,0.3093379796049885,False,0.5,0.16666666666666666,0.16666666666666666,0.16666666666666666,0.03578402671597232,0.05838842478403512,False,0.1529121109232148,0.4588488560178717,False,0.17502644038984969,0.3686865876836614,False,0.1692712031660699,0.35142804993438576,False
soh50,43,177,0.07985877745656196,0.19939743204598184,0.10908959175968784,0.2772884760351154,False,0.5,0.16666666666666666,0.16666666666666666,0.16666666666666666,0.021397148850310212,0.04361534406771472,False,0.14738109288335172,0.4375043500420919,False,0.15541316638639865,0.31887481024938735,False,0.11216695891869076,0.30915939978126766,False
soh50,43,178,0.08578038989126421,0.19268047736071306,0.116106199368539,0.2621154603056089,False,0.5,0.16666666666666666,0.16666666666666666,0.16666666666666666,0.025128770936714673,0.05381051147092145,False,0.14608033851741728,0.38744628922039,False,0.16345143309608134,0.30312116821851004,False,0.1297642549239427,0.30408387231261397,False
soh50,43,179,0.08159934073995956,0.20718107069441202,0.11096818571462246,0.2828289284025759,False,0.5,0.16666666666666666,0.16666666666666666,0.16666666666666666,0.02286165079063381,0.05588535527808428,False,0.14349943555143643,0.4116797517026894,False,0.15727016267409386,0.3282554526013001,False,0.1202414938423257,0.33549515402822977,False
soh50,43,180,0.0829287516636017,0.21030205596197016,0.11147341391297394,0.28392917196837386,False,0.5,0.16666666666666666,0.16666666666666666,0.16666666666666666,0.02583942716485722,0.0630478239491627,False,0.14574387455743862,0.4404240413210414,False,0.15518958354591814,0.31022054389975634,False,0.11912077038368181,0.3220242787035351,False
soh50,43,181,0.07918902045166709,0.2219804365548739,0.10933646689447357,0.3082746562399918,False,0.5,0.16666666666666666,0.16666666666666666,0.16666666666666666,0.018894127566054127,0.04939199718463817,False,0.1435977425006341,0.4432851256403543,False,0.16204518124745904,0.41295762543211995,False,0.11280881626374707,0.3274638767028547,False
soh50,43,182,0.08674150261314051,0.2080112297329484,0.11753530550254912,0.284002471396364,False,0.5,0.16666666666666666,0.16666666666666666,0.16666666666666666,0.025153896834323293,0.056028746406117234,False,0.14497562945224332,0.40941212983882047,False,0.17365663720632482,0.3328489689896503,False,0.12635505851730502,0.337720040350868,False
soh50,43,183,0.07827101539203322,0.2271251402875864,0.10675523039365609,0.30379604112631003,False,0.5,0.16666666666666666,0.16666666666666666,0.16666666666666666,0.021302585388787473,0.07378333861013914,False,0.14077131843188082,0.45869868203605174,False,0.1533798810793595,0.3263180915143681,False,0.11156713667459663,0.35638405234468123,False
soh50,43,184,0.08344311679320082,0.22719526299198856,0.11416170180285404,0.3088578970215872,False,0.5,0.16666666666666666,0.16666666666666666,0.16666666666666666,0.02200594677389439,0.06386999493279126,False,0.14805007050777186,0.4946875396068462,False,0.17081670727593154,0.34169640024658493,False,0.11577408265381839,0.33517765330012655,False
soh50,43,185,0.07566840993763396,0.20515160236125665,0.10452470643407999,0.2813686636947421,False,0.5,0.16666666666666666,0.16666666666666666,0.16666666666666666,0.017955816944741926,0.05271747969428578,False,0.13692008558025823,0.4084369158881746,False,0.14901256023060228,0.3269993279638758,False,0.1142103629807175,0.33732093123263224,False
soh50,43,186,0.07386874417545013,0.2105335124180073,0.10280020614440577,0.28514730044218545,False,0.5,0.16666666666666666,0.16666666666666666,0.16666666666666666,0.01600582023753886,0.06130593636965103,False,0.13565792153283762,0.4227187037675771,False,0.15107671750588855,0.3203430206230255,False,0.10846036530135805,0.3362215410084881,False
soh50,43,187,0.07685821933517342,0.20969060321029004,0.10464565566819521,0.2896740101099306,False,0.5,0.16666666666666666,0.16666666666666666,0.16666666666666666,0.02128334666912985,0.0497237894110089,False,0.13860253823420077,0.446186615887024,False,0.15055664677877767,0.32614030845834124,False,0.10814009099067255,0.3366453266833483,False
soh50,43,188,0.0809000014621748,0.20125350452292406,0.11077315647348455,0.2767964296763314,False,0.5,0.16666666666666666,0.16666666666666666,0.16666666666666666,0.02115369143955526,0.05016765421610945,False,0.1482154453683538,0.43189342225360705,False,0.15986390404576253,0.3096551110137303,False,0.11385958504026665,0.31546953122187876,False
soh50,43,189,0.09081230844574961,0.20113198890890704,0.11998830489149778,0.2767675998597435,False,0.5,0.16666666666666666,0.16666666666666666,0.16666666666666666,0.03246031555425328,0.049860767007234234,False,0.14957561499948158,0.4167095674136359,False,0.16651735796027833,0.31439141285141553,False,0.13139993105197795,0.3261086521666882,False
soh50,43,190,0.07844018387278238,0.19006828261718148,0.10690076890570732,0.26202063003983533,False,0.5,0.16666666666666666,0.16666666666666666,0.16666666666666666,0.021519013806932528,0.04616358777187382,False,0.13966264112648286,0.37425696980389594,False,0.15478688711811284,0.31142066792661555,False,0.11163453357130106,0.3162412946569559,False
soh50,43,191,0.078372291120105,0.21813688752370278,0.10857061868108157,0.30146076922294207,False,0.5,0.16666666666666666,0.16666666666666666,0.16666666666666666,0.01797563599815187,0.051489124125224224,False,0.14161048924480552,0.44187402985865204,False,0.16406936130447825,0.3806455588486107,False,0.11062698817689066,0.33183436405928135,False
soh50,43,192,0.0970740610050843,0.21586940699899781,0.1290719072311521,0.29437074194240787,False,0.5,0.16666666666666666,0.16666666666666666,0.16666666666666666,0.03307836855294867,0.058866737112177825,False,0.15223485331635045,0.44602781511224365,False,0.1644118155486681,0.317190457427382,False,0.16656259150664124,0.3553979581178279,False
soh50,43,193,0.08067512569423271,0.20155908806683245,0.10876506522326145,0.2743127312508458,False,0.5,0.16666666666666666,0.16666666666666666,0.16666666666666666,0.024495246636175253,0.0560518016988057,False,0.14225195647177627,0.3817472163742182,False,0.15599187115908494,0.3287684236251866,False,0.1123211866260093,0.3306834833051729,False
soh50,43,194,0.07278768853811271,0.207270026781672,0.10134450175123459,0.2868518584061248,False,0.5,0.16666666666666666,0.16666666666666666,0.16666666666666666,0.01567406211186895,0.048106363532766476,False,0.13640968784088672,0.43550568946295704,False,0.14873157291148204,0.33278027029231166,False,0.10456268414070062,0.331015110336464,False
soh50,43,195,0.08171905237433597,0.23545735248060953,0.1107499529886092,0.3248615817114157,False,0.5,0.16666666666666666,0.16666666666666666,0.16666666666666666,0.023657251145789517,0.05664889401899724,False,0.14295705425152666,0.46945265246962925,False,0.1663274699679506,0.42536162396028726,False,0.11005803658917002,0.3479831563967491,False
soh50,43,196,0.07987762298106461,0.21312063296597109,0.10972449040717237,0.29248765525802833,False,0.5,0.16666666666666666,0.16666666666666666,0.16666666666666666,0.020183888128849106,0.05438658838185659,False,0.14169822626530612,0.42507679490690103,False,0.15724830141998858,0.3427367850761222,False,0.1197675458145457,0.34775045266723353,False
soh50,43,197,0.09118855687572851,0.20825319991974758,0.12139655363868118,0.2893483461678725,False,0.5,0.16666666666666666,0.16666666666666666,0.16666666666666666,0.030772563349823187,0.04606290742349769,False,0.1521789307687592,0.40937796697753076,False,0.1722604741006998,0.37277336785803544,False,0.13037424633544245,0.3291791424124263,False
soh50,43,198,0.08688367100432215,0.26395354412727123,0.11733976408034774,0.3629536874004577,False,0.5,0.16666666666666666,0.16666666666666666,0.16666666666666666,0.02597148485227096,0.06595325758089832,False,0.14267176040021903,0.5879491820157375,False,0.16219671577367703,0.4169642058013971,False,0.13851909529522397,0.38094810420379793,False
soh50,43,199,0.10214498896138043,0.21825231846779924,0.13147683855300785,0.2988148975776592,False,0.5,0.16666666666666666,0.16666666666666666,0.16666666666666666,0.04348128977812557,0.05712716024807933,False,0.15917911961859652,0.44190086965929637,False,0.17424717912796403,0.35270846772163894,False,0.1489997656873453,0.3435230926816222,False
soh50,43,200,0.0826251802647553,0.21660477734713796,0.11203665693389232,0.2949171714760697,False,0.5,0.16666666666666666,0.16666666666666666,0.16666666666666666,0.023802226926481224,0.059979989089274335,False,0.14548554489847335,0.43895541969846447,False,0.15846647796865657,0.3287171620222766,False,0.12039237794195819,0.3520161150942636,False
soh50,44,1,0.21389235191161382,0.371255977069106,0.27114488516572166,0.49784579760983116,True,0.5,0.16666666666666666,0.16666666666666666,0.16666666666666666,0.09938728540339814,0.11807633598765578,True,0.2643617939641733,0.7533233453559115,True,0.3565937113452384,0.6285643560910684,True,0.3642367499500769,0.4914191530046889,True
soh50,44,2,0.17912883935931606,0.30184411898905433,0.22794405170874596,0.41024803239510527,True,0.5,0.16666666666666666,0.16666666666666666,0.16666666666666666,0.08149841466045635,0.08503629217695254,True,0.2360498825957846,0.6623942506662265,True,0.29121750288895976,0.4711524195079322,True,0.3030104066897831,0.4224091672293097,True
soh50,44,3,0.17662872886326023,0.282693325408072,0.22109735822457743,0.3788284583083278,True,0.5,0.16666666666666666,0.16666666666666666,0.16666666666666666,0.08769147014062585,0.09042305960756054,False,0.22639473236740218,0.5593914685566684,True,0.2724484620198569,0.436024724982808,True,0.2978547683704248,0.42947458008627404,False
soh50,44,4,0.1757229930915416,0.29095044891160665,0.21984924495844502,0.38693841247401756,False,0.5,0.16666666666666666,0.16666666666666666,0.16666666666666666,0.08747048935773476,0.09897452178678484,False,0.21897783422990347,0.5403972646859531,True,0.276381126184937,0.46514480203773473,False,0.29656753006120484,0.4432370613855976,False
soh50,44,5,0.18006517118402388,0.3060265080616902,0.223886684599985,0.3969495539294612,False,0.5,0.16666666666666666,0.16666666666666666,0.16666666666666666,0.09242214435210162,0.12418041632614828,False,0.2222042259804756,0.5435596089951797,False,0.2629970869932621,0.4154479658955556,True,0.3179232810741008,0.504610224500961,False
soh50,44,6,0.16334957889457527,0.2230879238307389,0.20271068691474592,0.30395158081834006,True,0.5,0.16666666666666666,0.16666666666666666,0.16666666666666666,0.084627362854234,0.06136060985553661,True,0.20697196304530277,0.44577467608504323,True,0.23173760038305014,0.34044133056646225,True,0.2875058213763968,0.36822970676631805,True
soh50,44,7,0.14127764377294733,0.2125453076620505,0.18247073482407764,0.2913148239910105,True,0.5,0.16666666666666666,0.16666666666666666,0.16666666666666666,0.05889146167068672,0.055006275004130474,True,0.2002269386723384,0.4287034867608764,True,0.2417585674847734,0.33444528129851553,True,0.22900597146851195,0.34710425290051966,True
soh50,44,8,0.1403117361455949,0.21393444194496383,0.17968386104207074,0.2937903962424936,False,0.5,0.16666666666666666,0.16666666666666666,0.16666666666666666,0.061567486352643204,0.05422253334990441,True,0.19128673326300907,0.4376884008385557,False,0.22008098292666464,0.3407728557209107,False,0.24580024162596603,0.34247779506060344,True
soh50,44,9,0.13032997684191355,0.2542899883404412,0.1680302123080532,0.34480152845003526,False,0.5,0.16666666666666666,0.16666666666666666,0.16666666666666666,0.05492950590963429,0.07326690812125307,False,0.18775725625390813,0.5219096171159036,False,0.2148840922665168,0.42660846828822874,False,0.21454999480215364,0.35742112027475564,False
soh50,44,10,0.14734549756689738,0.21516896754178005,0.18620921833400483,0.2934376814602018,False,0.5,0.16666666666666666,0.16666666666666666,0.16666666666666666,0.06961805603268248,0.05863153970493651,False,0.19693945071846006,0.429782783231304,False,0.22981631193795413,0.32272096319893767,True,0.24846305464692267,0.3626154397056292,False
soh50,44,11,0.14101868692202776,0.23049674002037834,0.1790070219885995,0.3164126119814798,False,0.5,0.16666666666666666,0.16666666666666666,0.16666666666666666,0.06504201678888433,0.058664996098175506,False,0.1904978394519806,0.46979142302964494,False,0.22282861687008693,0.3979424803857688,False,0.23765961484344608,0.3392515484123299,True
soh50,44,12,0.12405571435247996,0.20598817224559973,0.1598915268849228,0.2844550284369803,True,0.5,0.16666666666666666,0.16666666666666666,0.16666666666666666,0.0523840892875943,0.0490544598628387,True,0.1819271323496798,0.4301152849043297,False,0.20202765392481078,0.3201288414642167,True,0.2032272319776063,0.338521527516536,True
soh50,44,13,0.12186282416716217,0.22273991276711447,0.1580106867067507,0.3084752245357058,False,0.5,0.16666666666666666,0.16666666666666666,0.16666666666666666,0.0495670990879851,0.05126928922993179,False,0.18016483227250005,0.49049872833479036,False,0.19805251711767177,0.3485898820788665,False,0.20425829834884593,0.3435429984992346,False
soh50,44,14,0.1264789075885404,0.21131932312795956,0.1633865549484449,0.29136929983710347,False,0.5,0.16666666666666666,0.16666666666666666,0.16666666666666666,0.05266361286873147,0.0512193697096718,False,0.1805319936318375,0.4446472393363598,False,0.21172344450557057,0.35290254097815515,False,0.2086271687876401,0.316708049324227,True
soh50,44,15,0.1423275659889689,0.2306472483238996,0.18220680297995787,0.3187873282462405,False,0.5,0.16666666666666666,0.16666666666666666,0.16666666666666666,0.0625690920069909,0.054367088479217805,False,0.1980480678717765,0.4990761063274641,False,0.22994567056059592,0.4000740572052585,False,0.23826438148046816,0.3216320609730217,False
soh50,44,16,0.12705291097362298,0.2180637968100289,0.16321414804451984,0.302940234039119,False,0.5,0.16666666666666666,0.16666666666666666,0.16666666666666666,0.05473043683182929,0.04831092235184868,True,0.18598947700300641,0.47477043478057485,False,0.20536769684209596,0.3751987689062071,False,0.20676898150114761,0.3134808101178455,True
soh50,44,17,0.11800985137378055,0.2084287828938971,0.15263672843839243,0.28903323792343605,False,0.5,0.16666666666666666,0.16666666666666666,0.16666666666666666,0.048756097244556804,0.04721987283481932,True,0.1762378924338183,0.45980606895243287,False,0.19520651533305436,0.3302348490958868,False,0.1903464087421403,0.31887216081060504,False
soh50,44,18,0.12827046041638393,0.2555092437301222,0.16347239484700093,0.3475021879885949,False,0.5,0.16666666666666666,0.16666666666666666,0.16666666666666666,0.0578665915551499,0.0715233552131768,False,0.1835945293002056,0.522217838972356,False,0.19933485897955103,0.41645400281078876,False,0.21309359955309728,0.37981355495805813,False
soh50,44,19,0.12288211967063707,0.2374308015556439,0.1585279781583168,0.32921609920433537,False,0.5,0.16666666666666666,0.16666666666666666,0.16666666666666666,0.05159040269527767,0.053860206258260955,False,0.1798009832850359,0.5105867489387006,False,0.21083090808539195,0.41641342444979795,False,0.1918896185675616,0.336004017170582,False
soh50,44,20,0.11436432013989864,0.22568543536863095,0.1488159649125607,0.3155031445661094,False,0.5,0.16666666666666666,0.16666666666666666,0.16666666666666666,0.04546103059457453,0.04605001697367412,True,0.17362190896768173,0.4955242829017528,False,0.1891918437509845,0.3924852969791546,False,0.18698907633700204,0.327952981409856,False
soh50,44,21,0.11240657029331425,0.22068109850994158,0.1468353312366373,0.3061446008744231,False,0.5,0.16666666666666666,0.16666666666666666,0.16666666666666666,0.043549048406668164,0.049754093780978566,False,0.17066776487128885,0.45401182439183496,False,0.19254457606083367,0.39106482973590545,False,0.18057993560775856,0.32974765558897345,False
soh50,44,22,0.11440769471849115,0.24996147581278283,0.1482135426842295,0.3403485883479846,False,0.5,0.16666666666666666,0.16666666666666666,0.16666666666666666,0.046795998787014445,0.06918725074237927,False,0.17115731518856658,0.5088337510664634,False,0.19086927144385038,0.4177257442279619,False,0.18403158531748665,0.3656476073551338,False
soh50,44,23,0.11439680509724173,0.22863777615512879,0.14702814188474295,0.3151142261197601,False,0.5,0.16666666666666666,0.16666666666666666,0.16666666666666666,0.04913413152223933,0.05568487622586622,False,0.17211738442355662,0.49261055956933014,False,0.18254582524032129,0.3786409524957585,False,0.18431522635285455,0.3335205161880854,False
soh50,44,24,0.12307180695488178,0.23506613923586,0.15615212976587425,0.32244258061099773,False,0.5,0.16666666666666666,0.16666666666666666,0.16666666666666666,0.056911161332896844,0.06031325648558464,False,0.18819904621629868,0.504251881190057,False,0.18528382685058983,0.37941283893693534,False,0.1942144846637117,0.3457923458314138,False
soh50,44,25,0.11493365724197335,0.21693049427860256,0.14910309722777051,0.2998034935327444,False,0.5,0.16666666666666666,0.16666666666666666,0.16666666666666666,0.04659477727037904,0.05118449577031899,False,0.17338119159682655,0.48061375902699566,False,0.19130692716235578,0.34317975977777837,False,0.18512949288152072,0.3242359595558844,False
soh50,44,26,0.11761352410898919,0.21699381169122217,0.15179665510391208,0.3018539485849563,False,0.5,0.16666666666666666,0.16666666666666666,0.16666666666666666,0.04924726211914339,0.047273537903754013,False,0.17606794021222716,0.467285872434327,False,0.1928696480842794,0.3768771507198876,False,0.1890017699999984,0.3159792332818565,False
soh50,44,27,0.10792110314674587,0.22185291353834902,0.14214681097681117,0.31364486322910495,False,0.5,0.16666666666666666,0.16666666666666666,0.16666666666666666,0.03946968748661524,0.03826901415683712,True,0.16985007245800388,0.5379097243097756,False,0.18351904629810098,0.37523896761546943,False,0.17574843766452466,0.3031617468343378,True
soh50,44,28,0.11759319140226389,0.23773147306661252,0.15282554451425148,0.33498634309938696,False,0.5,0.16666666666666666,0.16666666666666666,0.16666666666666666,0.04712848517828873,0.0432217330010636,False,0.17768353281489227,0.5758468405560908,False,0.19391257568928943,0.4004894452765586,False,0.1925775843745355,0.3203873535638349,False
soh50,44,29,0.11734969261689883,0.2545952862913444,0.1513147909686643,0.3448837363393,False,0.5,0.16666666666666666,0.16666666666666666,0.16666666666666666,0.04941949591336794,0.07401838619543347,False,0.1736025286209557,0.5049993025325784,False,0.1861586317193394,0.37566829488766884,False,0.1960785076209941,0.42484896174151915,False
soh50,44,30,0.11525341549356963,0.21948758294136528,0.14926304111198985,0.303185457027834,False,0.5,0.16666666666666666,0.16666666666666666,0.16666666666666666,0.04723416425672919,0.052091834768427825,False,0.17628487706928117,0.4766296618111061,False,0.18435721604317723,0.34800888120870993,False,0.18917590707877185,0.33601145032309215,False
soh50,44,31,0.11094613426779222,0.240341549955759,0.14449587517482562,0.32561742203301186,False,0.5,0.16666666666666666,0.16666666666666666,0.16666666666666666,0.04384665245372542,0.06978980580125331,False,0.16913699528715917,0.4752734736146671,False,0.18499061024289545,0.3661310488893572,False,0.18000924271552246,0.3912753598267698,False
soh50,44,32,0.11078449876632329,0.22323719946690418,0.1448853181288146,0.3068287199437165,False,0.5,0.16666666666666666,0.16666666666666666,0.16666666666666666,0.042582860041340695,0.05605415851327948,False,0.16984337924569762,0.47216088640704884,False,0.1922987700127198,0.3701078837510205,False,0.17481626321550034,0.3289919511035173,False
soh50,44,33,0.10524953325238226,0.22082697968540288,0.13779212448555922,0.30110752179650996,False,0.5,0.16666666666666666,0.16666666666666666,0.16666666666666666,0.04016435078602833,0.06026589546318861,False,0.1637789711124522,0.4549129162193019,False,0.1794538110000714,0.335049455608546,False,0.16777136504368495,0.3542018198950035,False
soh50,44,34,0.10124387016647604,0.22539533872644316,0.1343496511373824,0.31130137213265563,False,0.5,0.16666666666666666,0.16666666666666666,0.16666666666666666,0.035032308224663335,0.053583271914018245,False,0.1601116391175843,0.45800866015259706,False,0.17946770208334217,0.38411029892779086,False,0.16278695512393976,0.34950325753621625,False
soh50,44,35,0.11558075842841346,0.24886383728589398,0.1490944813496939,0.34249738842565464,False,0.5,0.16666666666666666,0.16666666666666666,0.16666666666666666,0.0485533125858526,0.061596735006372735,False,0.1720759707043276,0.5314445328383454,False,0.19279603439588477,0.4087653332582637,False,0.18295260771271069,0.3681829525996367,False
soh50,44,36,0.10492906393006515,0.2281064338680592,0.1381214892641735,0.31707846862763667,False,0.5,0.16666666666666666,0.16666666666666666,0.16666666666666666,0.038544213261848474,0.05016236434890425,False,0.16336564034676773,0.5033861909882588,False,0.18162764140101575,0.37447636199240275,False,0.16894846204706204,0.340288957180981,False
soh50,44,37,0.11437786532953416,0.20903332579728967,0.14878934179691858,0.2901836512395627,False,0.5,0.16666666666666666,0.16666666666666666,0.16666666666666666,0.04555491239476532,0.046732674912743695,False,0.17617296257725715,0.45884479719632404,False,0.18276200292348055,0.3475811328803247,False,0.19066748929217134,0.3075759999688582,False
soh50,44,38,0.10592128398023891,0.22643948016897464,0.1382942347939546,0.3135106863603262,False,0.5,0.16666666666666666,0.16666666666666666,0.16666666666666666,0.041175382352807474,0.05229706778627148,False,0.164207323884949,0.4953067866085347,False,0.17555732743759514,0.3710462873898894,False,0.1722369055004669,0.33539260365660933,False
soh50,44,39,0.10492609367937536,0.21913238211958386,0.13793590169931033,0.30194664291950984,False,0.5,0.16666666666666666,0.16666666666666666,0.16666666666666666,0.03890647763950546,0.053503860519731876,False,0.1632242542978142,0.4776785598657551,False,0.18103376739465005,0.3301893319839271,False,0.1685791074652716,0.3464148193086254,False
soh50,44,40,0.10669259118308047,0.2330050094836839,0.13905293412105166,0.3201324062384764,False,0.5,0.16666666666666666,0.16666666666666666,0.16666666666666666,0.041971905307138145,0.05875021597409897,False,0.1662390611199526,0.5082228935882198,False,0.1772628860894958,0.36098977852789144,False,0.17073788396762005,0.3525667368636954,False
soh50,44,41,0.10046527660663679,0.20713546038121144,0.13247800068519927,0.28771776533149357,False,0.5,0.16666666666666666,0.16666666666666666,0.16666666666666666,0.036439828449511845,0.045970850480647245,False,0.16189381845993536,0.46340887690682425,False,0.17246093576922672,0.33646591542294463,False,0.15911742006212315,0.3050254185155581,False
soh50,44,42,0.11803706393736314,0.2967099065682173,0.1525159838255082,0.4082312609576708,False,0.5,0.16666666666666666,0.16666666666666666,0.16666666666666666,0.04907922416107303,0.07366719778931033,False,0.17384349911098143,0.5995567035883999,False,0.21728334268804048,0.5755077182721166,False,0.1698578693419379,0.38419342418085645,False
soh50,44,43,0.10169378541578954,0.24362890848152682,0.1351320801313013,0.33513394490548276,False,0.5,0.16666666666666666,0.16666666666666666,0.16666666666666666,0.03481719598476607,0.06061883563361499,False,0.1611431858731396,0.48715876710729233,False,0.1822354878984471,0.42880096516705196,False,0.16233245076885236,0.3639572117139718,False
soh50,44,44,0.10124941703975789,0.20068580704002664,0.13357195481093473,0.278467954187859,True,0.5,0.16666666666666666,0.16666666666666666,0.16666666666666666,0.036604341497404214,0.0451215127443619,False,0.16131386862018762,0.4272841702187116,True,0.17771032337681134,0.3214303747774862,False,0.15865928574933577,0.3200357590108764,False
soh50,44,45,0.10539282697190605,0.2332769167633606,0.13851590726404756,0.32154055626825007,False,0.5,0.16666666666666666,0.16666666666666666,0.16666666666666666,0.039146666387623034,0.05674963775358171,False,0.16180659708135786,0.5075879912477704,False,0.18231457567473155,0.3840491131572108,False,0.1707957899124778,0.3377754829144373,False
soh50,44,46,0.1310682499255633,0.24959817962998035,0.16531714394889646,0.34175350468405136,False,0.5,0.16666666666666666,0.16666666666666666,0.16666666666666666,0.06257046187889699,0.06528752952183842,False,0.19127311217692758,0.5118710136717448,False,0.20741430411604142,0.43800905176962823,False,0.20001069762371979,0.35184642377299385,False
soh50,44,47,0.1056795627614401,0.26432778272070123,0.13575542450257613,0.35869766464475855,False,0.5,0.16666666666666666,0.16666666666666666,0.16666666666666666,0.04552783927916805,0.07558801887258662,False,0.16251062156120774,0.5318091277095564,False,0.18301646380611714,0.4555305401033263,False,0.15196677336381156,0.37186297189356515,False
soh50,44,48,0.10584758134546385,0.21139310917247497,0.13862152821751408,0.289382437071745,False,0.5,0.16666666666666666,0.16666666666666666,0.16666666666666666,0.04029968760136336,0.05541445337393493,False,0.1664003895228889,0.44581709515348095,False,0.1814970014194198,0.3226447027583302,False,0.1662890343263843,0.333653497001234,False
soh50,44,49,0.1025372931719316,0.21282768741706573,0.13469305646334942,0.29545615176767,False,0.5,0.16666666666666666,0.16666666666666666,0.16666666666666666,0.03822576658909598,0.04757075871585719,False,0.15916176456181788,0.43792128218222565,False,0.18148322844976753,0.36606239456193873,False,0.15990146625271626,0.33027017161065847,False
soh50,44,50,0.09326428307950721,0.24469198648700943,0.12444034959454084,0.33247571036411444,False,0.5,0.16666666666666666,0.16666666666666666,0.16666666666666666,0.03091215004944,0.06912453873279951,False,0.15654191689265826,0.5077600409182921,False,0.16518240549946808,0.38341651777540814,False,0.14512492593659695,0.3696017440299579,False
soh50,44,51,0.11462913977263313,0.2379453999771552,0.14885259408230508,0.33049234649041687,False,0.5,0.16666666666666666,0.16666666666666666,0.16666666666666666,0.04618223115328922,0.05285150695063196,False,0.17370783500665596,0.5063423928948644,False,0.19588160913740757,0.41657678205604326,False,0.17963870103186763,0.3461987040601277,False
soh50,44,52,0.11971343220864843,0.25886449387165344,0.15433696356752288,0.3565718484533966,False,0.5,0.16666666666666666,0.16666666666666666,0.16666666666666666,0.05046636949089954,0.06344978470816713,False,0.17158669337796062,0.5433968148401513,False,0.19242219894912316,0.4451165371494197,False,0.20287259245210817,0.3743242571158482,False
soh50,44,53,0.09666984924682642,0.24850046464269468,0.12788694811161344,0.34124083367818214,False,0.5,0.16666666666666666,0.16666666666666666,0.16666666666666666,0.03423565151725238,0.06301972657171981,False,0.15546782221507735,0.5055685861149813,False,0.17216470354162958,0.4329714470730894,False,0.1496796151724945,0.363403574952938,False
soh50,44,54,0.09282962226628756,0.21947206166338012,0.12517165188927332,0.30304514688311074,False,0.5,0.16666666666666666,0.16666666666666666,0.16666666666666666,0.02814556302031609,0.052325891223918994,False,0.16512121249255607,0.45883401953115927,False,0.1661475637626916,0.3595298388099901,False,0.14127226828152945,0.3414908379673745,False
soh50,44,55,0.09533078866492814,0.2285748930373088,0.12596029803184816,0.3132423879332394,False,0.5,0.16666666666666666,0.16666666666666666,0.16666666666666666,0.034071769931088125,0.059239903245447624,False,0.15486780804980962,0.49427668722025836,False,0.16762088360362784,0.360686238990227,False,0.14728073054286703,0.33876672227702453,False
soh50,44,56,0.09174509183796739,0.2250962921005073,0.12288031189946458,0.31047309575625776,False,0.5,0.16666666666666666,0.16666666666666666,0.16666666666666666,0.029474651714973057,0.054342684789006446,False,0.15381427486980523,0.5051129799566563,False,0.16760732459530994,0.3655936516949974,False,0.14062499641777004,0.3168430665843709,False
soh50,44,57,0.09107279441667748,0.2128163013892425,0.12247563048033072,0.2978419545672202,False,0.5,0.16666666666666666,0.16666666666666666,0.16666666666666666,0.028267122289371012,0.042764995033287206,False,0.15319615242147258,0.44357609775966417,False,0.1696545608440625,0.3693771530823364,False,0.13878468636641683,0.335649572393593,False
soh50,44,58,0.10053835170329642,0.2533620899174722,0.131770163977253,0.3460778685130702,False,0.5,0.16666666666666666,0.16666666666666666,0.16666666666666666,0.03807472715538331,0.06793053272627632,False,0.15879808418092287,0.4846695819609977,False,0.1740727142418352,0.46095466056111384,False,0.15613513033087056,0.3707566988038931,False
soh50,44,59,0.09413398097327423,0.20642995173335074,0.12688308804622656,0.28505063794137303,False,0.5,0.16666666666666666,0.16666666666666666,0.16666666666666666,0.02863576682736957,0.0491885793173061,False,0.15260221723134945,0.42717244882666866,True,0.17653511628302035,0.3439910860902411,False,0.14975925184316688,0.31985043753127634,False
soh50,44,60,0.102593279403875,0.21502699387000968,0.13467566802469116,0.2874607133841869,False,0.5,0.16666666666666666,0.16666666666666666,0.16666666666666666,0.03842850216224271,0.07015955484165526,False,0.15895568369936566,0.4017135143889515,True,0.17248620380300217,0.329631255140927,False,0.16883228243415407,0.34833852916521374,False
soh50,44,61,0.10337562172253514,0.24257283564124457,0.13545605498586608,0.32356030462647667,False,0.5,0.16666666666666666,0.16666666666666666,0.16666666666666666,0.0392147551958733,0.08059789767078042,False,0.16489053522029407,0.4818425861585219,False,0.17724135284300183,0.36493884377373775,False,0.1604775766842951,0.3668618909028667,False
soh50,44,62,0.10161528551526669,0.23430470199794723,0.1317389004782878,0.3183221978244956,False,0.5,0.16666666666666666,0.16666666666666666,0.16666666666666666,0.04136805558922451,0.06626971034485048,False,0.1645894886355713,0.4902692239279797,False,0.17030151110240901,0.3806169753849033,False,0.15069654658594636,0.3361328816402489,False
soh50,44,63,0.09042972143387763,0.22473690488750736,0.12172346017620231,0.30659280400386774,False,0.5,0.16666666666666666,0.16666666666666666,0.16666666666666666,0.027842243949228327,0.06102510665478663,False,0.15163763316017995,0.4486592485765745,False,0.16438974781789784,0.3621136834838234,False,0.1430242157775031,0.3545731773002865,False
soh50,44,64,0.09076156786559371,0.21950626719230681,0.12171493790454826,0.30428626040612566,False,0.5,0.16666666666666666,0.16666666666666666,0.16666666666666666,0.02885482778768459,0.04994628076466909,False,0.15379898998478445,0.48114092688913707,False,0.16266995941577037,0.35564870012996014,False,0.14153597442995372,0.33040913384073645,False
soh50,44,65,0.12836357099558096,0.21102560468038067,0.16321044406860655,0.2936584967676052,False,0.5,0.16666666666666666,0.16666666666666666,0.16666666666666666,0.058669824849529796,0.04575982050593166,False,0.1779860419171884,0.4517762236891327,False,0.2016590830325744,0.3514942225410656,False,0.21452682647513363,0.32560372033429075,False
soh50,44,66,0.09460805864668183,0.22022825674487234,0.126178979122728,0.30331594071388196,False,0.5,0.16666666666666666,0.16666666666666666,0.16666666666666666,0.03146621769458949,0.05405288880685305,False,0.15484627242507093,0.4685284436537332,False,0.16972844722402894,0.3564799406669716,False,0.14867497914722264,0.33420248972797006,False
soh50,44,67,0.09208761099299365,0.2296177500047234,0.12347065566192894,0.31576659700467175,False,0.5,0.16666666666666666,0.16666666666666666,0.16666666666666666,0.029321521655123063,0.05732005600482676,False,0.15436186897414125,0.48893825890406256,False,0.17109956250609806,0.3712544847330405,False,0.1390996695123534,0.34555358837675715,False
soh50,44,68,0.09091388840116707,0.21454548565579848,0.1208536453490284,0.29211541956190684,False,0.5,0.16666666666666666,0.16666666666666666,0.16666666666666666,0.03103437450544444,0.05940561784358183,False,0.1539424933760384,0.3953792500124984,True,0.16442578887266457,0.3651076619248516,False,0.13401192464196618,0.3485691484666955,False
soh50,44,69,0.09353167562727274,0.217884038442083,0.12514156091694212,0.29592045798257255,False,0.5,0.16666666666666666,0.16666666666666666,0.16666666666666666,0.030311905047933994,0.0618111993611039,False,0.15625410728300784,0.437128367634885,False,0.16788222221751614,0.33593480139204823,False,0.14611800911931047,0.34880746354225317,False
soh50,44,70,0.1019009334963378,0.24813871099288262,0.1340718913036941,0.3435291493968249,False,0.5,0.16666666666666666,0.16666666666666666,0.16666666666666666,0.03755901788162525,0.05735783418499811,False,0.16537322388721998,0.5410407032330902,False,0.17646965929814584,0.4268725341380344,False,0.1568856641477853,0.3488455260311769,False
soh50,44,71,0.09774383660978798,0.23039792352342964,0.1304163058083888,0.3143269416790473,False,0.5,0.16666666666666666,0.16666666666666666,0.16666666666666666,0.03239889821258633,0.06253988721219435,False,0.15587826156580636,0.4672175117067157,False,0.1730743360989213,0.35084786442381727,False,0.16031372735624128,0.3767025033734619,False
soh50,44,72,0.10799193903229794,0.21052941508072873,0.14087666696742887,0.2882390862203529,False,0.5,0.16666666666666666,0.16666666666666666,0.16666666666666666,0.042222483162036056,0.05511007280148048,False,0.16263371280178773,0.41617044775143475,False,0.1862741685194138,0.3432843603919283,False,0.17237630338647794,0.338391463936568,False
soh50,44,73,0.09235632837589847,0.22699235753751582,0.1244485994708156,0.3132159286815629,False,0.5,0.16666666666666666,0.16666666666666666,0.16666666666666666,0.028171786186064186,0.054545215249421734,False,0.15492468640952275,0.4856026043224837,False,0.17591033559845695,0.3808538998881756,False,0.1387875896892185,0.3318619952661705,False
soh50,44,74,0.08920890954906469,0.2051881127267495,0.12030807451458497,0.2807266851597036,False,0.5,0.16666666666666666,0.16666666666666666,0.16666666666666666,0.027010579618024125,0.05411096786084132,False,0.1463168897518281,0.40420297903205826,False,0.16754634083434047,0.32137594999230873,False,0.14035848785414715,0.3432168437536061,False
soh50,44,75,0.08789410045684493,0.2472332471099382,0.11943766181714913,0.34201075645559104,False,0.5,0.16666666666666666,0.16666666666666666,0.16666666666666666,0.024806977736236552,0.05767822841863258,False,0.1554113890991592,0.5401562520452012,False,0.1695540590966584,0.4264262539545422,False,0.12797822133654232,0.343782291403988,False
soh50,44,76,0.090821878917584,0.23130526751650726,0.11998074492748309,0.31383383904490136,False,0.5,0.16666666666666666,0.16666666666666666,0.16666666666666666,0.03250414689778585,0.066248124459719,False,0.15092671475531652,0.4844192879565337,False,0.16186782753375653,0.3550976233955588,False,0.13462429052307343,0.349570320367794,False
soh50,44,77,0.09782673971014247,0.2097700796547986,0.12985997025468146,0.28906746997833443,False,0.5,0.16666666666666666,0.16666666666666666,0.16666666666666666,0.0337602786210645,0.05117529900772694,False,0.15612717173928128,0.42922040622791885,False,0.18429440968400998,0.33686197397380985,False,0.14525802097437004,0.3390122007038821,False
soh50,44,78,0.08630111303877215,0.20862127561727828,0.11792674056614941,0.2860868083209812,False,0.5,0.16666666666666666,0.16666666666666666,0.16666666666666666,0.02304985798401766,0.05369021020987243,False,0.14919368834161292,0.43515848163227494,False,0.17138181944298658,0.3246121143079537,False,0.12808159649598047,0.3308864271338239,False
soh50,44,79,0.08680305111777142,0.22726766801821835,0.11699109125690799,0.3128130879705438,False,0.5,0.16666666666666666,0.16666666666666666,0.16666666666666666,0.026426970839498316,0.05617682811356743,False,0.14500508930792766,0.44821236836997635,False,0.17055597931065059,0.3961985084961828,False,0.12597632556955538,0.35066464690244864,False
soh50,44,80,0.10054888888194183,0.22183224770819682,0.1320789143440465,0.3050147070640669,False,0.5,0.16666666666666666,0.16666666666666666,0.16666666666666666,0.03748883795773245,0.05546732899645664,False,0.16112751371390754,0.49169422760082276,False,0.18331359143262094,0.33824115544414907,False,0.14638571427192515,0.3346561162148392,False
soh50,44,81,0.10025340950696832,0.23688450873667544,0.13407395862959054,0.32620139389763675,False,0.5,0.16666666666666666,0.16666666666666666,0.16666666666666666,0.03261231126172384,0.05825073841475288,False,0.1598988647669155,0.5108458504816288,False,0.1718283305187469,0.3850205220151812,False,0.17195632797097593,0.350688464678984,False
soh50,44,82,0.10564212025269375,0.27079408195486115,0.13718751109283264,0.3669389368226394,False,0.5,0.16666666666666666,0.16666666666666666,0.16666666666666666,0.04255133857241597,0.07850437221930466,False,0.15895357739089366,0.5284308963999068,False,0.19140692552404862,0.45932774919222646,False,0.1558382028839723,0.4014927294791198,False
soh50,44,83,0.09557646935780115,0.2163562473526198,0.1273062838221072,0.29302681557729165,False,0.5,0.16666666666666666,0.16666666666666666,0.16666666666666666,0.03211684042918905,0.06301511090327606,False,0.15684004062751036,0.4157000360275593,False,0.16877988643761221,0.3487359148158413,False,0.1514883677941172,0.3446562005624901,False
soh50,44,84,0.10467539899902384,0.22951037756050158,0.1351476926387183,0.314652376873982,False,0.5,0.16666666666666666,0.16666666666666666,0.16666666666666666,0.04373081171963497,0.059226378933540644,False,0.15858761503596117,0.4741257990325725,False,0.18825879345401353,0.37535066608907236,False,0.15001355034526345,0.34990666344074267,False
soh50,44,85,0.08534108155776912,0.2432715353721392,0.11621971566402689,0.3320124223081808,False,0.5,0.16666666666666666,0.16666666666666666,0.16666666666666666,0.02358381334525357,0.06578976150005605,False,0.14509276755755046,0.45783066677117024,False,0.1678324873253554,0.4187303037588586,False,0.12836979442794816,0.3856989572026383,False
soh50,44,86,0.1062980220847141,0.23760531735811563,0.1382751802169224,0.3232798542087888,False,0.5,0.16666666666666666,0.16666666666666666,0.16666666666666666,0.04234370582029755,0.06625624365676926,False,0.16195395315826436,0.4922219920636491,False,0.1774315396101803,0.3786219290305179,False,0.17137152227894736,0.356019252084219,False
soh50,44,87,0.09982122338681387,0.20400020268083477,0.1304101956697231,0.2819898863365646,False,0.5,0.16666666666666666,0.16666666666666666,0.16666666666666666,0.03864327882099545,0.048020835369375174,False,0.16162704566640512,0.4124208915435474,False,0.17544912650754566,0.33466204918649506,False,0.14592133168394614,0.33285576924684074,False
soh50,44,88,0.0937168173040929,0.22186104075728127,0.1262612408607146,0.30671460179676857,False,0.5,0.16666666666666666,0.16666666666666666,0.16666666666666666,0.028627970190849488,0.05215391867830674,False,0.1538730617185595,0.4625602916034333,False,0.17174811269228418,0.3764062806151409,False,0.15079581884116527,0.3357379162901933,False
soh50,44,89,0.091377138763728,0.2324601350647065,0.122796550621211,0.32106271287899424,False,0.5,0.16666666666666666,0.16666666666666666,0.16666666666666666,0.02853831504876197,0.055254979436131044,False,0.15022465370323043,0.49565246819668934,False,0.17058899910736716,0.38053860284767677,False,0.14183423462548447,0.3528048010354799,False
soh50,44,90,0.09027315262455557,0.22318831282209725,0.12102789540553843,0.30220870589576565,False,0.5,0.16666666666666666,0.16666666666666666,0.16666666666666666,0.02876366706258983,0.06514752667476044,False,0.1530532440387454,0.42162137998874677,False,0.1628002955976258,0.36436033709802257,False,0.13949437492319272,0.3577055798215329,False
soh50,44,91,0.08790557936787369,0.26532550330257626,0.11801889063933571,0.36366010542916416,False,0.5,0.16666666666666666,0.16666666666666666,0.16666666666666666,0.027678956824949683,0.06865629904940049,False,0.15112036501969717,0.5729938373102166,False,0.16387060998890482,0.45560773780607594,False,0.12940563072379116,0.35738254755096355,False
soh50,44,92,0.09746909296340589,0.23888817901677686,0.12688053800068858,0.3211659323733969,False,0.5,0.16666666666666666,0.16666666666666666,0.16666666666666666,0.03864620288884054,0.07433267230353686,False,0.15798664545799432,0.46954625300786795,False,0.1676524453767966,0.3684456185961625,False,0.14323685827912283,0.37233918558602025,False
soh50,44,93,0.08431922100998594,0.2415887412327694,0.11463871603935091,0.32768236666705913,False,0.5,0.16666666666666666,0.16666666666666666,0.16666666666666666,0.023680230951256032,0.06940149036418995,False,0.14834295997482796,0.4791236862869719,False,0.15837253252302178,0.39590862304796964,False,0.12815914070829784,0.36629566696910515,False
soh50,44,94,0.08408463431847898,0.24220038064929844,0.11353704168826602,0.33476374559221056,False,0.5,0.16666666666666666,0.16666666666666666,0.16666666666666666,0.025179819578904934,0.057073650763474204,False,0.14645370049784473,0.526831535042681,False,0.16212508457611327,0.4076411856087024,False,0.12038956210020112,0.3475086109539847,False
soh50,44,95,0.08369592623646752,0.23382032323339558,0.11358268241664927,0.32223800964585614,False,0.5,0.16666666666666666,0.16666666666666666,0.16666666666666666,0.023922413876103978,0.05698495040847456,False,0.14915748857264632,0.4834889659327282,False,0.15760858414275744,0.41126637733434507,False,0.12364224307508938,0.33721174490787664,False
soh50,44,96,0.09090720720824844,0.24483067692770585,0.12182369095075307,0.32925315765731655,False,0.5,0.16666666666666666,0.16666666666666666,0.16666666666666666,0.02907423972323919,0.07598571546848447,False,0.1512318012212059,0.4765587346683187,False,0.16328678967017876,0.37869320700520936,False,0.1437019331883884,0.3857749734872537,False
soh50,44,97,0.09326878634101135,0.2568956710256798,0.12334834367712291,0.35552172458486364,False,0.5,0.16666666666666666,0.16666666666666666,0.16666666666666666,0.03310967166878827,0.059643563907312125,False,0.1562111146070679,0.5794022227065593,False,0.16932030091724806,0.42929981376472254,False,0.1347522875153874,0.3537412979608605,False
soh50,44,98,0.09053583853346384,0.25644636524274994,0.12227008342359588,0.35583933653588934,False,0.5,0.16666666666666666,0.16666666666666666,0.16666666666666666,0.027067348753199726,0.057660422656471276,False,0.15373278843537652,0.5253416232938278,False,0.1680316757563867,0.48447502755655014,False,0.1402485207494206,0.355880272636708,False
soh50,44,99,0.09641861359057138,0.2354329266920837,0.12672807978039535,0.3256834717651218,False,0.5,0.16666666666666666,0.16666666666666666,0.16666666666666666,0.03579968121092341,0.0549318365460076,False,0.15919342570487768,0.5376636726705368,False,0.17294268152653336,0.38128321176379004,False,0.138976530679247,0.3288551660801526,False
soh50,44,100,0.08972285002225694,0.23933410387126802,0.11962798236938016,0.3258156320044819,False,0.5,0.16666666666666666,0.16666666666666666,0.16666666666666666,0.029912585328010506,0.06637104760484033,False,0.1497945966853982,0.5277794100176688,False,0.16251060340412904,0.3802668520817201,False,0.13629414405998289,0.3288452183136983,False
soh50,44,101,0.08181974978983989,0.24613662032852876,0.11175707594590437,0.3373371252884305,False,0.5,0.16666666666666666,0.16666666666666666,0.16666666666666666,0.021945097477710906,0.06373561040872533,False,0.1471600858610645,0.53172959973678,False,0.15602680526632692,0.39113688268536534,False,0.12189631517851517,0.36274640832285127,False
soh50,44,102,0.09339109855477876,0.2690915203496256,0.12583811311188162,0.3668234984634637,False,0.5,0.16666666666666666,0.16666666666666666,0.16666666666666666,0.028497069440573054,0.07362756412194935,False,0.15517787966834415,0.5665530541302659,False,0.17893405046411273,0.45199527636469056,False,0.14074345287449655,0.375118099236949,False
soh50,44,103,0.08518315333039822,0.2523696387126045,0.11529907727270644,0.35230103440692273,False,0.5,0.16666666666666666,0.16666666666666666,0.16666666666666666,0.024951305445781793,0.05250684732396797,False,0.14684623702371558,0.5864225602510302,False,0.15898034757864768,0.4317314189593777,False,0.1304184190426807,0.3385433110933152,False
soh50,44,104,0.10172768872651587,0.28179268511836597,0.13220079680126945,0.38019215342435375,False,0.5,0.16666666666666666,0.16666666666666666,0.16666666666666666,0.04078147257700876,0.08499374850639044,False,0.16205949571809286,0.6060173134346103,False,0.1690731767034187,0.43070398393397435,False,0.15688904220655744,0.39905356782244006,False
soh50,44,105,0.0839950632157179,0.246747202763459,0.11418244714419876,0.3363222031733097,False,0.5,0.16666666666666666,0.16666666666666666,0.16666666666666666,0.023620295358756177,0.06759720194375766,False,0.14396178428680734,0.5013764521900598,False,0.16005172112240343,0.41922070749749124,False,0.12909598780882806,0.35709445106193005,False
soh50,44,106,0.09576703090776928,0.2601129148983365,0.12729921220138818,0.35844843586905994,False,0.5,0.16666666666666666,0.16666666666666666,0.16666666666666666,0.032702668320531536,0.06344187295688963,False,0.15542481934662458,0.5193604154701293,False,0.17234817047087292,0.48143748645146384,False,0.14872119066752362,0.36955396859775697,False
soh50,44,107,0.08801188200905537,0.2181512260981584,0.11825839149851122,0.29914281026359457,False,0.5,0.16666666666666666,0.16666666666666666,0.16666666666666666,0.027518863030143684,0.05616805776728604,False,0.149169432352148,0.46640720303958466,False,0.16580134458769205,0.347480181755661,False,0.13054392602406115,0.3265157984918467,False
soh50,44,108,0.08964255330728575,0.23580332136960055,0.1195365799958338,0.3262987217282113,False,0.5,0.16666666666666666,0.16666666666666666,0.16666666666666666,0.029854499930189668,0.054812520652379154,False,0.1516004099302672,0.4962149558423725,False,0.16599576420247997,0.4036197562354942,False,0.13069564592039834,0.3505476541825992,False
soh50,44,109,0.08909736106306328,0.22671058343203396,0.12044927107312975,0.30989386710616207,False,0.5,0.16666666666666666,0.16666666666666666,0.16666666666666666,0.026393541042930343,0.06034401608377785,False,0.14859762321604783,0.4692696650509703,False,0.16877843518359367,0.3642898071450425,False,0.13802748484994712,0.34567198014485756,False
soh50,44,110,0.09370028775526199,0.2692200258734368,0.12381759068714401,0.37165303280031287,False,0.5,0.16666666666666666,0.16666666666666666,0.16666666666666666,0.03346568189149798,0.06435401201968467,False,0.1582810626947616,0.6626813988953144,False,0.17052310346955837,0.3970406685936685,False,0.13300051469275806,0.3625360516925838,False
soh50,44,111,0.08483959840301265,0.2343838056429741,0.11346696661016241,0.3198246491310978,False,0.5,0.16666666666666666,0.16666666666666666,0.16666666666666666,0.027584861988713166,0.06350211866672666,False,0.14575935869783305,0.5199380423952892,False,0.15744590128366018,0.359612565780576,False,0.12307774447044321,0.33624586968179954,False
soh50,44,112,0.08984675690999169,0.2511658239533083,0.12040901924732962,0.3489157020253941,False,0.5,0.16666666666666666,0.16666666666666666,0.16666666666666666,0.028722232235315854,0.05566606780913661,False,0.15109374434629994,0.5720620428066207,False,0.16900457728480586,0.4167258978560695,False,0.13281552312289685,0.35120879962974966,False
soh50,44,113,0.08781157017717656,0.2586206126795092,0.11794405378076434,0.35468351010916366,False,0.5,0.16666666666666666,0.16666666666666666,0.16666666666666666,0.027546602970001017,0.06649481782020039,False,0.14714164952876604,0.5248338410874146,False,0.16526874420330848,0.47256886148212457,False,0.1318192184209818,0.35483652004691507,False
soh50,44,114,0.09082996807744162,0.24041772638793,0.12080909640820332,0.3308635551186061,False,0.5,0.16666666666666666,0.16666666666666666,0.16666666666666666,0.030871711415918227,0.059526068926577844,False,0.14962424791437895,0.5183932644391982,False,0.17072226709544236,0.39446227768838976,False,0.13201815920707377,0.35107260942025853,False
soh50,44,115,0.08049064143115742,0.2502495676192483,0.10936496099836203,0.34072439876799787,False,0.5,0.16666666666666666,0.16666666666666666,0.16666666666666666,0.02274200229674821,0.06929990532174932,False,0.14440620413231173,0.5407662066394906,False,0.15272646105601131,0.40098278859085107,False,0.11758517650837687,0.3518486945199005,False
soh50,44,116,0.08530734790976574,0.23201426601966474,0.1156649853076143,0.3189995539062983,False,0.5,0.16666666666666666,0.16666666666666666,0.16666666666666666,0.02459207311406866,0.05804369024639763,False,0.14546560525146465,0.4754117815689038,False,0.16321981909388827,0.4024474301220731,False,0.12938244377103555,0.34009531368781865,False
soh50,44,117,0.09539523373314876,0.2539504589901057,0.12405121539696634,0.3522716936973027,False,0.5,0.16666666666666666,0.16666666666666666,0.16666666666666666,0.038083270405513604,0.05730798957571162,False,0.1515842534373628,0.5690839404247926,False,0.17060392983590322,0.448139534087819,False,0.13593340790908578,0.3345553107008877,False
soh50,44,118,0.09234200033527512,0.22988315271749324,0.12213825726642555,0.31359588854506065,False,0.5,0.16666666666666666,0.16666666666666666,0.16666666666666666,0.03274948647297425,0.06245768106235838,False,0.14742149678204144,0.4903657701587873,False,0.17577592531410338,0.3588072439078693,False,0.13260612049658313,0.3427528590512277,False
soh50,44,119,0.10042638681472375,0.22753487096854283,0.13079825540512002,0.31543544358239906,False,0.5,0.16666666666666666,0.16666666666666666,0.16666666666666666,0.03968264963393123,0.05173372574083034,False,0.15548877894133192,0.4856331878394274,False,0.16544448642005433,0.3901551511059758,False,0.1625771066251626,0.3342197096433628,False
soh50,44,120,0.08750624723755687,0.247515132969399,0.11810358059747322,0.3411195084725131,False,0.5,0.16666666666666666,0.16666666666666666,0.16666666666666666,0.02631158051772418,0.06030638196317091,False,0.14946585365914622,0.5342048428806069,False,0.1699098883384975,0.4085213608638909,False,0.12672699987452504,0.3614454481823836,False
soh50,44,121,0.09343835322085073,0.2557406470845494,0.12419195208758296,0.35667248323104495,False,0.5,0.16666666666666666,0.16666666666666666,0.16666666666666666,0.03193115548738625,0.053876974791558487,False,0.15235943144261088,0.5807787849938829,False,0.16364579032037951,0.44316664992478566,False,0.1488314310999552,0.34886752321395265,False
soh50,44,122,0.08057428275870186,0.22816761752246945,0.11008881626891183,0.31317752667750076,False,0.5,0.16666666666666666,0.16666666666666666,0.16666666666666666,0.02154521573828196,0.058147799212406766,False,0.1442679300384643,0.47413783564494216,False,0.15987039922274718,0.35563842831527287,False,0.11467172007615382,0.3647860435373813,False
soh50,44,123,0.08774270426965777,0.21644829174645386,0.11753044030404311,0.2945713472201605,False,0.5,0.16666666666666666,0.16666666666666666,0.16666666666666666,0.028167232200887096,0.06020218079904055,False,0.14647713597482717,0.4521848960202804,False,0.16243883781212645,0.32634916148255105,False,0.13303855522833175,0.33954915057877,False
soh50,44,124,0.09038715115339718,0.2452720552019536,0.12205518992195892,0.3388791268996323,False,0.5,0.16666666666666666,0.16666666666666666,0.16666666666666666,0.027051073616273732,0.05805791180659637,False,0.1491135063588333,0.5229857348149164,False,0.17080299006594715,0.40507573661043667,False,0.14125318964678152,0.3693971243665796,False
soh50,44,125,0.07784697638023061,0.2259337841987262,0.10614763005499671,0.3086278726601727,False,0.5,0.16666666666666666,0.16666666666666666,0.16666666666666666,0.021245669030698414,0.06054560727583318,False,0.13941879227920695,0.4727490307760638,False,0.14924346121324428,0.35396547855636973,False,0.11468259769683718,0.3472513740324242,False
soh50,44,126,0.09047077513027804,0.2287295374599555,0.12091614752617302,0.3067894980947907,False,0.5,0.16666666666666666,0.16666666666666666,0.16666666666666666,0.029580030338488085,0.07260961619028512,False,0.15159989050986059,0.45943151643026175,False,0.16673046164908176,0.3534020676604044,False,0.13575420760726165,0.3417147920982116,False
soh50,44,127,0.08600296501621518,0.25929106094483806,0.11460019499174352,0.35137414620599067,False,0.5,0.16666666666666666,0.16666666666666666,0.16666666666666666,0.028808505065158526,0.07512489042253293,False,0.15024238902269785,0.566661326946943,False,0.15724586905164836,0.40043916965167575,False,0.12210401682746935,0.363271197802811,False
soh50,44,128,0.07580597701410038,0.24796664278993608,0.10484824825180218,0.33872900172963866,False,0.5,0.16666666666666666,0.16666666666666666,0.16666666666666666,0.01772143453869681,0.06644192491053094,False,0.13690399391666772,0.5079495257385552,False,0.15453489127693487,0.4052493846712794,False,0.11023267327490933,0.3752751715981891,False
soh50,44,129,0.08560286072482817,0.22204073035726787,0.11418612878990483,0.304048706482511,False,0.5,0.16666666666666666,0.16666666666666666,0.16666666666666666,0.02843632459467488,0.05802477810678165,False,0.14375992937730123,0.48200563309517813,False,0.1560370831158551,0.34798498413312506,False,0.1285111780717881,0.3281794305949591,False
soh50,44,130,0.08475807544461396,0.24597171340305551,0.11487993591390849,0.3390188780520244,False,0.5,0.16666666666666666,0.16666666666666666,0.16666666666666666,0.0245143545060249,0.059877384105117656,False,0.14462990978333803,0.5591444784079018,False,0.1585855901195891,0.4139175351385714,False,0.13178988924668197,0.32313611455650687,False
soh50,44,131,0.08161874233647726,0.22009914696258287,0.11083348472591278,0.30194207382138655,False,0.5,0.16666666666666666,0.16666666666666666,0.16666666666666666,0.023189257557606195,0.05641329324497557,False,0.14248875033886277,0.4466722101454544,False,0.1558013936370709,0.3596814508904402,False,0.12185453737011127,0.34500134100467594,False
soh50,44,132,0.09114683325893935,0.2809591381888978,0.12058923345934033,0.379936912946561,False,0.5,0.16666666666666666,0.16666666666666666,0.16666666666666666,0.03226203285813739,0.08300358867357145,False,0.14889437170699135,0.5949443121719481,False,0.16602790539588486,0.4520309660558017,False,0.13517262387634776,0.3897687848849228,False
soh50,44,133,0.08179638704495337,0.23557039931567897,0.11109716506075384,0.3191190367574887,False,0.5,0.16666666666666666,0.16666666666666666,0.16666666666666666,0.023194831013352464,0.06847312443205958,False,0.1406983605645876,0.5098914910979442,False,0.15828009896404122,0.34719060012143216,False,0.12221536970103408,0.3509209313785189,False
soh50,44,134,0.07787966506193855,0.2518196312385439,0.1067108155221772,0.34824724499058257,False,0.5,0.16666666666666666,0.16666666666666666,0.16666666666666666,0.02021736414146123,0.05896440373446646,False,0.13802102506740432,0.5400868706046996,False,0.15484095188829863,0.4369635008614963,False,0.11376392099154464,0.356974204761668,False
soh50,44,135,0.08037659623932178,0.26135495727354613,0.10958159821240855,0.36558204824948876,False,0.5,0.16666666666666666,0.16666666666666666,0.16666666666666666,0.021966592293148218,0.052900775321660806,False,0.139226326181819,0.5715453793867987,False,0.15461423213921713,0.475241401160315,False,0.12251924223544991,0.3626406371291806,False
soh50,44,136,0.07992981968311938,0.22444672711724672,0.10946048423621524,0.30620620355052636,False,0.5,0.16666666666666666,0.16666666666666666,0.16666666666666666,0.020868490576927645,0.060927774250687426,False,0.14138295297559592,0.4730179245766786,False,0.1623435739996981,0.3447505099564811,False,0.11324691939263933,0.34612860541825846,False
soh50,44,137,0.08450014979952106,0.27299270974730916,0.11343645940986098,0.3795215692990964,False,0.5,0.16666666666666666,0.16666666666666666,0.16666666666666666,0.02662753057884122,0.059934990643734656,False,0.1444597165083397,0.6325489674299174,False,0.15808344629339502,0.474381329615563,False,0.124575144258868,0.35122098950717057,False
soh50,44,138,0.09156342033579695,0.2616465182945498,0.12196642360128485,0.3618317856893155,False,0.5,0.16666666666666666,0.16666666666666666,0.16666666666666666,0.030757413804821214,0.061275983505018526,False,0.15022461380176835,0.5925205458053578,False,0.1743828615609718,0.43634224080973155,False,0.13250080523757798,0.35718837263715403,False
soh50,44,139,0.08013927552582864,0.23886222198387289,0.109872863742417,0.3301507669287632,False,0.5,0.16666666666666666,0.16666666666666666,0.16666666666666666,0.020672099092651944,0.05628513209409224,False,0.14170474881782888,0.522045501035946,False,0.15691510948106363,0.3863523281646101,False,0.12019949757812352,0.35592010642040456,False
soh50,44,140,0.08700740236879825,0.2779929919663428,0.11588290051086098,0.3730755689097908,False,0.5,0.16666666666666666,0.16666666666666666,0.16666666666666666,0.02925640608467282,0.08782783807944675,False,0.14436428240749036,0.5429553442471172,False,0.15939530330247442,0.48096299896867367,False,0.13051561024880629,0.38055609434392573,False
soh50,44,141,0.08207509508904137,0.24316696063330775,0.11173673038063685,0.33105881572942375,False,0.5,0.16666666666666666,0.16666666666666666,0.16666666666666666,0.022751824505850414,0.0673832504410758,False,0.14283892991899416,0.5257215403761603,False,0.15467431052069175,0.3692146260446932,False,0.1266818565770111,0.36191584605576566,False
soh50,44,142,0.07750856770766248,0.2393423654031323,0.10592603573695147,0.3302051618004712,False,0.5,0.16666666666666666,0.16666666666666666,0.16666666666666666,0.020673631649084513,0.05761677260845449,False,0.13895047384507314,0.5187886254025732,False,0.15023278647788058,0.4168931768421193,False,0.11384725097576766,0.3275220723487378,False
soh50,44,143,0.09955498226673502,0.27186517117123843,0.13114517001280943,0.36786503902730644,False,0.5,0.16666666666666666,0.16666666666666666,0.16666666666666666,0.03637460677458625,0.0798654354591024,False,0.15814284977488288,0.5703509401015657,False,0.16998553708598296,0.42561050644824944,False,0.16007768641578557,0.39563327410030813,False
soh50,44,144,0.08179889118233358,0.25943245112828084,0.11200956882576261,0.35485780690179947,False,0.5,0.16666666666666666,0.16666666666666666,0.16666666666666666,0.021377535895475523,0.06858173958124351,False,0.1429421171529146,0.5414521087704919,False,0.1616727134372683,0.44980142820072283,False,0.12204590881739202,0.3595959510547397,False
soh50,44,145,0.08868257767601591,0.27778681816968065,0.11749209931469623,0.3793114125037804,False,0.5,0.16666666666666666,0.16666666666666666,0.16666666666666666,0.03106353439865527,0.07473762950148106,False,0.14703274342925676,0.6043806701277629,False,0.15744592095690516,0.45775751644657153,False,0.13442619847396778,0.38036983393930623,False
soh50,44,146,0.08680413282710941,0.2660423871269288,0.1164406933034566,0.36001178143483775,False,0.5,0.16666666666666666,0.16666666666666666,0.16666666666666666,0.02753101187441509,0.07810359851111098,False,0.1494736822833508,0.5697869097880545,False,0.15685532997636992,0.40644445995504624,False,0.13190274907969055,0.3857121574851392,False
soh50,44,147,0.07906663212796541,0.27480399726168014,0.1088283595583463,0.3837779959869311,False,0.5,0.16666666666666666,0.16666666666666666,0.16666666666666666,0.019543177267203646,0.05685599981117825,False,0.1463780985644504,0.6874338339744472,False,0.1537253003594298,0.44972393865098587,False,0.11566686204230138,0.341098211511113,False
soh50,44,148,0.0807980117132451,0.26478934303493595,0.10921109846739116,0.3614689978387286,False,0.5,0.16666666666666666,0.16666666666666666,0.16666666666666666,0.023971838204952977,0.07143003342735083,False,0.14266042636429194,0.5685598102393569,False,0.15267279918165064,0.43509904833213636,False,0.11753933011866914,0.3707870993560702,False
soh50,44,149,0.08248253689885594,0.25647225606327345,0.11285336132922442,0.35471340797053563,False,0.5,0.16666666666666666,0.16666666666666666,0.16666666666666666,0.02174088803811901,0.059989952248749055,False,0.14273842743551293,0.585753762484456,False,0.1580030027532104,0.4237937428063676,False,0.12893112709005533,0.34931617434256995,False
soh50,44,150,0.08663728738651819,0.24695836993671816,0.11595729294972475,0.3357700586704485,False,0.5,0.16666666666666666,0.16666666666666666,0.16666666666666666,0.027997276260105095,0.06933499246925746,False,0.1471469221748267,0.5114131429612985,False,0.1581684766664373,0.3959712857158069,False,0.1305164966975299,0.36636081353543126,False
soh50,44,151,0.08635187878353115,0.2601369255288784,0.11462544137120384,0.35700625950563436,False,0.5,0.16666666666666666,0.16666666666666666,0.16666666666666666,0.02980475360818575,0.06639825757536644,False,0.1462548476638641,0.520805886141023,False,0.1564717660726501,0.4721307189130887,False,0.12597039814011549,0.3686901753930594,False
soh50,44,152,0.07484300930952852,0.23802432545738933,0.10371569548430098,0.32275389029565077,False,0.5,0.16666666666666666,0.16666666666666666,0.16666666666666666,0.01709763695998357,0.06856519578086645,False,0.1374734775138247,0.4959181349446677,False,0.1523624904492942,0.37794260824238585,False,0.1079291770141015,0.3485896222146831,False
soh50,44,153,0.08633799800972436,0.250132163682949,0.11672893517704469,0.3375330772001575,False,0.5,0.16666666666666666,0.16666666666666666,0.16666666666666666,0.02555612367508371,0.0753303366485319,False,0.1460025553841546,0.4794337622166898,False,0.15886650718210069,0.4123203961578379,False,0.13649055446683978,0.3830478137775705,False
soh50,44,154,0.07913257640659563,0.24226524136429425,0.10868946697465913,0.3339682880192791,False,0.5,0.16666666666666666,0.16666666666666666,0.16666666666666666,0.020018795270468612,0.05885914805432461,False,0.1425469731469897,0.5416138052542002,False,0.16097968920287267,0.4007999588236168,False,0.1112124102783056,0.33460023994497473,False
soh50,44,155,0.07571946095258746,0.2304386031460517,0.10432950999840289,0.31670465787926033,False,0.5,0.16666666666666666,0.16666666666666666,0.16666666666666666,0.018499362860956634,0.057906493679634394,False,0.14121694695001336,0.4642937177033617,False,0.14892535496608622,0.39467054092937887,False,0.10867637521655531,0.3499478792046664,False
soh50,44,156,0.08800489802251427,0.272334448806108,0.11910407955218522,0.376469141655277,False,0.5,0.16666666666666666,0.16666666666666666,0.16666666666666666,0.0258065349631724,0.06406506310777002,False,0.14704596781428955,0.6093287991617772,False,0.17127511454670455,0.4817193817701733,False,0.1322887008845743,0.3507633225813876,False
soh50,44,157,0.07805546929726209,0.2712827480768802,0.10754795445635756,0.3774026006305765,False,0.5,0.16666666666666666,0.16666666666666666,0.16666666666666666,0.019070498979071177,0.059043042969487584,False,0.13647987031283534,0.592584342010272,False,0.15832733852071226,0.5034272662137815,False,0.11631411001281144,0.35455575132876493,False
soh50,44,158,0.08003744586218757,0.2683426598172056,0.10901452438458563,0.3714267222909593,False,0.5,0.16666666666666666,0.16666666666666666,0.16666666666666666,0.02208328881739144,0.06217453486969824,False,0.13995717625405102,0.5864012135761697,False,0.15907779158187452,0.483887745152667,False,0.11493984088502558,0.35324339556530227,False
soh50,44,159,0.08027998374168173,0.2384506528743169,0.11034395148147218,0.33033865148685687,False,0.5,0.16666666666666666,0.16666666666666666,0.16666666666666666,0.020152048262100868,0.05467465564923704,False,0.14333298021046728,0.53889962302898,False,0.1555513812953403,0.3923502069539504,False,0.12233939615798022,0.33543012031526004,False
soh50,44,160,0.0797796073809829,0.25713395512375004,0.1095660304688248,0.35852639216879195,False,0.5,0.16666666666666666,0.16666666666666666,0.16666666666666666,0.020206761205299135,0.05434908103366633,False,0.14418160315874196,0.5732342782109,False,0.1548288674626811,0.4623023278194611,False,0.119046890048577,0.34421988161114037,False
soh50,44,161,0.09912662057599939,0.24208914508594334,0.13006588908348957,0.3307131616382868,False,0.5,0.16666666666666666,0.16666666666666666,0.16666666666666666,0.037248083561019024,0.06484111198125649,False,0.1527720026836851,0.5178786779569923,False,0.17734916404862447,0.3693286910541556,False,0.15289430604062973,0.37080416556074275,False
soh50,44,162,0.07800058639246064,0.2311012877974291,0.10696190424222508,0.31861985069142756,False,0.5,0.16666666666666666,0.16666666666666666,0.16666666666666666,0.020077950692931754,0.056064162009432233,False,0.13755621585197417,0.5053616663666287,False,0.1548225146323835,0.3719251552117391,False,0.11539093579161093,0.34112841917791026,False
soh50,44,163,0.08926101916574655,0.2717796566000401,0.11878959719315066,0.3696474291733029,False,0.5,0.16666666666666666,0.16666666666666666,0.16666666666666666,0.030203863110938374,0.07604411145351445,False,0.1450341562860075,0.5669749131838534,False,0.16280132449123627,0.46599100349423844,False,0.13711904488442048,0.36957968856160545,False
soh50,44,164,0.07229586260764836,0.2585625595498238,0.10064186339248508,0.3574198538175428,False,0.5,0.16666666666666666,0.16666666666666666,0.16666666666666666,0.015603861037974936,0.060847971014385854,False,0.1389770602865377,0.5567426745875482,False,0.1452054225485584,0.45935660509237447,False,0.10278110969686931,0.3527321645758627,False
soh50,44,165,0.07199160117032331,0.27968936165141434,0.1002554729720521,0.38803546193634636,False,0.5,0.16666666666666666,0.16666666666666666,0.16666666666666666,0.015463857566865769,0.06299716108155035,False,0.13362681739862128,0.638272862502118,False,0.14852137928506173,0.4954038093391841,False,0.10340983763765961,0.35546801482253293,False
soh50,44,166,0.087671893736199,0.27574302877725415,0.11806607329633179,0.3843092435625544,False,0.5,0.16666666666666666,0.16666666666666666,0.16666666666666666,0.026883534615933468,0.0586105992066536,False,0.15459745975464892,0.6524117724102285,False,0.16442378983523168,0.48826481263611504,False,0.1263595089795131,0.3379497899972206,False
soh50,44,167,0.08113870654515984,0.26188095053508786,0.11104332537764382,0.3673297026815189,False,0.5,0.16666666666666666,0.16666666666666666,0.16666666666666666,0.021329468880191913,0.05098344624222585,False,0.1418456420345506,0.6475810547562146,False,0.15886710569741982,0.4351101533645871,False,0.1221310848984129,0.33564415636304784,False
soh50,44,168,0.07246251578108166,0.25581318711518064,0.10041063829130857,0.34937061573881434,False,0.5,0.16666666666666666,0.16666666666666666,0.16666666666666666,0.016566270760627833,0.06869832986791329,False,0.13343351152236738,0.5688025061296594,False,0.1476875055508696,0.41232433755017506,False,0.10395526533136952,0.3476572894075097,False
soh50,44,169,0.07265347452948082,0.24434856283228523,0.10082109110864161,0.33429461065748073,False,0.5,0.16666666666666666,0.16666666666666666,0.16666666666666666,0.016318241371159243,0.06445646718189435,False,0.13362690478722036,0.5419286025474943,False,0.14956901990067276,0.3897076403955159,False,0.10377019837551411,0.3410857325050182,False
soh50,44,170,0.08254378307616579,0.2648824406155759,0.11289580406356671,0.36830410058485663,False,0.5,0.16666666666666666,0.16666666666666666,0.16666666666666666,0.02183974110136395,0.05803912067701449,False,0.14449556169997235,0.6062411884482629,False,0.16439815202706523,0.45008041544182453,False,0.1208497614258653,0.3588556777723246,False
soh50,44,171,0.09116774679979027,0.2609633913521417,0.1220846236495799,0.3534832193874666,False,0.5,0.16666666666666666,0.16666666666666666,0.16666666666666666,0.029333993100211033,0.07592373528149193,False,0.14154108630659387,0.5221492521987983,False,0.1705172579609936,0.41897756402376624,False,0.1469461572305211,0.39688232604580986,False
soh50,44,172,0.10121105060050625,0.27264290517262474,0.1352984301786627,0.3805832751722857,False,0.5,0.16666666666666666,0.16666666666666666,0.16666666666666666,0.033036291444193365,0.056762165173302966,False,0.15019807194589535,0.6375421289956166,False,0.19055987134195473,0.4769430466333157,False,0.16739948598260734,0.35108575988690743,False
soh50,44,173,0.07534625885487825,0.2649241847913914,0.10376227736111014,0.36990078986285363,False,0.5,0.16666666666666666,0.16666666666666666,0.16666666666666666,0.018514221842414427,0.054970974648467,False,0.1364053784417526,0.593624102733993,False,0.1517196192470289,0.4804000520379732,False,0.1084098899132447,0.35060803003098123,False
soh50,44,174,0.07447228860748191,0.26374809345279443,0.1026912739695243,0.3693665181682547,False,0.5,0.16666666666666666,0.16666666666666666,0.16666666666666666,0.01803431788339714,0.05251124402187382,False,0.1352727044695333,0.6392084508191344,False,0.15105098683892418,0.4397946944184589,False,0.10640708668624256,0.3459516834135518,False
soh50,44,175,0.09826984388423089,0.3014546220684524,0.1334980831753048,0.421407542873393,False,0.5,0.16666666666666666,0.16666666666666666,0.16666666666666666,0.02781336530208309,0.061548780458571324,False,0.159656165640066,0.684994948153072,False,0.2092654666252053,0.6033456347877627,False,0.13725733513386482,0.3357408080941657,False
soh50,44,176,0.07422198339564295,0.23207989399804302,0.10294334457043745,0.3170675569868372,False,0.5,0.16666666666666666,0.16666666666666666,0.16666666666666666,0.016779261046053973,0.062104568020454706,False,0.1353498169916335,0.4915299261195616,False,0.14997678735642522,0.3664397010893572,False,0.10966751288763708,0.34819603271797517,False
soh50,44,177,0.07433631451982632,0.2845620914287193,0.10275153625004538,0.39622790103936417,False,0.5,0.16666666666666666,0.16666666666666666,0.16666666666666666,0.01750587105938822,0.06123047220742955,False,0.13465044687353311,0.6392375448792329,False,0.1522206787333764,0.5384024600778327,False,0.10662914833388375,0.3460411269929617,False
soh50,44,178,0.07791699425663341,0.23412624282614375,0.10551432448919448,0.31895160254867827,False,0.5,0.16666666666666666,0.16666666666666666,0.16666666666666666,0.022722333791511295,0.06447552338107475,False,0.13558139895324064,0.524940559131435,False,0.15914218053010554,0.3548557386613404,False,0.10461138468192045,0.33153458902086297,False
soh50,44,179,0.0844511343100388,0.2559516981149379,0.11197737674143265,0.34967329156067606,False,0.5,0.16666666666666666,0.16666666666666666,0.16666666666666666,0.02939864944725109,0.06850851122346169,False,0.1460959263860152,0.5640454824538631,False,0.15166900498939975,0.42120000467093344,False,0.12074592614306455,0.34493916789444606,False
soh50,44,180,0.07979316869490273,0.2547471415253192,0.10911637150034875,0.35240610776905384,False,0.5,0.16666666666666666,0.16666666666666666,0.16666666666666666,0.0211467630840107,0.05942920903784991,False,0.13805439811291842,0.5690971196239117,False,0.1578666891229754,0.43141296104988397,False,0.11939763568149046,0.3496851413645698,False
soh50,44,181,0.08048959997841977,0.29548444366944837,0.1098134129652676,0.41548953781401576,False,0.5,0.16666666666666666,0.16666666666666666,0.16666666666666666,0.021841974004724114,0.055474255380313565,False,0.14352361871810473,0.7146001843157102,False,0.1546700998350948,0.5388483102273881,False,0.11921795930314676,0.3530354013326513,False
soh50,44,182,0.08438914811619483,0.31827788179274935,0.11488686691549072,0.4434536509520524,False,0.5,0.16666666666666666,0.16666666666666666,0.16666666666666666,0.0233937105176031,0.06792634347414322,False,0.1453009869683338,0.6748991913573453,False,0.1719094444031036,0.6657741695057168,False,0.11894332577292233,0.36521489947100444,False
soh50,44,183,0.07739238468423107,0.26068969795595137,0.10692354191803598,0.3617853642933213,False,0.5,0.16666666666666666,0.16666666666666666,0.16666666666666666,0.018330070216621256,0.05849836528121165,False,0.1388800566450743,0.5429028448284261,False,0.15822560979499053,0.48855097579523615,False,0.11225843101545781,0.35718927126841127,False
soh50,44,184,0.08916808813119076,0.2600784829989097,0.12004106291928138,0.3594103133229565,False,0.5,0.16666666666666666,0.16666666666666666,0.16666666666666666,0.027422138555009513,0.061414822350816065,False,0.14697873662074554,0.5864545401071344,False,0.16693135487918145,0.4431092007967905,False,0.13883202162218902,0.346662690037085,False
soh50,44,185,0.07435545520857813,0.29096625919305535,0.10314875065799514,0.4082580614611749,False,0.5,0.16666666666666666,0.16666666666666666,0.16666666666666666,0.016768864309744076,0.05638265465681647,False,0.1395503696724974,0.7202941381809249,False,0.14945085072095654,0.5059583288988317,False,0.10682491792878257,0.3503971241081263,False
soh50,44,186,0.08531125357135573,0.26388969851774824,0.11590532620858401,0.36719308617087043,False,0.5,0.16666666666666666,0.16666666666666666,0.16666666666666666,0.02412310829689913,0.05728292321150397,False,0.14577079459149833,0.6205732488783147,False,0.16224865183895656,0.42903777924718733,False,0.1314787501069821,0.3618783933464757,False
soh50,44,187,0.08070164156853002,0.257127757293267,0.11082511790487538,0.3603713292944812,False,0.5,0.16666666666666666,0.16666666666666666,0.16666666666666666,0.020454688895839315,0.050640613290838604,False,0.1472848245557197,0.6097090460756789,False,0.1590119053573854,0.4413889568481993,False,0.11654905281055712,0.3397467009632081,False
soh50,44,188,0.07642983304251376,0.25574307616620623,0.10526103548644782,0.35663927641695353,False,0.5,0.16666666666666666,0.16666666666666666,0.16666666666666666,0.018767428154645677,0.053950675664711574,False,0.13639373173973765,0.5755570286939703,False,0.15170262456921788,0.4515321429368298,False,0.11418035748219006,0.34551725837230257,False
soh50,44,189,0.07908369978544792,0.2766196033120266,0.10766024635920478,0.37759685577204444,False,0.5,0.16666666666666666,0.16666666666666666,0.16666666666666666,0.02193060663793422,0.07466509839199101,False,0.13865056448508387,0.6247279319837923,False,0.15404934073511672,0.4492731936833123,False,0.11601047357868428,0.3617211990290821,False
soh50,44,190,0.08608708646533068,0.26461139384623955,0.11481602664443533,0.3662905085343515,False,0.5,0.16666666666666666,0.16666666666666666,0.16666666666666666,0.02862920610712141,0.0612531644700157,False,0.14564593598098982,0.6182470377013123,False,0.1538588258261305,0.434588263153199,False,0.13113013866349957,0.35107356881287904,False
soh50,44,191,0.07933237850763517,0.2882802628892916,0.10868996577689473,0.403581968729339,False,0.5,0.16666666666666666,0.16666666666666666,0.16666666666666666,0.020617203969116028,0.0576768512091968,False,0.14126785826291938,0.6743775282155142,False,0.15587949964014441,0.5299136467580933,False,0.1169953012353991,0.3523598487345517,False
soh50,44,192,0.08781537979537843,0.23890125995961659,0.1164445800036609,0.3326119147333436,False,0.5,0.16666666666666666,0.16666666666666666,0.16666666666666666,0.0305569793788135,0.05147995041216248,False,0.1463603166509842,0.5330526257409017,False,0.17213972192125482,0.4037775744102395,False,0.1167213020635911,0.3421375083700709,False
soh50,44,193,0.07490241684059447,0.21804026368075521,0.10283500510750432,0.3048103367333058,False,0.5,0.16666666666666666,0.16666666666666666,0.16666666666666666,0.01903724030677478,0.04450011757565409,False,0.13594065903799435,0.45787374664959474,False,0.14811905157958188,0.39295459553907713,False,0.10824306950566626,0.32391288716889716,False
soh50,44,194,0.07818721883982312,0.26073582287347363,0.10761926523237618,0.36322992866772236,False,0.5,0.16666666666666666,0.16666666666666666,0.16666666666666666,0.01932312605471697,0.05574761128497628,False,0.14042928623859566,0.5894427190434199,False,0.15724044140812166,0.4676818404779614,False,0.11348420722807047,0.34004754386453184,False
soh50,44,195,0.07922767118675202,0.244871475213677,0.1095999132080141,0.3427511277583445,False,0.5,0.16666666666666666,0.16666666666666666,0.16666666666666666,0.018483187144227878,0.049112170124342075,False,0.1429170796198023,0.6009059437528844,False,0.16157042538895114,0.3915310180549023,False,0.11542896067907504,0.32945537910124917,False
soh50,44,196,0.07932909935586917,0.27991751209777543,0.10801768721983258,0.3863004898654427,False,0.5,0.16666666666666666,0.16666666666666666,0.16666666666666666,0.02195192362794235,0.067151556562441,False,0.14080185276188853,0.5754408110971733,False,0.1524368259972297,0.5336755932143572,False,0.11688014649226973,0.36893399858779924,False
soh50,44,197,0.08441476593083114,0.24921094427839013,0.11209755989552057,0.3466281643114113,False,0.5,0.16666666666666666,0.16666666666666666,0.16666666666666666,0.029049178001452288,0.054376504212347763,False,0.1431600590546698,0.570734998843545,False,0.1585138099166211,0.4115223562937463,False,0.1176671926093391,0.34987879789600634,False
soh50,44,198,0.07840932245370417,0.27546481486104823,0.10706087817039885,0.38262427631358636,False,0.5,0.16666666666666666,0.16666666666666666,0.16666666666666666,0.02110621102031483,0.06114589195597208,False,0.13762956179029398,0.6331246566600283,False,0.1503408312658254,0.4784852236307166,False,0.11916690860516117,0.35774133300762845,False
soh50,44,199,0.08375395833089183,0.25460425013028076,0.11467224057351927,0.35752143577696266,False,0.5,0.16666666666666666,0.16666666666666666,0.16666666666666666,0.021917393845636977,0.04876987883691701,False,0.1514228008238476,0.5846791599831704,False,0.16927167636164034,0.4556891387474678,False,0.11607709126295218,0.3409475655402954,False
soh50,44,200,0.08483935195355684,0.27800461109174623,0.11394714981011694,0.3907088633225806,False,0.5,0.16666666666666666,0.16666666666666666,0.16666666666666666,0.026623756240436648,0.052596106630077535,False,0.14984099848343116,0.6746637650047541,False,0.15816429781486072,0.48142570833259696,False,0.12115954670173924,0.3541498733228939,False
soh50,45,1,0.26144494193796014,0.4341682954941526,0.3200249259484718,0.558159596875015,True,0.5,0.16666666666666666,0.16666666666666666,0.16666666666666666,0.14428497391693673,0.18618569273242777,True,0.2962686012467753,0.8002656403222795,True,0.413925072646514,0.6780754912262617,True,0.4256210559836613,0.5681115632190914,True
soh50,45,2,0.17832339123594,0.3186062852614369,0.2250737538287805,0.4173284511120678,True,0.5,0.16666666666666666,0.16666666666666666,0.16666666666666666,0.08482266605025901,0.12116195356017513,True,0.22672093607751553,0.581872897151592,True,0.2817656906495954,0.4948089313099063,True,0.306985722537752,0.4714700224265978,True
soh50,45,3,0.1680922271584665,0.2723459001520031,0.21287270684234344,0.35858721743984495,True,0.5,0.16666666666666666,0.16666666666666666,0.16666666666666666,0.0785312677907126,0.09986326557631939,True,0.22332108250254012,0.4886762102620928,True,0.2621431149141324,0.4082597425721142,True,0.28749536216198873,0.43754965134885354,True
soh50,45,4,0.19063690366488167,0.3177718931298944,0.2306076163314857,0.4087305915266338,False,0.5,0.16666666666666666,0.16666666666666666,0.16666666666666666,0.11069547833167366,0.13585449633641544,False,0.22478286810196113,0.5512772969001757,False,0.26706706232698957,0.4392960276887225,False,0.31988505656531835,0.5084945451812218,False
soh50,45,5,0.16789167746882164,0.2617891933644643,0.20669125332900495,0.3480934422034687,True,0.5,0.16666666666666666,0.16666666666666666,0.16666666666666666,0.09029252574845507,0.08918069568645558,True,0.20949737353138695,0.5000348397930954,False,0.23786967256284627,0.39904367253126605,True,0.28910544147333145,0.4041145608030579,True
soh50,45,6,0.15255301857654846,0.22508918000676725,0.19275607357748104,0.3033655290959069,True,0.5,0.16666666666666666,0.16666666666666666,0.16666666666666666,0.07214690857468337,0.06853648182848789,True,0.19760844483529147,0.44051064050359817,True,0.23533024709769154,0.3349343889099288,True,0.26593869380225776,0.3694806051416128,True
soh50,45,7,0.14058958321682793,0.23466157847365793,0.18027746657273802,0.32105526508438936,False,0.5,0.16666666666666666,0.16666666666666666,0.16666666666666666,0.061213816505007713,0.06187420525219505,True,0.20230725423167953,0.5073292020346013,False,0.21393441502039323,0.3535479650767379,False,0.24365438053387167,0.3614696879740233,True
soh50,45,8,0.12859261376244105,0.23027711744959767,0.16561770157670744,0.30596229359589533,False,0.5,0.16666666666666666,0.16666666666666666,0.16666666666666666,0.05454243813390831,0.07890676515700233,False,0.18822127101046404,0.45093218000008445,False,0.201712924339053,0.3296381370902482,True,0.21799417282340436,0.36437209213624633,False
soh50,45,9,0.13530551475577618,0.22546491203600066,0.1733436907278337,0.3050553963390938,False,0.5,0.16666666666666666,0.16666666666666666,0.16666666666666666,0.05922916281166118,0.06628394342981436,False,0.18687020033123158,0.46362104210748517,False,0.20686613658358569,0.3439552046931767,False,0.2404092631848563,0.34636139512589903,True
soh50,45,10,0.15656674741824717,0.22383451207050087,0.1993452798288291,0.3029350684813296,True,0.5,0.16666666666666666,0.16666666666666666,0.16666666666666666,0.07100968259708335,0.06563339924884347,False,0.20520013052852012,0.4091326690328401,True,0.24364067815864968,0.34794794279827196,False,0.27753062803106326,0.38902626284536285,False
soh50,45,11,0.1273077544985458,0.2190620111258355,0.16353765957378955,0.3009716408586014,True,0.5,0.16666666666666666,0.16666666666666666,0.16666666666666666,0.05484794434805832,0.05524275166030377,True,0.1818414276881002,0.4574571847000415,False,0.19613389419211935,0.34039557137693843,False,0.22132737206688033,0.3507910556971219,False
soh50,45,12,0.2142027608900645,0.2656114546377842,0.24571057637157917,0.3469402971320445,False,0.5,0.16666666666666666,0.16666666666666666,0.16666666666666666,0.15118712992703515,0.1029537696492636,False,0.2368135469046816,0.45188800343448615,False,0.2488467206654045,0.37350614012075584,False,0.34599490798919535,0.4594132753236724,False
soh50,45,13,0.12784412336536333,0.21573626513403474,0.1645979925995629,0.29195995685130993,True,0.5,0.16666666666666666,0.16666666666666666,0.16666666666666666,0.05433638489696418,0.06328888169948428,False,0.18381653066403067,0.4359666620086351,False,0.20175169948808178,0.3177596303029712,True,0.21848735534917496,0.35082465339414926,False
soh50,45,14,0.1273189617629474,0.2108662824778011,0.1623883204229386,0.2839722615416816,True,0.5,0.16666666666666666,0.16666666666666666,0.16666666666666666,0.057180244442965024,0.06465432435004012,False,0.18444188101348027,0.41059419907567224,False,0.20768761835537522,0.324719470611923,False,0.20024353787993387,0.33592105212909096,True
soh50,45,15,0.1204280729921034,0.2050363196118552,0.15758002518300607,0.2816589141197543,True,0.5,0.16666666666666666,0.16666666666666666,0.16666666666666666,0.046124168610298104,0.05179113059605717,True,0.1818629734864868,0.43580485019672627,False,0.20327781850651583,0.32107010369432304,False,0.1990551401287235,0.31796957199191056,True
soh50,45,16,0.13177532927005695,0.2197946056719236,0.16806997964330764,0.2968905685142213,False,0.5,0.16666666666666666,0.16666666666666666,0.16666666666666666,0.0591860285235556,0.06560267998732829,False,0.18978420752345218,0.4467104732152635,False,0.21434624816591077,0.32704742717670315,False,0.20896343436031198,0.3482016936775902,False
soh50,45,17,0.12445971521264888,0.20193371954257433,0.15799854546086417,0.2742139867277706,True,0.5,0.16666666666666666,0.16666666666666666,0.16666666666666666,0.05738205471621836,0.05737318517218184,False,0.1802457609955346,0.39193060837410315,True,0.1950191224630535,0.3064887256318391,True,0.19934724366865017,0.34106342773295834,False
soh50,45,18,0.11162539636610597,0.20818114160950602,0.14623368692585229,0.2851538708607871,False,0.5,0.16666666666666666,0.16666666666666666,0.16666666666666666,0.04240881524661336,0.05423568310694392,False,0.17226167173955964,0.4256083943017277,False,0.1888172169403005,0.3325640456941051,False,0.18144704377693566,0.32820736034037173,False
soh50,45,19,0.11710416212598257,0.20423827743646072,0.15104765329119763,0.28106420135095506,False,0.5,0.16666666666666666,0.16666666666666666,0.16666666666666666,0.049217179795552506,0.05058642960747203,True,0.1752327967945406,0.4169613860281092,False,0.1900210560712878,0.32626677347078686,False,0.18971958050340954,0.33044221629745213,False
soh50,45,20,0.11976295931889958,0.21900570520429463,0.15539520551029815,0.29498695744620546,False,0.5,0.16666666666666666,0.16666666666666666,0.16666666666666666,0.048498466936102436,0.067043200720473,False,0.17793828220020116,0.42310403690658677,False,0.19762343739056001,0.34283527197245905,False,0.19752063551432894,0.34696532018530296,False
soh50,45,21,0.11534510409799137,0.20691089930516915,0.15101476798735408,0.287401119427765,False,0.5,0.16666666666666666,0.16666666666666666,0.16666666666666666,0.04400577631926595,0.04593045905997746,True,0.17694968318163995,0.4487802257703157,False,0.18995622496196737,0.32215412209335564,False,0.19314738748654303,0.3327396707874111,False
soh50,45,22,0.11064681563188605,0.19619221718547708,0.14430616021498913,0.27159669417295784,True,0.5,0.16666666666666666,0.16666666666666666,0.16666666666666666,0.04332812646567989,0.0453832632105156,True,0.17031306775867014,0.41199008210844235,False,0.18309005855128876,0.3100735669753049,False,0.18049338808431772,0.31893986439756844,False
soh50,45,23,0.10883792926949776,0.1965304557341007,0.14243616479007112,0.2725444363219176,False,0.5,0.16666666666666666,0.16666666666666666,0.16666666666666666,0.041641458228351004,0.04450249455846689,True,0.1679206120265003,0.4227950252851483,False,0.18534571531329422,0.31152432329172686,False,0.17483687359213898,0.3113559021523284,True
soh50,45,24,0.12421915508405448,0.2011935967879218,0.15855850039678093,0.27894940550143404,False,0.5,0.16666666666666666,0.16666666666666666,0.16666666666666666,0.05554046445860163,0.04568197936089737,False,0.18070237195661268,0.4356523975352166,False,0.19466842636043005,0.33644838720662085,False,0.20332273881147933,0.29801485790300136,True
soh50,45,25,0.11259160662743978,0.20836884277548506,0.14807717137106083,0.2848334063336525,False,0.5,0.16666666666666666,0.16666666666666666,0.16666666666666666,0.04162047714019772,0.055439715659150186,False,0.1754072506071324,0.4300097505159168,False,0.19118428909939814,0.3177534409365534,False,0.18409666863751506,0.3361307182229896,False
soh50,45,26,0.12207901787604702,0.20034138950952562,0.15623667457692458,0.28217577089559776,False,0.5,0.16666666666666666,0.16666666666666666,0.16666666666666666,0.05376370447429189,0.0366726267373814,True,0.183014403805799,0.4458869413696251,False,0.19889322859422873,0.3529704246392755,False,0.18927536143337875,0.29317309083610893,True
soh50,45,27,0.11008291825145398,0.19317517163132655,0.14417090617978237,0.2685581144279734,True,0.5,0.16666666666666666,0.16666666666666666,0.16666666666666666,0.04190694239479721,0.04240928603803283,False,0.1685855888939276,0.4030063639216972,False,0.18556262792660894,0.3191219207883342,False,0.18062846550379572,0.30969488696382946,False
soh50,45,28,0.10704511276751352,0.211616440823715,0.14127912728145559,0.2930341582367364,False,0.5,0.16666666666666666,0.16666666666666666,0.16666666666666666,0.03857708373962941,0.04878100599767218,False,0.16856199615436895,0.46043415035848695,False,0.1827714459764349,0.332236995600188,False,0.17520598325538905,0.3306844809905985,False
soh50,45,29,0.11899588053866929,0.22333457178441893,0.14908666300052878,0.30036444107904886,False,0.5,0.16666666666666666,0.16666666666666666,0.16666666666666666,0.058814315614950305,0.06927483319515908,False,0.17692822715477932,0.4580542640755798,False,0.18314473005539933,0.34799266799038864,False,0.17745937917698618,0.3261359990550679,False
soh50,45,30,0.11079060464401959,0.22788256118309005,0.14634407962976126,0.32000061418901254,False,0.5,0.16666666666666666,0.16666666666666666,0.16666666666666666,0.03968365467253629,0.0436464551712451,False,0.17835967381662107,0.521909185110116,False,0.19873498439304707,0.40669198872468876,False,0.16859800563684058,0.30775482775000035,False
soh50,45,31,0.11292850332988227,0.214137296516036,0.1457983681849976,0.29609656726165523,False,0.5,0.16666666666666666,0.16666666666666666,0.16666666666666666,0.047188773619651576,0.050218755024797605,False,0.1686947127726354,0.4486258963209251,False,0.1801430167484067,0.35118145542921536,False,0.18716696959929682,0.3343601622716828,False
soh50,45,32,0.11279886576282341,0.22129027200492707,0.14559009295025774,0.29827912059800293,False,0.5,0.16666666666666666,0.16666666666666666,0.16666666666666666,0.04721641138795477,0.06731257481877537,False,0.1732330826950128,0.4296507156356177,False,0.1799252919998161,0.33119009734997157,False,0.18198558571824727,0.3649630945876472,False
soh50,45,33,0.10306754376678397,0.203441311580417,0.1361901786689145,0.2868473839466307,False,0.5,0.16666666666666666,0.16666666666666666,0.16666666666666666,0.036822273962522904,0.03662916684798964,True,0.16412893347981028,0.4579640787464357,False,0.17599795831420342,0.3428408201107253,False,0.1678115489191214,0.3099554700813721,False
soh50,45,34,0.11803661048973545,0.19190180358580283,0.1508667295903487,0.2683857477217056,True,0.5,0.16666666666666666,0.16666666666666666,0.16666666666666666,0.05237637228850894,0.0389339153139973,False,0.1783014974886076,0.4124475136313935,False,0.19082888842195198,0.3187738508275236,False,0.1819601601623263,0.303387711113908,False
soh50,45,35,0.10425528498546047,0.2218845025431245,0.13817421812909667,0.30556111579170214,False,0.5,0.16666666666666666,0.16666666666666666,0.16666666666666666,0.03641741869818812,0.054531276045969246,False,0.1637172546422899,0.44978020157487647,False,0.1821198765200267,0.3629581171631251,False,0.1704423226558819,0.3549748683828378,False
soh50,45,36,0.10616163400445862,0.20644254885358687,0.13878908512528992,0.2867392646466163,False,0.5,0.16666666666666666,0.16666666666666666,0.16666666666666666,0.040906731762795995,0.04584911726752797,False,0.16542809064585814,0.4670982438628141,False,0.17563962986999426,0.3177200382358117,False,0.17318188822251135,0.31628965922031155,False
soh50,45,37,0.11522785499884158,0.26510002899904994,0.1509512180452638,0.37531505439454893,False,0.5,0.16666666666666666,0.16666666666666666,0.16666666666666666,0.04378112890599721,0.04466997820805207,False,0.17880743131162102,0.6170707772549306,False,0.20181842398916752,0.5124073585771458,False,0.17939788797426934,0.327112103538067,False
soh50,45,38,0.10816577453776127,0.19215783938269648,0.13960022527538962,0.26878590439515604,False,0.5,0.16666666666666666,0.16666666666666666,0.16666666666666666,0.0452968730625046,0.03890170935777739,False,0.16865246623715768,0.4561915891143202,False,0.1816503277449142,0.29774750425132324,True,0.162801234056982,0.2823028148572034,True
soh50,45,39,0.09968185572267432,0.21969003377651025,0.13319537069121748,0.3024001755083974,False,0.5,0.16666666666666666,0.16666666666666666,0.16666666666666666,0.032654825785588,0.05426975031273603,False,0.15836725301785604,0.4507286062280647,False,0.18233128445814276,0.37152699592997257,False,0.15942811950328314,0.33307534956281626,False
soh50,45,40,0.12040009629145307,0.2465266223871048,0.15662644060969358,0.3318358249880504,False,0.5,0.16666666666666666,0.16666666666666666,0.16666666666666666,0.04794740765497206,0.07590821718521348,False,0.17573279143983989,0.4836381162951535,False,0.19738550644501415,0.34862035972695,False,0.20544005689894818,0.4191766067448848,False
soh50,45,41,0.11037158564608793,0.21368562520727147,0.14227724014965526,0.29421947342445987,False,0.5,0.16666666666666666,0.16666666666666666,0.16666666666666666,0.046560276638953235,0.05261792877289464,False,0.16586533985058974,0.4517235948041955,False,0.1783571396511828,0.33887710813392413,False,0.1783262044578953,0.3336592619868253,False
soh50,45,42,0.10280930471350178,0.2220074778168451,0.1339936871920727,0.3050385545284888,False,0.5,0.16666666666666666,0.16666666666666666,0.16666666666666666,0.04044053975635994,0.055945324393557636,False,0.16491472368009294,0.45489513873057486,False,0.1778080098533427,0.3621619922163166,False,0.1528114754784952,0.3471517627735062,False
soh50,45,43,0.09942093631158513,0.23799059495914543,0.13054981652896513,0.3309783006610204,False,0.5,0.16666666666666666,0.16666666666666666,0.16666666666666666,0.03716317587682518,0.05201518355539558,False,0.16151291801204634,0.561124250134196,False,0.17222628067160295,0.374661347809141,False,0.151296891555386,0.33611242114534895,False
soh50,45,44,0.10708720139760386,0.2150194018643939,0.13965200977321499,0.2987005257376777,False,0.5,0.16666666666666666,0.16666666666666666,0.16666666666666666,0.041957584646381586,0.04765715411782625,False,0.17048310605873732,0.49682571026829936,False,0.182216706097175,0.3379823537645256,False,0.16395064229056608,0.3123368848000596,False
soh50,45,45,0.11591304318883427,0.22347175258646204,0.14979849846966092,0.30184883311438965,False,0.5,0.16666666666666666,0.16666666666666666,0.16666666666666666,0.04814213262718102,0.06671759153060683,False,0.1698683935724795,0.4202847272290968,False,0.1885104622205124,0.35662191064503773,False,0.19267300545847074,0.36377110305281724,False
soh50,45,46,0.09655023746937817,0.22605732367953532,0.12840219394740804,0.316242139137692,False,0.5,0.16666666666666666,0.16666666666666666,0.16666666666666666,0.03284632451331844,0.045687692763221946,False,0.16004730216063673,0.5310734304300612,False,0.16989824956258373,0.3566106936376802,False,0.1508168995530933,0.3315967397198048,False
soh50,45,47,0.10973855081382614,0.2542229776962351,0.14655565268935186,0.35903634516405086,False,0.5,0.16666666666666666,0.16666666666666666,0.16666666666666666,0.03610434706277469,0.04459624276060352,False,0.1751516483825808,0.5915476360505704,False,0.20373731992130897,0.4581802849305982,False,0.17122929539074297,0.34182121691443146,False
soh50,45,48,0.10116845130578278,0.20547038750342395,0.133379845676355,0.2852808454281077,False,0.5,0.16666666666666666,0.16666666666666666,0.16666666666666666,0.03674566256463835,0.04584947165405642,False,0.16027773535646175,0.4342323750816899,False,0.17811670775569213,0.34856070149017443,False,0.15837927702862772,0.3124808334865102,False
soh50,45,49,0.11531576518961525,0.22492345814503176,0.15212117731220393,0.3073506725051246,False,0.5,0.16666666666666666,0.16666666666666666,0.16666666666666666,0.041704940944437954,0.060069029424845995,False,0.17196369360487104,0.4054120516979431,False,0.19549200589047389,0.3643055752054993,False,0.19932406880903283,0.39961603369221016,False
soh50,45,50,0.10293654253124251,0.20258242253957987,0.13513690355067715,0.2813258067830948,False,0.5,0.16666666666666666,0.16666666666666666,0.16666666666666666,0.03853582049237325,0.04509565405254998,False,0.1628850728097863,0.45063435851048544,False,0.1741160484383347,0.31931231326996784,False,0.1650106724622143,0.310260901299376,False
soh50,45,51,0.0989946711771247,0.21493868048872708,0.13115525147045648,0.29764939944812174,False,0.5,0.16666666666666666,0.16666666666666666,0.16666666666666666,0.034673510590461136,0.04951724256993781,False,0.16609535833719527,0.48721985197926876,False,0.17950041695319782,0.33856632745601506,False,0.14435172000097168,0.31529417578726526,False
soh50,45,52,0.10368170982834943,0.25033436932082115,0.13761180368081033,0.34999802373821964,False,0.5,0.16666666666666666,0.16666666666666666,0.16666666666666666,0.03582152212342764,0.05100706048602424,False,0.16043643314634778,0.5635775051720388,False,0.18385423549635005,0.45835521840180943,False,0.17033502395711586,0.32705231089300607,False
soh50,45,53,0.09668518541661376,0.21643466234887768,0.12865218422964575,0.3000077555324906,False,0.5,0.16666666666666666,0.16666666666666666,0.16666666666666666,0.03275118779054977,0.049288475981651834,False,0.15920135014515346,0.4807258551665344,False,0.17427774184027375,0.353204508447128,False,0.14837845714260606,0.3168121825346482,False
soh50,45,54,0.10469387432855527,0.23086078705795338,0.13908664995345318,0.3152462234461487,False,0.5,0.16666666666666666,0.16666666666666666,0.16666666666666666,0.03590832307875946,0.062089914281562734,False,0.16296076952572436,0.434358379112111,False,0.17330082199717986,0.3912060545448926,False,0.18417668521214905,0.3733305458460286,False
soh50,45,55,0.09948127423117872,0.2170692751244896,0.1319016193441407,0.3056808970231034,False,0.5,0.16666666666666666,0.16666666666666666,0.16666666666666666,0.03464058400525479,0.03984603132726203,False,0.1591708438087863,0.49017839548632663,False,0.17309861266193627,0.37520981897683603,False,0.16069643690058547,0.3174893423019889,False
soh50,45,56,0.0955713090056288,0.22221848553073387,0.12730256219918665,0.30738683321553445,False,0.5,0.16666666666666666,0.16666666666666666,0.16666666666666666,0.0321088026185131,0.05188179016113281,False,0.1585026352911354,0.46356993012784353,False,0.16970390028609317,0.35519806118616865,False,0.14889491060100493,0.3588975513869927,False
soh50,45,57,0.1140571591495434,0.2093426913804993,0.14351048192509872,0.2914061616962402,False,0.5,0.16666666666666666,0.16666666666666666,0.16666666666666666,0.055150513598432746,0.045215750749017534,False,0.17286204004462838,0.5008132353810987,False,0.18214395784478174,0.31618308455314154,False,0.163885416212552,0.303412576101703,False
soh50,45,58,0.09355522188333337,0.23012227328404877,0.12557854372129035,0.31621752330007447,False,0.5,0.16666666666666666,0.16666666666666666,0.16666666666666666,0.029508578207419443,0.05793177325199738,False,0.15659652442757566,0.4661757027841975,False,0.17826243057617452,0.3989280792078247,False,0.13794664167399176,0.3418345379562784,False
soh50,45,59,0.11888411369065588,0.22881560869505385,0.15374112075835106,0.32098203384350954,False,0.5,0.16666666666666666,0.16666666666666666,0.16666666666666666,0.049170099555265565,0.04448275839814247,False,0.1714340119535365,0.5200738808650072,False,0.18978835240042227,0.3928920618614169,False,0.20457201912417988,0.3264794342494716,False
soh50,45,60,0.10180107026679536,0.20859173141170248,0.13284851736778897,0.28891520683608396,False,0.5,0.16666666666666666,0.16666666666666666,0.16666666666666666,0.03970617606480815,0.047944780562939604,False,0.16170820286459156,0.4476666665452136,False,0.17936479391026236,0.33897251341638607,False,0.15061489663149377,0.32107686681979647,False
soh50,45,61,0.13306958102371477,0.2404877932032159,0.1624442434194962,0.33362197321078474,False,0.5,0.16666666666666666,0.16666666666666666,0.16666666666666666,0.07432025623215192,0.054219433188078266,False,0.18275685223159044,0.5163060982465452,False,0.19606029950176493,0.40778966217521945,False,0.1966395657124775,0.35617269923329603,False
soh50,45,62,0.08755760986819437,0.22123235531109686,0.11815196484015153,0.31184522282359806,False,0.5,0.16666666666666666,0.16666666666666666,0.16666666666666666,0.026368899924280067,0.04000662028609446,False,0.1537790905744009,0.49988137575753755,False,0.16124671241219754,0.3925789415020478,False,0.1312131564497276,0.31491395374871245,False
soh50,45,63,0.09699082237344203,0.20386787880946786,0.12842170440359255,0.28222268749404594,False,0.5,0.16666666666666666,0.16666666666666666,0.16666666666666666,0.03412905831314103,0.047158261440311676,False,0.15922365345027945,0.44453949959938144,False,0.16879370110259875,0.3209809396898006,False,0.15154040474835093,0.31621204924669005,False
soh50,45,64,0.10429537430160946,0.253824754689126,0.13581422948945565,0.34817231191406744,False,0.5,0.16666666666666666,0.16666666666666666,0.16666666666666666,0.04125766392591711,0.06512964023924306,False,0.16164685008490814,0.5427778098164652,False,0.18024208965238278,0.4109478748895101,False,0.16011031429461456,0.3738339227110515,False
soh50,45,65,0.0960029926340028,0.2158670840482775,0.12781968611083344,0.30042803354975767,False,0.5,0.16666666666666666,0.16666666666666666,0.16666666666666666,0.032369605680341564,0.046745185045317224,False,0.15749189611834727,0.4944473902447611,False,0.17168291034169839,0.3355285271378384,False,0.14973433230294655,0.3249910317711139,False
soh50,45,66,0.09582489393136107,0.20707707024793562,0.12677768948199414,0.29651214808526466,False,0.5,0.16666666666666666,0.16666666666666666,0.16666666666666666,0.03391930283009494,0.02820691457327759,True,0.15728071787727838,0.5177038863862701,False,0.1743754368116249,0.3810908193030557,False,0.1415353004089783,0.25904697207845523,True
soh50,45,67,0.10051879904280622,0.2504295740264447,0.13130159365185703,0.3425101109174124,False,0.5,0.16666666666666666,0.16666666666666666,0.16666666666666666,0.03895320982470462,0.06626850024450942,False,0.16158499124162964,0.5058619396226965,False,0.1750757017766301,0.4408344239449132,False,0.14959247176446375,0.3570755798575304,False
soh50,45,68,0.09425863459006889,0.22240438879645885,0.12624467411968368,0.30875637460104893,False,0.5,0.16666666666666666,0.16666666666666666,0.16666666666666666,0.0302865555308393,0.049700417187278724,False,0.15496307150444713,0.4998875701246659,False,0.1764953713350095,0.3529169085428328,False,0.1432336981084388,0.33252060254941823,False
soh50,45,69,0.0871056600627995,0.2363908264754068,0.11814476574869634,0.33109512938680996,False,0.5,0.16666666666666666,0.16666666666666666,0.16666666666666666,0.025027448691005854,0.04698222065260043,False,0.15712718710082468,0.5365616198716278,False,0.1615439177643669,0.4187519139217382,False,0.1288805094385879,0.3220847631012736,False
soh50,45,70,0.08952896135135753,0.20887285873506575,0.12005774799912547,0.29108612955723423,False,0.5,0.16666666666666666,0.16666666666666666,0.16666666666666666,0.02847138805582168,0.044446317090728854,False,0.15135681535554957,0.4623070099108552,False,0.16741497564791943,0.34542070471744046,False,0.13298781293721118,0.31217048650991236,False
soh50,45,71,0.09925822996671023,0.20513962856445944,0.1312004199045267,0.29119153573574313,False,0.5,0.16666666666666666,0.16666666666666666,0.16666666666666666,0.0353738500910773,0.03303581422189211,False,0.16209513829874125,0.45507199445799545,False,0.17187806759121393,0.3463151245410993,False,0.15545462363707432,0.33034320972198555,False
soh50,45,72,0.09247507146249191,0.22686228048744575,0.12467099042135882,0.31418076343195406,False,0.5,0.16666666666666666,0.16666666666666666,0.16666666666666666,0.028083233544758102,0.05222531459842924,False,0.156095046145046,0.4914623017826818,False,0.1689603024687981,0.36970470752669526,False,0.1455453795268331,0.34333072982000984,False
soh50,45,73,0.10174600661590551,0.2086545394450792,0.13313972799187931,0.29153349803897366,False,0.5,0.16666666666666666,0.16666666666666666,0.16666666666666666,0.03895856386395787,0.04289662225729029,False,0.16606742711435543,0.4960045105101642,False,0.1757196066037451,0.33499285713364735,False,0.1518133143854589,0.2922400022547928,False
soh50,45,74,0.08608870143608818,0.21358802890911444,0.11648407645415315,0.2940600300618799,False,0.5,0.16666666666666666,0.16666666666666666,0.16666666666666666,0.025297951399958232,0.052644026603583485,False,0.1527086034161579,0.45485978295408075,False,0.16267748117795747,0.33410151428500506,False,0.125252269822539,0.3346347964048504,False
soh50,45,75,0.09353026942866328,0.22202929878580827,0.12446733438126162,0.30453603555155273,False,0.5,0.16666666666666666,0.16666666666666666,0.16666666666666666,0.03165613952346662,0.0570158252543193,False,0.15322830775789087,0.45208941190273455,False,0.17070823204656624,0.34895795091385295,False,0.14227665819712276,0.3600809541353042,False
soh50,45,76,0.0944088479739562,0.21265944173630985,0.12450279857064633,0.28765944292271056,False,0.5,0.16666666666666666,0.16666666666666666,0.16666666666666666,0.03422094678057597,0.06265943936350843,False,0.1569499008639443,0.43307440732374003,False,0.16671998648872563,0.32802276513209844,False,0.1401203601493394,0.3268811598714954,False
soh50,45,77,0.09190364090066631,0.20431511964157845,0.12339901490282038,0.2892373701266072,False,0.5,0.16666666666666666,0.16666666666666666,0.16666666666666666,0.028912892896358216,0.03447061867152096,False,0.15266925795252628,0.46085718250475444,False,0.1682786556743429,0.34066670290324685,False,0.1437352530880541,0.32095497642690657,False
soh50,45,78,0.0866546979752903,0.2116001593322236,0.1177177442272522,0.29535118940192345,False,0.5,0.16666666666666666,0.16666666666666666,0.16666666666666666,0.024528605471366455,0.04409809919282389,False,0.15012050945695335,0.45896798805945266,False,0.1697719901966639,0.3809485119315629,False,0.12644987178402514,0.29739015842385436,False
soh50,45,79,0.10643979819875911,0.24475302858701298,0.1397258029009896,0.3361421951595464,False,0.5,0.16666666666666666,0.16666666666666666,0.16666666666666666,0.039867788794298135,0.061974695441946163,False,0.15949915886951752,0.46473223849258116,False,0.18605124838391887,0.41723119292506156,False,0.17348501555622386,0.40063065377859686,False
soh50,45,80,0.09262899827915864,0.22218722684485423,0.12402413083386332,0.3055150274366589,False,0.5,0.16666666666666666,0.16666666666666666,0.16666666666666666,0.029838733169749304,0.05553162566124493,False,0.15419922698037072,0.4797319790382239,False,0.17540855805624603,0.3575199506811045,False,0.1366500051290872,0.32927655436606235,False
soh50,45,81,0.0941554555779957,0.2175265167126614,0.12515566681968093,0.29805862967698044,False,0.5,0.16666666666666666,0.16666666666666666,0.16666666666666666,0.03215503309462526,0.05646229078402332,False,0.1564761590382797,0.4477280070326577,False,0.17390338015615858,0.35125003428556156,False,0.1380880949896602,0.3367941866056792,False
soh50,45,82,0.0962226376144789,0.18994719518475944,0.12769172069704188,0.2725700491462776,True,0.5,0.16666666666666666,0.16666666666666666,0.16666666666666666,0.03328447144935295,0.024701487261723176,True,0.15596451564493777,0.4858109737183764,False,0.1690465788453762,0.32590176359575296,False,0.15247131684850057,0.2538659720092578,True
soh50,45,83,0.10953538495058418,0.23142966723988295,0.14205178636741572,0.3229675085414031,False,0.5,0.16666666666666666,0.16666666666666666,0.16666666666666666,0.04450258211692111,0.048353984636842665,False,0.16347753574101198,0.5283893742425324,False,0.2060424503836015,0.3747354672678544,False,0.15418457722812828,0.3403912080183829,False
soh50,45,84,0.09358382754872256,0.23595271056016792,0.1255181835321332,0.323875440186014,False,0.5,0.16666666666666666,0.16666666666666666,0.16666666666666666,0.029715115581901288,0.06010725130847574,False,0.1568426161620083,0.5079657281107052,False,0.17634333877604833,0.3788490339576302,False,0.13917166360857489,0.34857974736724495,False
soh50,45,85,0.09505990564995206,0.23226588362731632,0.127306526059785,0.3262329737903331,False,0.5,0.16666666666666666,0.16666666666666666,0.16666666666666666,0.030566664830286163,0.044331703301282804,False,0.1626170478198109,0.5525986151555442,False,0.1744909530283967,0.40132836791367493,False,0.1415514385606463,0.30667320879083054,False
soh50,45,86,0.09451382947131236,0.2353307700908798,0.12497612766925276,0.3190321564973484,False,0.5,0.16666666666666666,0.16666666666666666,0.16666666666666666,0.033589233075431574,0.06792799727794267,False,0.15461101973629862,0.47616445006744496,False,0.17453153098652577,0.36620032939472774,False,0.13717272687875504,0.36583584924927814,False
soh50,45,87,0.08743073989508826,0.21088982775273388,0.11727386790082647,0.288930947602654,False,0.5,0.16666666666666666,0.16666666666666666,0.16666666666666666,0.027744483883611844,0.054807588052893694,False,0.15173850236277323,0.43368089484028877,False,0.16867539362855707,0.34256670096732417,False,0.12093709172836377,0.3246686065501092,False
soh50,45,88,0.09728454188602863,0.23875302945516663,0.12926367025221105,0.3297611734120621,False,0.5,0.16666666666666666,0.16666666666666666,0.16666666666666666,0.033326285153663794,0.05673674154137557,False,0.1591501797886529,0.5819655369819936,False,0.17504075088324636,0.3567645615727291,False,0.14953746518328115,0.32357785355215035,False
soh50,45,89,0.08687485169489018,0.20150052469269156,0.1169422124182049,0.28086387121555323,False,0.5,0.16666666666666666,0.16666666666666666,0.16666666666666666,0.026740130248260753,0.042773831646968234,False,0.15053767279744823,0.4536170085049547,False,0.15972192689781312,0.327245097160057,False,0.1307691197292975,0.29981954755023305,False
soh50,45,90,0.08402007110951798,0.23652358933495637,0.11399215909052376,0.3260748602415036,False,0.5,0.16666666666666666,0.16666666666666666,0.16666666666666666,0.024075895147506413,0.05742104752186202,False,0.1467442877275686,0.5065104117189133,False,0.16013790860805982,0.39908790470404026,False,0.12501054487896024,0.3412800770211988,False
soh50,45,91,0.09932284090945218,0.22924494587639058,0.13167726185036105,0.3231116870072114,False,0.5,0.16666666666666666,0.16666666666666666,0.16666666666666666,0.034613999027634415,0.04151146361474904,False,0.15671224777915602,0.5380059818007746,False,0.17359809558026854,0.3808304897685754,False,0.16178470501438527,0.33209881284474635,False
soh50,45,92,0.08358271662310954,0.19744683307272126,0.11372953981629026,0.2787446203015857,False,0.5,0.16666666666666666,0.16666666666666666,0.16666666666666666,0.02328907023674809,0.03485125861499245,False,0.14483674656163278,0.4364415206310843,False,0.16512753583623557,0.3594068717885701,False,0.12166480663054463,0.2842788301716958,False
soh50,45,93,0.09000254656545556,0.24252950667022555,0.12052336389499746,0.3370807389065359,False,0.5,0.16666666666666666,0.16666666666666666,0.16666666666666666,0.02896091190637172,0.05342704219760491,False,0.16045531121824982,0.5768454495274133,False,0.1643214110026273,0.39009293731409417,False,0.12835582145274108,0.32795752658703103,False
soh50,45,94,0.0885791381756117,0.21878005587767543,0.11985196379679894,0.30103411956983817,False,0.5,0.16666666666666666,0.16666666666666666,0.16666666666666666,0.02603348693323717,0.054271928493349934,False,0.15182013903851954,0.4612430212972392,False,0.168795182233201,0.3664135706958176,False,0.1327590469822381,0.32220795779294603,False
soh50,45,95,0.09062722508697153,0.19851571722160738,0.12308268671366646,0.27585952013202253,False,0.5,0.16666666666666666,0.16666666666666666,0.16666666666666666,0.025716301833581697,0.04382811140077712,False,0.14989021287073345,0.4037017741052648,False,0.17702392888715246,0.3270885288771059,False,0.13970030326319824,0.32881966614494224,False
soh50,45,96,0.0860112445944675,0.19744661018395002,0.1165430040446312,0.2796649187831416,False,0.5,0.16666666666666666,0.16666666666666666,0.16666666666666666,0.024947725694140162,0.033009992985566936,False,0.14947248552126355,0.5081728998228063,False,0.16575816405690239,0.32271107223843654,False,0.12599364090621865,0.2547657100857565,False
soh50,45,97,0.08883316850149009,0.19160076796734174,0.11942733570645998,0.2689009103227864,False,0.5,0.16666666666666666,0.16666666666666666,0.16666666666666666,0.02764483409155031,0.037000483256452395,False,0.14945562118425917,0.4197965577877263,False,0.16572210272983992,0.3266707384255761,False,0.1348867848201905,0.29213586182139095,False
soh50,45,98,0.08500548442563793,0.22816953309522608,0.11530114280884496,0.30760496067570886,False,0.5,0.16666666666666666,0.16666666666666666,0.16666666666666666,0.0244141676592239,0.06929867793426053,False,0.1500421342879567,0.4477430528104905,False,0.16230588963991735,0.34609598966606114,False,0.12444237964828186,0.3672821222920233,False
soh50,45,99,0.09632074032307726,0.2226835956990232,0.12798182630152874,0.31041052453163975,False,0.5,0.16666666666666666,0.16666666666666666,0.16666666666666666,0.032998568366174326,0.04722973803379024,False,0.15666548203260108,0.5048464132643696,False,0.17569724640160078,0.3627491766763205,False,0.14656600840573872,0.3268167701520785,False
soh50,45,100,0.09834579210095963,0.22804417598810547,0.1322985418797406,0.3131150368574341,False,0.5,0.16666666666666666,0.16666666666666666,0.16666666666666666,0.03044029254339765,0.05790245424944829,False,0.1619697036133685,0.47474064307333563,False,0.17805645785246116,0.3629975164809364,False,0.15872771350973516,0.356819533626016,False
soh50,45,101,0.07924670209093478,0.2071481002988576,0.10845797096459112,0.28906939718880625,False,0.5,0.16666666666666666,0.16666666666666666,0.16666666666666666,0.020824164343622102,0.04330550651896036,False,0.14505965710474147,0.46151685829811817,False,0.1532769793069922,0.336642043152603,False,0.11467108310300868,0.3148131807855435,False
soh50,45,102,0.08651177092399198,0.21718027277226526,0.11900539623511738,0.3035640220275223,False,0.5,0.16666666666666666,0.16666666666666666,0.16666666666666666,0.021524520301741203,0.044412774261751206,False,0.14867495486297166,0.4563389334572047,False,0.17878359463917345,0.3822061589775103,False,0.1270385151365832,0.331298221413623,False
soh50,45,103,0.09982142278821413,0.21058016564071438,0.1309009409514766,0.29752227347064175,False,0.5,0.16666666666666666,0.16666666666666666,0.16666666666666666,0.03766238646168914,0.03669594998085967,False,0.1608592027230704,0.5008137507905167,False,0.17253798865821235,0.3424502201704917,False,0.1525441859629346,0.31012917294069897,False
soh50,45,104,0.09030365125257375,0.21059065981432323,0.12117977421400095,0.28897181093660446,False,0.5,0.16666666666666666,0.16666666666666666,0.16666666666666666,0.028551405329719393,0.05382835756976079,False,0.15812174733860462,0.4471158874774625,False,0.1641072798712163,0.3296353670472388,False,0.13393866431646348,0.32530763165195586,False
soh50,45,105,0.08057011243987858,0.21630872410313892,0.1106421095270023,0.30804270448767784,False,0.5,0.16666666666666666,0.16666666666666666,0.16666666666666666,0.020426118265631118,0.032840763334061086,False,0.14603229903901163,0.5494671917058248,False,0.1584630893126333,0.3622970558295901,False,0.11764693149073317,0.2875658070812354,False
soh50,45,106,0.09516017547941559,0.26206427226946283,0.12646941640123796,0.36116003660955415,False,0.5,0.16666666666666666,0.16666666666666666,0.16666666666666666,0.03254169363577084,0.06387274358928023,False,0.16198099614085223,0.6460409562134631,False,0.17365929488463872,0.38463627254298527,False,0.13769568094369009,0.350090174092488,False
soh50,45,107,0.0845693179449126,0.2084061930213,0.11415487892162132,0.28854432081200654,False,0.5,0.16666666666666666,0.16666666666666666,0.16666666666666666,0.025398195991495183,0.048129937439886826,False,0.147483272469686,0.43209176716168196,False,0.16758005512307475,0.34256860855959753,False,0.11615799210222932,0.33138697008686,False
soh50,45,108,0.08488081309505854,0.2374975255443032,0.11522545912286498,0.3252099344128601,False,0.5,0.16666666666666666,0.16666666666666666,0.16666666666666666,0.024191521039445683,0.06207270780718939,False,0.1461673618679103,0.529776971890187,False,0.1604839317005273,0.35720644211851865,False,0.13005902188357665,0.35178361583554546,False
soh50,45,109,0.08583466038956006,0.19908856490881943,0.11632368538846333,0.27535590895074435,False,0.5,0.16666666666666666,0.16666666666666666,0.16666666666666666,0.024856610391753513,0.046553876824969614,False,0.14880870261897058,0.40110970862629625,False,0.16486321810390203,0.32945041847762013,False,0.1267662104392272,0.3243096318740915,False
soh50,45,110,0.08435110073497913,0.2370471612594532,0.11471982091809312,0.33010838675086784,False,0.5,0.16666666666666666,0.16666666666666666,0.16666666666666666,0.02361366036875117,0.05092471027662387,False,0.1466425952566825,0.5382306483626383,False,0.1646650337982096,0.41564874633052257,False,0.12395799424872918,0.31562944203368676,False
soh50,45,111,0.08994162132339306,0.20308390976268087,0.12085855527607443,0.28064515348211105,False,0.5,0.16666666666666666,0.16666666666666666,0.16666666666666666,0.028107753418030325,0.04796142232382045,False,0.1509360700915128,0.4270961788287846,False,0.16535659211454695,0.3203388832288304,False,0.13903380548020766,0.3271841295470089,False
soh50,45,112,0.08766326186285943,0.21355028548626204,0.11747815586719015,0.3040374949258828,False,0.5,0.16666666666666666,0.16666666666666666,0.16666666666666666,0.02803347385419795,0.03257586660702063,False,0.1495818121584933,0.5182019983685194,False,0.1620281529146387,0.37856354645117407,False,0.1302691845414307,0.28680856827681694,False
soh50,45,113,0.10558419114596931,0.1977524236417806,0.13539516492227394,0.27648829874314645,False,0.5,0.16666666666666666,0.16666666666666666,0.16666666666666666,0.04596224359336006,0.040280673439048925,False,0.1610598074655345,0.4690113790867838,False,0.1820606045293335,0.31305139707400315,False,0.1524980041008677,0.28360974537274997,False
soh50,45,114,0.09542932808774586,0.22795413726173935,0.1276944118620993,0.31351776752779065,False,0.5,0.16666666666666666,0.16666666666666666,0.16666666666666666,0.030899160539039027,0.05682687672963675,False,0.15715194652748413,0.491932247528072,False,0.17619369918568725,0.3643346721669661,False,0.14653284119618673,0.3409772736864878,False
soh50,45,115,0.09492479612812375,0.2303116210122345,0.1257837503717267,0.31076529760205585,False,0.5,0.16666666666666666,0.16666666666666666,0.16666666666666666,0.03320688764091787,0.06940426783259182,False,0.15274650233103268,0.454045310779414,False,0.16967622028530951,0.3662755680169245,False,0.14750539122964676,0.3533360437792931,False
soh50,45,116,0.09204606482753656,0.23568033433785146,0.12404740964412975,0.32681843890572804,False,0.5,0.16666666666666666,0.16666666666666666,0.16666666666666666,0.02804337519435018,0.05340412520209828,False,0.1543933643809718,0.5242956453861157,False,0.1746692120434574,0.4165391785236942,False,0.13908368695773965,0.313034806511004,False
soh50,45,117,0.09118020317521715,0.23064006062992295,0.12163268555954188,0.3162159801459767,False,0.5,0.16666666666666666,0.16666666666666666,0.16666666666666666,0.030275238406567657,0.05948822159781557,False,0.1519049830193361,0.4648864473523971,False,0.17280835430526165,0.3885934764766585,False,0.13154216650700215,0.35189577515703546,False
soh50,45,118,0.08711939371872089,0.236939244004048,0.11708634213816105,0.3245187066296337,False,0.5,0.16666666666666666,0.16666666666666666,0.16666666666666666,0.02718549687984055,0.06178031875287658,False,0.1470548872350512,0.5114464487228775,False,0.16840692369148538,0.38222260216171833,False,0.12569806074626713,0.34262545688106255,False
soh50,45,119,0.11431308272526891,0.20099759538173523,0.14392283191569677,0.28211503704937335,False,0.5,0.16666666666666666,0.16666666666666666,0.16666666666666666,0.05509358434441317,0.038762712046459,False,0.16791787257378651,0.45434223930682816,False,0.1947806462618178,0.3316896349740404,False,0.15789922448276963,0.30366556187016575,False
soh50,45,120,0.0878194416131362,0.2321300403708035,0.11837186166733474,0.326890189535845,False,0.5,0.16666666666666666,0.16666666666666666,0.16666666666666666,0.026714601504739196,0.04260974204072059,False,0.1498645434477536,0.5936209534370093,False,0.16790536763489194,0.3741824931515227,False,0.12900293408195415,0.29714756951412746,False
soh50,45,121,0.09260339375931265,0.20269805399265778,0.12284283561519627,0.2863414258189955,False,0.5,0.16666666666666666,0.16666666666666666,0.16666666666666666,0.032124510047545435,0.03541131033998242,False,0.1524996200682407,0.4710643522809872,False,0.1616743670880797,0.33801140456787837,False,0.14507284525691924,0.300878636087134,False
soh50,45,122,0.08203749752513373,0.227807446207525,0.11249025909332555,0.3177414585377158,False,0.5,0.16666666666666666,0.16666666666666666,0.16666666666666666,0.02113197438875007,0.04793942154714348,False,0.14640284409426976,0.5219898373990581,False,0.16176019857796253,0.3713161306794886,False,0.12066601931231986,0.32972044452517285,False
soh50,45,123,0.08835621667893499,0.2282113292779285,0.11837501947782872,0.31648616610591956,False,0.5,0.16666666666666666,0.16666666666666666,0.16666666666666666,0.02831861108114754,0.0516616556219464,False,0.14850670869334157,0.5176357297193794,False,0.17579166055724896,0.39403479175520717,False,0.12088309757957681,0.30261248732714524,False
soh50,45,124,0.08738920706561137,0.22183429944070038,0.11844279391565368,0.30679131060387005,False,0.5,0.16666666666666666,0.16666666666666666,0.16666666666666666,0.02528203336552676,0.05192027711436108,False,0.14713674472892138,0.4787630133057343,False,0.16668765810631367,0.3502380737268647,False,0.13466473946185292,0.34624387826852016,False
soh50,45,125,0.08338733697851847,0.2228005613924023,0.11348837644437648,0.30833817999508656,False,0.5,0.16666666666666666,0.16666666666666666,0.16666666666666666,0.023185258046802448,0.05172532418703384,False,0.14789971985884517,0.47974675536656175,False,0.1572204640656332,0.3638200431563468,False,0.12564806380622515,0.3380605972704039,False
soh50,45,126,0.08204450988020262,0.21280922047720008,0.11060600772424405,0.2929304426644185,False,0.5,0.16666666666666666,0.16666666666666666,0.16666666666666666,0.02492151419211979,0.05256677610276329,False,0.14591818595949987,0.44092103482886164,False,0.15775544476307954,0.3587927143264061,False,0.11382888598227696,0.31944124539964297,False
soh50,45,127,0.08068397592261266,0.2162193582134381,0.11030922216474624,0.30392455586451844,False,0.5,0.16666666666666666,0.16666666666666666,0.16666666666666666,0.021433483438345478,0.04080896291127738,False,0.1430082083229722,0.5152801941634747,False,0.16239795715150782,0.3675446045575003,False,0.11439723974615951,0.2920644618258215,False
soh50,45,128,0.0910037455140671,0.1844002903946131,0.12216626143673238,0.2615076261971524,True,0.5,0.16666666666666666,0.16666666666666666,0.16666666666666666,0.02867871366873655,0.030185618789534553,False,0.15102886867700294,0.4518932958959385,False,0.1663391284264525,0.309420989139575,False,0.14261833497473758,0.2545306009635615,False
soh50,45,129,0.10753571727108208,0.22191242424695046,0.13998297437965268,0.3095101573632925,False,0.5,0.16666666666666666,0.16666666666666666,0.16666666666666666,0.042641203053940854,0.04671695801426637,False,0.16705289481800759,0.4880760325129609,False,0.18074632628505438,0.37984298407169376,False,0.16949147336160794,0.323404654854249,False
soh50,45,130,0.09202781350007565,0.22497688972149654,0.12107729783028351,0.31979722133473937,False,0.5,0.16666666666666666,0.16666666666666666,0.16666666666666666,0.033928844839659945,0.035336226495010975,False,0.15373542688760486,0.5472490768429522,False,0.16388559407238998,0.3969700547429758,False,0.13275932552147926,0.29963352725801834,False
soh50,45,131,0.0794101063918495,0.20269262701570057,0.10904054217655702,0.28473231683995565,False,0.5,0.16666666666666666,0.16666666666666666,0.16666666666666666,0.020149234822434504,0.03861324736719045,False,0.14262748334806852,0.4498904665048915,False,0.15738487075994695,0.33877883776126105,False,0.11600057977577811,0.31164671572647956,False
soh50,45,132,0.08637538563281799,0.22403720903235788,0.11706503879608313,0.3054893560133319,False,0.5,0.16666666666666666,0.16666666666666666,0.16666666666666666,0.02499607930628776,0.06113291507040986,False,0.1469645065698555,0.4219262956533599,False,0.1665883587876127,0.3755381277524279,False,0.12971121052057652,0.36336008557713,False
soh50,45,133,0.09117547962631245,0.22175655375221226,0.12280230852291027,0.31272256612997945,False,0.5,0.16666666666666666,0.16666666666666666,0.16666666666666666,0.027921821833116825,0.03982452899667792,False,0.15280500137030806,0.5424975504851801,False,0.17947096425038037,0.376759120359518,False,0.13101144663783584,0.2918090646785419,False
soh50,45,134,0.07995779625800942,0.1938946282898815,0.10963261354014531,0.2729365861342608,False,0.5,0.16666666666666666,0.16666666666666666,0.16666666666666666,0.020608161693737675,0.035810712601122896,False,0.14150792680133487,0.44354219303241105,False,0.1570644837521575,0.3172763548385822,False,0.11934988191335116,0.29511708406492704,False
soh50,45,135,0.08085866099518486,0.2340012450069498,0.10985784688105886,0.32079746911607343,False,0.5,0.16666666666666666,0.16666666666666666,0.16666666666666666,0.022860289223436893,0.060408796788702555,False,0.1430978525736765,0.5079776171944771,False,0.15904509296039374,0.36799401421150096,False,0.11442815276672828,0.3468094482696132,False
soh50,45,136,0.0850501563554961,0.24764287787826939,0.11457664934699545,0.3457009578628275,False,0.5,0.16666666666666666,0.16666666666666666,0.16666666666666666,0.025997170372497432,0.051526717909153134,False,0.15024166507190698,0.6140855785051187,False,0.15966784659624375,0.3848968340008027,False,0.12239991534733363,0.33229470103623554,False
soh50,45,137,0.08364302886629972,0.24658867469376408,0.11290109032164847,0.34409332476007765,False,0.5,0.16666666666666666,0.16666666666666666,0.16666666666666666,0.025126905955602245,0.05157937456113694,False,0.14568422706237258,0.6105990158714246,False,0.15756772885540873,0.37064571698994,False,0.12322549941321032,0.3435491916178091,False
soh50,45,138,0.08237403185678005,0.24225240029274722,0.11239873044944945,0.3403216035260061,False,0.5,0.16666666666666666,0.16666666666666666,0.16666666666666666,0.022324634671441225,0.0461139938262294,False,0.14363710596431703,0.5863072928564791,False,0.16376477097633466,0.3953627233813177,False,0.11986841018570492,0.3335024040399983,False
soh50,45,139,0.09073192782454884,0.1991910728090676,0.11956081737974356,0.27517188857805763,False,0.5,0.16666666666666666,0.16666666666666666,0.16666666666666666,0.03307414871415944,0.04722944127108755,False,0.15341077416109308,0.4155545570404163,False,0.16690603874920681,0.32436091862580524,False,0.12485230789451485,0.31354263737492144,False
soh50,45,140,0.08050632608583344,0.21683102506284352,0.11085794746916802,0.30425221721750323,False,0.5,0.16666666666666666,0.16666666666666666,0.16666666666666666,0.019803083319164284,0.04198864075352418,False,0.1420432366662555,0.4830497734134347,False,0.15928019136027924,0.36008844169873927,False,0.12230527853097306,0.33188201300431475,False
soh50,45,141,0.0852439986973434,0.2511787396701179,0.11511805692446458,0.3489175838882977,False,0.5,0.16666666666666666,0.16666666666666666,0.16666666666666666,0.02549588224310105,0.05570105123375838,False,0.14915741275672975,0.5953066562525399,False,0.15773132812260232,0.39965337604680956,False,0.1280876045754252,0.34500925202008287,False
soh50,45,142,0.08213786720372616,0.2179495479506668,0.11312196990180763,0.30166476808008463,False,0.5,0.16666666666666666,0.16666666666666666,0.16666666666666666,0.020169661807563233,0.0505191076918311,False,0.14931954581367723,0.4706218527305832,False,0.16204291009675853,0.3572607916425543,False,0.12095576188923152,0.32825732025536986,False
soh50,45,143,0.11163294582432846,0.24928170531547061,0.1457186232662703,0.3337975783489907,False,0.5,0.16666666666666666,0.16666666666666666,0.16666666666666666,0.04346159094044478,0.08024995924843042,False,0.16314439347427667,0.45711310928585,False,0.1902041019793462,0.38281093075245126,False,0.18606440667101357,0.4150163141092311,False
soh50,45,144,0.09154135737616692,0.25017456795348836,0.12096828163061599,0.34517958435339835,False,0.5,0.16666666666666666,0.16666666666666666,0.16666666666666666,0.03268750886726882,0.06016453515366845,False,0.15140037062194825,0.5480037674546342,False,0.16683709254165957,0.41737670106894575,False,0.13294815449158728,0.355173333736345,False
soh50,45,145,0.07995972608321719,0.23743611851744098,0.10883424926782823,0.32632717222269986,False,0.5,0.16666666666666666,0.16666666666666666,0.16666666666666666,0.022210679713995127,0.05965401110692327,False,0.13953279743650193,0.531838865876466,False,0.15728159531865393,0.3641218096236339,False,0.1163119246021619,0.3496940022837763,False
soh50,45,146,0.08636463321172777,0.2355535363005148,0.11636468899029373,0.32739091623324956,False,0.5,0.16666666666666666,0.16666666666666666,0.16666666666666666,0.026364521654595883,0.05187877643504532,False,0.14750760177207756,0.5100262193798402,False,0.16368656013644653,0.40451183937990104,False,0.12790007239805493,0.34314682973821165,False
soh50,45,147,0.08432096777453968,0.22885834743475186,0.11376570091806082,0.3191108227152179,False,0.5,0.16666666666666666,0.16666666666666666,0.16666666666666666,0.025431501487497375,0.048353396873819864,False,0.1452755731869782,0.518408995825288,False,0.1584652145479666,0.388411090575762,False,0.12589051444980112,0.3212698075860017,False
soh50,45,148,0.09757494266110711,0.19290478262630315,0.1294305061961994,0.27452481127178324,False,0.5,0.16666666666666666,0.16666666666666666,0.16666666666666666,0.03386381559092255,0.029664725335343006,False,0.15638736613382867,0.42068126060405286,False,0.17205613108189446,0.3637993539523366,False,0.15541471197815185,0.28395390519540054,False
soh50,45,149,0.07743124856658838,0.2382870195170424,0.10685073618444044,0.33216695328660967,False,0.5,0.16666666666666666,0.16666666666666666,0.16666666666666666,0.018592273330884278,0.05052715197790786,False,0.14239454263618523,0.5754924865490634,False,0.15442791531702552,0.37136438811697964,False,0.11198821345366673,0.33128378650248785,False
soh50,45,150,0.09996565083905462,0.23241903211857504,0.13323548920551065,0.3252290338038067,False,0.5,0.16666666666666666,0.16666666666666666,0.16666666666666666,0.03342597410614257,0.04679902874811178,False,0.16234233478212534,0.5056927518962995,False,0.17734394504759618,0.3844888368774095,False,0.1598297028861785,0.363935517693406,False
soh50,45,151,0.09112866665701311,0.2354386239650522,0.11931034086607116,0.3288680009306581,False,0.5,0.16666666666666666,0.16666666666666666,0.16666666666666666,0.03476531823889703,0.0485798700338404,False,0.1518981745585504,0.5582221665589749,False,0.16583432953280233,0.38069391639221467,False,0.12474354113403491,0.32797605073760233,False
soh50,45,152,0.0775712759582955,0.20805687153905258,0.10639947083287887,0.2933928931026186,False,0.5,0.16666666666666666,0.16666666666666666,0.16666666666666666,0.019914886209128752,0.037384828411920555,False,0.1407839422281589,0.4738570330789662,False,0.15290000701683237,0.3636519897862105,False,0.11199904787739545,0.2986777211333772,False
soh50,45,153,0.08326135084584511,0.24175494106383488,0.1135924536286157,0.33714434182519293,False,0.5,0.16666666666666666,0.16666666666666666,0.16666666666666666,0.02259914528030398,0.05097613954111889,False,0.14291430992797008,0.5277125101231146,False,0.16957210108398793,0.4044398020965043,False,0.11928425822220079,0.36544891554003384,False
soh50,45,154,0.10622013297003347,0.24728044127760182,0.13713038770209268,0.3341793706282401,False,0.5,0.16666666666666666,0.16666666666666666,0.16666666666666666,0.04439962350591503,0.0734825825763253,False,0.16250332406880483,0.5018326987080288,False,0.18109881273154546,0.38775910255292567,False,0.16051979050210544,0.37364309867568063,False
soh50,45,155,0.08810624722254456,0.21452849404679664,0.11811055501794876,0.3023281416682657,False,0.5,0.16666666666666666,0.16666666666666666,0.16666666666666666,0.02809763163173618,0.03892919880385846,False,0.14785244001904316,0.485631807175621,False,0.16428679626840417,0.3914879403490071,False,0.13220535215261156,0.2932636203445764,False
soh50,45,156,0.0794209189536133,0.2269101628586327,0.10840073709249404,0.32279751606671264,False,0.5,0.16666666666666666,0.16666666666666666,0.16666666666666666,0.02146128267585186,0.0351354564424728,False,0.14235663253166905,0.5690411921761824,False,0.15611020314885068,0.38629260734588905,False,0.11367483001360457,0.30072080830230624,False
soh50,45,157,0.09040861810616838,0.21315675767437212,0.1226426096923208,0.29414136735739854,False,0.5,0.16666666666666666,0.16666666666666666,0.16666666666666666,0.025940634933863553,0.05118753830831937,False,0.1532833648232261,0.4708976822113637,False,0.17905454740009888,0.32861459503030477,False,0.13229189161209462,0.32586565387960625,False
soh50,45,158,0.09083079838105655,0.2408400650936569,0.12158292593673661,0.3324695718410539,False,0.5,0.16666666666666666,0.16666666666666666,0.16666666666666666,0.029326543269696456,0.05758105159886294,False,0.15893870434366458,0.5860702808249398,False,0.16791864879070573,0.352210339183695,False,0.13014780734287967,0.33401661575671787,False
soh50,45,159,0.09095696581015025,0.22097531893473032,0.12057211389215416,0.3063396213495662,False,0.5,0.16666666666666666,0.16666666666666666,0.16666666666666666,0.03172666964614245,0.050246714105058654,False,0.15070370106540076,0.46933795749232865,False,0.16114704029195667,0.3646228146044265,False,0.1387110445651167,0.3411509991964509,False
soh50,45,160,0.08341365778278255,0.2715631247366851,0.11433568914615415,0.3832855095795735,False,0.5,0.16666666666666666,0.16666666666666666,0.16666666666666666,0.021569595056039347,0.04811835505090811,False,0.14778927105212655,0.6586702426978991,False,0.16949571452062454,0.4738595503107576,False,0.11848817595582617,0.3524938902587294,False
soh50,45,161,0.0803472814650276,0.2346264541899451,0.10886477534027389,0.3224155638468232,False,0.5,0.16666666666666666,0.16666666666666666,0.16666666666666666,0.02331229371453503,0.05904823487618899,False,0.14329125875303494,0.501497584690115,False,0.1555232861548225,0.38004305220341167,False,0.11333226273870312,0.34907338361757695,False
soh50,45,162,0.09811303009620229,0.21462008824967715,0.12747022538527356,0.29387105172623756,False,0.5,0.16666666666666666,0.16666666666666666,0.16666666666666666,0.039398639518059775,0.05611816129655636,False,0.16267824035301534,0.43292171448283073,False,0.17616042981493998,0.34374121057235335,False,0.13164359185507912,0.3427031205532099,False
soh50,45,163,0.08580525824728902,0.21861586396517957,0.11497773648806588,0.3082366374841847,False,0.5,0.16666666666666666,0.16666666666666666,0.16666666666666666,0.02746030176573533,0.03937431692716938,False,0.15015275087740076,0.5364964550887498,False,0.15949006745747865,0.35613484299736875,False,0.12280782585164877,0.3009409349234508,False
soh50,45,164,0.08386311616457615,0.2369087860316073,0.11316079842398719,0.3302229065208285,False,0.5,0.16666666666666666,0.16666666666666666,0.16666666666666666,0.025267751645754073,0.05028054505316513,False,0.14390441705564486,0.5336834730079049,False,0.15841860110336106,0.3959194556989352,False,0.12505242389118876,0.34100815232330856,False
soh50,45,165,0.0794407438599465,0.22706917100602184,0.10870421094211707,0.31328567792341094,False,0.5,0.16666666666666666,0.16666666666666666,0.16666666666666666,0.02091380969560531,0.05463615717124363,False,0.14194371764484337,0.4871014859997704,False,0.15261221276108441,0.3635622354830275,False,0.11934710366693525,0.3478428330396022,False
soh50,45,166,0.08462082625862352,0.24466415538536368,0.11387711276247116,0.33869317603267074,False,0.5,0.16666666666666666,0.16666666666666666,0.16666666666666666,0.026108253250928234,0.056606114090749504,False,0.14590758810812063,0.5658490709395764,False,0.161757251313941,0.3694180354015882,False,0.1217353583768948,0.36289948369876895,False
soh50,45,167,0.08193757849949083,0.21385869006458966,0.11085532157293697,0.30177711383758354,False,0.5,0.16666666666666666,0.16666666666666666,0.16666666666666666,0.02410209235259859,0.03802184251860189,False,0.14427116213262514,0.4997641894987841,False,0.15597754574213762,0.3544832106585703,False,0.11907048606438651,0.314839212674378,False
soh50,45,168,0.0929040104564025,0.2592007353714949,0.12424611547372993,0.3577490236115965,False,0.5,0.16666666666666666,0.16666666666666666,0.16666666666666666,0.03021980042174765,0.062104158891291776,False,0.1563997579343402,0.5814062451514602,False,0.16942721280007947,0.4177663822224346,False,0.1409376907387524,0.3697193081811993,False
soh50,45,169,0.08003141556281611,0.21511023395875634,0.10905280627467233,0.29787762673996315,False,0.5,0.16666666666666666,0.16666666666666666,0.16666666666666666,0.021988634139103697,0.04957544839634276,False,0.14043628075246992,0.43368452663746054,False,0.15589419118158165,0.3782540538225001,False,0.11789211902553402,0.3299964781035492,False
soh50,45,170,0.08201900787927334,0.23872727421021833,0.11159584071885849,0.3279954219516716,False,0.5,0.16666666666666666,0.16666666666666666,0.16666666666666666,0.022865342200103063,0.060190978727311883,False,0.14201511561862476,0.5080841732828262,False,0.15787681037405063,0.38314997987262106,False,0.1236260946826555,0.36055655592392727,False
soh50,45,171,0.09032846337474232,0.25391404503096704,0.12048942215192121,0.360607410077407,False,0.5,0.16666666666666666,0.16666666666666666,0.16666666666666666,0.030006545820384575,0.04052731493808712,False,0.14967052225913702,0.6482125761425159,False,0.16793930131218318,0.43381785651227506,False,0.13434131921598005,0.3198718927167498,False
soh50,45,172,0.08598955325719852,0.24136385491749338,0.1169799759071854,0.333440044661271,False,0.5,0.16666666666666666,0.16666666666666666,0.16666666666666666,0.024008707957224804,0.05721147542993828,False,0.1433175725977145,0.5830753838689803,False,0.17499891806154136,0.34573249561020547,False,0.12559470501226092,0.34774082373595977,False
soh50,45,173,0.08147302195274007,0.21115086160903426,0.11067244362321631,0.2897117876668233,False,0.5,0.16666666666666666,0.16666666666666666,0.16666666666666666,0.023074178611787646,0.05402900949345615,False,0.1422041972275654,0.4430975681960714,False,0.15966992342138522,0.3259642350612178,False,0.11774147523212695,0.3357563379165481,False
soh50,45,174,0.07916680609578562,0.22616681883770992,0.10955220397703448,0.3193915020547439,False,0.5,0.16666666666666666,0.16666666666666666,0.16666666666666666,0.018396010333287926,0.0397174524036419,False,0.14004732240843862,0.5640484483099933,False,0.16235769050641732,0.35292703251725,False,0.11740779265999407,0.32087307498809053,False
soh50,45,175,0.09186963627845346,0.2363415931813569,0.12431471713461897,0.33083775044186575,False,0.5,0.16666666666666666,0.16666666666666666,0.16666666666666666,0.026979474566122454,0.047349278660339174,False,0.1529320699334472,0.5100522446980139,False,0.18012627494843614,0.4205313460993743,False,0.1372210490904701,0.34541813230973556,False
soh50,45,176,0.08170440340586368,0.20825310868097213,0.11089933201818337,0.2906398243146955,False,0.5,0.16666666666666666,0.16666666666666666,0.16666666666666666,0.023314546181224326,0.04347967741352554,False,0.1439175262345006,0.4460905456687582,False,0.16546763048455773,0.362483250972133,False,0.11089762517245083,0.3105058232043651,False
soh50,45,177,0.08026969775625128,0.24997762983583244,0.11008230336322337,0.3573416098805838,False,0.5,0.16666666666666666,0.16666666666666666,0.16666666666666666,0.020644486542307095,0.03524966974632978,False,0.14235481290614296,0.623934883136966,False,0.15906409211746952,0.46308863955367824,False,0.11826582188697392,0.30709324708536107,False
soh50,45,178,0.0885610096104034,0.22569297149344747,0.1171525407764254,0.31580142837100333,False,0.5,0.16666666666666666,0.16666666666666666,0.16666666666666666,0.03137794727835943,0.04547605773833583,False,0.1468140694721322,0.5242825726278694,False,0.1633239337670854,0.36995565146261783,False,0.12709421258812456,0.3234914316551903,False
soh50,45,179,0.07932408980414761,0.20230122237057654,0.1084328968271019,0.2846360510607292,False,0.5,0.16666666666666666,0.16666666666666666,0.16666666666666666,0.021106475758239016,0.03763156499027125,False,0.1406916494504746,0.45374038585788773,False,0.15391301169178817,0.3464595908968336,False,0.11802045040790583,0.30071266249792417,False
soh50,45,180,0.08381939843430895,0.2596055462068446,0.11318993994843805,0.35768680659356444,False,0.5,0.16666666666666666,0.16666666666666666,0.16666666666666666,0.02507831540605081,0.06344302543340492,False,0.14568318536629077,0.5848828645453037,False,0.15823710194326293,0.42535646430687785,False,0.12376115707814765,0.3570648720886714,False
soh50,45,181,0.08286245319230884,0.2854849749987219,0.1118096303969349,0.40152774518674234,False,0.5,0.16666666666666666,0.16666666666666666,0.16666666666666666,0.024968098783056707,0.053399434622681034,False,0.1448194349781077,0.7123862097564496,False,0.16571209607388143,0.4581126887303309,False,0.11173889175269376,0.3822126476375078,False
soh50,45,182,0.0781728827353421,0.21853236836701231,0.10822039488947682,0.3101925909208872,False,0.5,0.16666666666666666,0.16666666666666666,0.16666666666666666,0.018077858427072678,0.03521192325926259,False,0.14488264033461512,0.5675936932929541,False,0.1630538508335185,0.3524773539537421,False,0.106867229962701,0.28548739317759003,False
soh50,45,183,0.07388817342351243,0.2527419623547751,0.10253257711553908,0.35495748091564266,False,0.5,0.16666666666666666,0.16666666666666666,0.16666666666666666,0.016599366039459166,0.048310925233039974,False,0.1396006517207468,0.6168862936993831,False,0.14981010898941485,0.40924018559237973,False,0.10412018171253552,0.345392519137768,False
soh50,45,184,0.08651236248297713,0.2002263697835357,0.1156770194140719,0.28014943529210534,False,0.5,0.16666666666666666,0.16666666666666666,0.16666666666666666,0.028183048620787604,0.040380238766396515,False,0.1482103894726781,0.4477078157677907,False,0.15693979604957967,0.32862768087308264,False,0.1293748435132422,0.3038820057611515,False
soh50,45,185,0.08202590832126808,0.2542802679033194,0.11134399424292708,0.34840133311685423,False,0.5,0.16666666666666666,0.16666666666666666,0.16666666666666666,0.023389736477950056,0.06603813747624976,False,0.1425405065688125,0.4902906840088979,False,0.16349022490690254,0.43082912451295013,False,0.11595550901804323,0.4064473864693192,False
soh50,45,186,0.07409735980670223,0.22404357799631952,0.10261470749572815,0.3179335663458102,False,0.5,0.16666666666666666,0.16666666666666666,0.16666666666666666,0.01706266442865044,0.0362636012973382,False,0.13572860814184312,0.5514704207844283,False,0.1540918097891899,0.38806691317261116,False,0.10357574762322912,0.29593333012886314,False
soh50,45,187,0.09366921322753194,0.23892387291598782,0.12551256528003835,0.33222411131785007,False,0.5,0.16666666666666666,0.16666666666666666,0.16666666666666666,0.029982509122519124,0.05232339611226338,False,0.15506420834774712,0.5204714709241756,False,0.1742934728154948,0.3926046531611595,False,0.1427100708343924,0.3634969250738019,False
soh50,45,188,0.07557230392236647,0.25684925313687623,0.10422937050245819,0.36138503532762956,False,0.5,0.16666666666666666,0.16666666666666666,0.16666666666666666,0.018258170762183015,0.04777768875536962,False,0.14008388942294975,0.6314497033435521,False,0.1518864017790065,0.4151894765915481,False,0.10668902004569351,0.35112327262004833,False
soh50,45,189,0.0771812268930246,0.26120924554026365,0.10701044091863567,0.3673515573810827,False,0.5,0.16666666666666666,0.16666666666666666,0.16666666666666666,0.01752279884180252,0.048924621858625617,False,0.1391364194712599,0.5662349880190901,False,0.16016725700926546,0.4949775871152089,False,0.11121528835221477,0.35926903253140624,False
soh50,45,190,0.0911802151711037,0.24274851628317207,0.12182721803833797,0.342441923787835,False,0.5,0.16666666666666666,0.16666666666666666,0.16666666666666666,0.02988620943663515,0.04336170127384612,False,0.15348964348764713,0.5967326126678282,False,0.1770547846222581,0.38699372351317574,False,0.12687823460681152,0.3426796576964901,False
soh50,45,191,0.08295610645822343,0.2318225629661701,0.11178546817045293,0.3278974935789786,False,0.5,0.16666666666666666,0.16666666666666666,0.16666666666666666,0.02529738303376446,0.03967270174055301,False,0.14448030523318198,0.5837941621711004,False,0.16179303745870435,0.3704510003083697,False,0.11557114695616089,0.3176721100958915,False
soh50,45,192,0.08300413368032786,0.26149814486370465,0.11352965321608403,0.36632641564303475,False,0.5,0.16666666666666666,0.16666666666666666,0.16666666666666666,0.021953094608815497,0.05184160330504449,False,0.146069078587552,0.6083368362513016,False,0.16257568169630263,0.4482431026013544,False,0.12352075797166602,0.35688412041443845,False
soh50,45,193,0.0800109424976441,0.27886958793145405,0.10953164763747042,0.3877499533356045,False,0.5,0.16666666666666666,0.16666666666666666,0.16666666666666666,0.0209695322179915,0.06110885712315309,False,0.14371496417734805,0.6943289386759289,False,0.1581137028358995,0.4279145268913318,False,0.11532839131864259,0.3676474906520044,False
soh50,45,194,0.08090009985144173,0.21836738364254885,0.11038672315367411,0.29895878714978763,False,0.5,0.16666666666666666,0.16666666666666666,0.16666666666666666,0.021926853246976977,0.057184576628071304,False,0.14778715848139587,0.4144650975783972,False,0.155690883533506,0.3630558428374624,False,0.11614199735281756,0.36112963155521954,False
soh50,45,195,0.07411742073181127,0.2434921404892931,0.10330002105963544,0.3447267059873038,False,0.5,0.16666666666666666,0.16666666666666666,0.16666666666666666,0.015752220076162938,0.04102300949327175,False,0.13908698977698386,0.5298180040421043,False,0.15245302219115434,0.4644214517808689,False,0.10590785219424063,0.3436443586329702,False
soh50,45,196,0.0823185664082336,0.21825400770846023,0.11214442031020294,0.3082733024444437,False,0.5,0.16666666666666666,0.16666666666666666,0.16666666666666666,0.0226668586042949,0.03821541823649335,False,0.1428395177865234,0.502161507813694,False,0.15877833794447563,0.364945929229175,False,0.12429296690551785,0.3277703544984124,False
soh50,45,197,0.07712233903777632,0.20594183905317245,0.10611784787199083,0.2897629293260693,False,0.5,0.16666666666666666,0.16666666666666666,0.16666666666666666,0.019131321369347296,0.0382996585073788,False,0.13882224831497267,0.43545478112113,False,0.15559313826970633,0.3614185088278105,False,0.11092468353393703,0.3238787688479579,False
soh50,45,198,0.07842960648745918,0.270258380072071,0.10804602013701844,0.3792057065941485,False,0.5,0.16666666666666666,0.16666666666666666,0.16666666666666666,0.019196779188340687,0.05236372702791611,False,0.13890343585043421,0.6350210576220593,False,0.16567865032786652,0.4762612715500007,False,0.10840521518143231,0.35317677017661775,False
soh50,45,199,0.0838432141232896,0.22965788115542357,0.11300692726610578,0.3193990070563377,False,0.5,0.16666666666666666,0.16666666666666666,0.16666666666666666,0.025515787837657213,0.050175629353595284,False,0.1449773404336173,0.520759938947755,False,0.16107921641353973,0.3727472735841475,False,0.12045536437960891,0.3339131863398532,False
soh50,45,200,0.07592369101997057,0.2551306520118041,0.10533995839725666,0.3576722554411154,False,0.5,0.16666666666666666,0.16666666666666666,0.16666666666666666,0.017091156265398415,0.050047445153181644,False,0.1384242075501822,0.6197739159754306,False,0.151459354948339,0.40099456791883675,False,0.11438511482510698,0.3598730927170126,False
soh50,46,1,0.26234175175530955,0.4087017267167712,0.3180564712396491,0.5327472889044619,True,0.5,0.16666666666666666,0.16666666666666666,0.16666666666666666,0.15091231278663048,0.16061060234138974,True,0.30362320560452394,0.8059306427688565,True,0.3939923424119504,0.6509173702197205,True,0.42369802415549146,0.5135305402878808,True
soh50,46,2,0.20346068231197115,0.3465658425635405,0.25372533593249735,0.44933715047776335,True,0.5,0.16666666666666666,0.16666666666666666,0.16666666666666666,0.10293137507091871,0.14102322673509488,True,0.250323995486952,0.6246109390695502,True,0.3141185715303163,0.5239989531390848,True,0.34752740164180246,0.5077154829673236,True
soh50,46,3,0.2510242949227067,0.28193277563724595,0.31318932018708606,0.3668304088275232,True,0.5,0.16666666666666666,0.16666666666666666,0.16666666666666666,0.12669424439394808,0.11213750925669137,True,0.29972155873287126,0.524021695643896,True,0.44902380690417737,0.4150121356830532,True,0.37731767071734756,0.41615029472645243,True
soh50,46,4,0.1613944345655226,0.2545441399686573,0.2039930607397378,0.34811727515014984,True,0.5,0.16666666666666666,0.16666666666666666,0.16666666666666666,0.07619718221709226,0.06739786960567232,True,0.21100390707100058,0.5330765375950834,False,0.2482952679834413,0.41077461573156837,True,0.2804758856874171,0.38122007766827526,True
soh50,46,5,0.19952913205582193,0.2657328157361969,0.2427323778574701,0.354244534158915,False,0.5,0.16666666666666666,0.16666666666666666,0.16666666666666666,0.11312264045252564,0.08870937889076072,False,0.2412418434153497,0.5021056576070011,True,0.310200096950317,0.4324773184318311,False,0.306364930611688,0.3936857817060671,False
soh50,46,6,0.17576554842466857,0.2612999295366913,0.21717221030949535,0.35065350297638087,False,0.5,0.16666666666666666,0.16666666666666666,0.16666666666666666,0.09295222465501499,0.08259278265731212,False,0.2238635327930356,0.4947862424544966,True,0.2571098897802871,0.4149648343450299,False,0.29476319400964374,0.410270152448685,False
soh50,46,7,0.1888406720748427,0.30051509387120323,0.22781111234751816,0.38776959633264396,False,0.5,0.16666666666666666,0.16666666666666666,0.16666666666666666,0.11089979152949178,0.12600608894832185,False,0.21290123618458998,0.49164592844481275,True,0.2569555694120939,0.4325990978048894,False,0.33048785226389704,0.5008272701325519,False
soh50,46,8,0.13535968096147183,0.23992931435464157,0.17476538447557932,0.32887856965141576,True,0.5,0.16666666666666666,0.16666666666666666,0.16666666666666666,0.056548273933256836,0.06203080376109328,True,0.19190638286390624,0.5131537702754485,False,0.21508868194813754,0.3701829259874793,True,0.2355181991570167,0.37014677858164186,True
soh50,46,9,0.13083490806494996,0.22342924889632154,0.1677691211960719,0.30474044513713094,True,0.5,0.16666666666666666,0.16666666666666666,0.16666666666666666,0.05696648180270613,0.06080685641470272,True,0.19122968144553343,0.4506247263907818,True,0.2070651978789556,0.3509941516451979,True,0.2158151236570924,0.3565360460978413,True
soh50,46,10,0.13131765214135213,0.23118411286129825,0.1683690128882752,0.3111908090674339,False,0.5,0.16666666666666666,0.16666666666666666,0.16666666666666666,0.05721493064750602,0.07117072044902698,False,0.18777491673169813,0.45986759706458114,False,0.20813895508346705,0.3360061863737626,True,0.22034724909042955,0.3777187323823649,False
soh50,46,11,0.137715997942661,0.2066195503695313,0.17739446250894203,0.2846066880251255,True,0.5,0.16666666666666666,0.16666666666666666,0.16666666666666666,0.05835906881009898,0.05064527505834297,True,0.19058796177340476,0.42995354829803345,True,0.20886529145644273,0.3176580645128731,True,0.2517655279958216,0.3401698642312525,True
soh50,46,12,0.13469429685998366,0.253681287803568,0.17238453474772153,0.3446435860199291,False,0.5,0.16666666666666666,0.16666666666666666,0.16666666666666666,0.059313821084507924,0.07175669137084592,False,0.19131242160180814,0.4991467635448281,False,0.21011901221549886,0.3886585765338147,False,0.22879288408907114,0.41901231263022765,False
soh50,46,13,0.14977781893314138,0.22703684991245277,0.18708860465689653,0.3084846943026417,False,0.5,0.16666666666666666,0.16666666666666666,0.16666666666666666,0.07515624748563114,0.06414116113207491,False,0.18835398372765322,0.45184462854051693,False,0.22101707909354837,0.35568054741176924,False,0.26382710832075335,0.3622724401262057,False
soh50,46,14,0.11923350418025963,0.22692990140198777,0.1548432203448247,0.31319297484320574,False,0.5,0.16666666666666666,0.16666666666666666,0.16666666666666666,0.04801407185112954,0.0544037545195519,False,0.18285217541081789,0.4857014024769217,False,0.1960212068298726,0.36969733625321194,False,0.19248542728747875,0.3429694061231374,False
soh50,46,15,0.12354805871134418,0.23105804222418164,0.15831519376496545,0.3141626234997877,False,0.5,0.16666666666666666,0.16666666666666666,0.16666666666666666,0.05401378860410166,0.06484887967296958,False,0.1843760285171463,0.5080240832527972,False,0.1950540362157309,0.34588717519911905,False,0.1998169217228829,0.3378903558742648,True
soh50,46,16,0.1154518911974118,0.21609268554615044,0.15081569984726864,0.2997756229244554,False,0.5,0.16666666666666666,0.16666666666666666,0.16666666666666666,0.0447242738976981,0.048726810789540456,True,0.17366166230663005,0.47335441617068014,False,0.20100987391301814,0.35095868326276297,False,0.18386698927172831,0.3260625814748382,True
soh50,46,17,0.15036241945224887,0.24440728006640994,0.18250434704703816,0.32441788475491196,False,0.5,0.16666666666666666,0.16666666666666666,0.16666666666666666,0.08607856426267034,0.08438607068940591,False,0.20279335619730512,0.46953405109047597,False,0.20375475922572459,0.34382576725614666,False,0.23739070850245259,0.3999256499836193,False
soh50,46,18,0.12063669246856597,0.22630398391446702,0.15581435991034437,0.30994768769854364,False,0.5,0.16666666666666666,0.16666666666666666,0.16666666666666666,0.0502813575850092,0.05901657634631385,False,0.1753632772620983,0.469223803843938,False,0.20099055609943306,0.37030591235399424,False,0.1966222486948369,0.34124445824992833,False
soh50,46,19,0.13087842257141052,0.22262414535025485,0.1698181856600735,0.30865510710624816,False,0.5,0.16666666666666666,0.16666666666666666,0.16666666666666666,0.05299889639408458,0.05056222183826827,False,0.18449047902838414,0.5072944958228744,False,0.2222686829406746,0.36857132891216676,False,0.2195146842771507,0.3081923818516832,True
soh50,46,20,0.15233188637219885,0.20223401223571946,0.19495509272655198,0.2793593701895388,True,0.5,0.16666666666666666,0.16666666666666666,0.16666666666666666,0.06708547366349266,0.047983296328080745,True,0.1932934282054526,0.4250551310060197,True,0.26328993981025933,0.3317040881031576,False,0.2561515292270033,0.31269496532089724,False
soh50,46,21,0.13172682700547267,0.2157964173272707,0.1662209352249975,0.3022388597798026,False,0.5,0.16666666666666666,0.16666666666666666,0.16666666666666666,0.06273861056642302,0.04291153242220691,True,0.18774974522199664,0.49162625527998177,False,0.20985164895602382,0.3574865908594232,False,0.20454373615554658,0.3169310605575985,False
soh50,46,22,0.12454525851749855,0.22555237261669012,0.16330466932027396,0.3076991070235043,False,0.5,0.16666666666666666,0.16666666666666666,0.16666666666666666,0.04702643691194773,0.061258903803061864,False,0.18518483697950816,0.4546089027118181,False,0.23662669041840043,0.3703936446717088,False,0.1843807129712395,0.34453497690742835,False
soh50,46,23,0.12079468732700231,0.22980874121752612,0.15605760983012112,0.31752099892378904,False,0.5,0.16666666666666666,0.16666666666666666,0.16666666666666666,0.05026884232076468,0.054384225805000234,False,0.17656627693658336,0.4952564717909862,False,0.19214716275931343,0.3448598489349198,False,0.20524815730382304,0.37558344916425,False
soh50,46,24,0.15146268350011158,0.28562157993095216,0.18778997058909985,0.3709225182966802,False,0.5,0.16666666666666666,0.16666666666666666,0.16666666666666666,0.07880810932213506,0.11501970319949609,False,0.20145961947639004,0.4723473105184735,False,0.2092136678754669,0.4137026138855597,False,0.2616784856824074,0.48262044558319145,False
soh50,46,25,0.11898780226268053,0.23377052961570793,0.15258476179697802,0.3210983070279671,False,0.5,0.16666666666666666,0.16666666666666666,0.16666666666666666,0.05179388319408559,0.0591149747911897,False,0.18105443172408442,0.48755855934356923,False,0.19281085667515982,0.3746226626936424,False,0.18467987559458224,0.363097031283467,False
soh50,46,26,0.11061624768228406,0.22763814426146253,0.14461390755663342,0.309499785970428,False,0.5,0.16666666666666666,0.16666666666666666,0.16666666666666666,0.04262092793358539,0.06391486084353168,False,0.16516931750898872,0.4535950615908513,False,0.18876397829967898,0.35747594716417,False,0.18190140648428058,0.3630132742831589,False
soh50,46,27,0.11436675700583752,0.24113158583611313,0.14899151726830398,0.3295536130482198,False,0.5,0.16666666666666666,0.16666666666666666,0.16666666666666666,0.04511723648090464,0.0642875314118999,False,0.17061952251624724,0.5116063491293913,False,0.19355185996581095,0.3723642385138352,False,0.18667745011025302,0.36995633313775267,False
soh50,46,28,0.10470720027877173,0.2150046709644246,0.13786653088929826,0.2943517746826877,False,0.5,0.16666666666666666,0.16666666666666666,0.16666666666666666,0.03838853905771865,0.05631046352789841,False,0.16336822778635288,0.4431345802105084,False,0.18278588019242184,0.3442677675468954,False,0.1669234765206997,0.33369428744544855,False
soh50,46,29,0.11167392700886034,0.23262437593931878,0.14667849422797574,0.32667349510188914,False,0.5,0.16666666666666666,0.16666666666666666,0.16666666666666666,0.041664792570629536,0.04452613761417815,False,0.17394297235649425,0.5179182216003624,False,0.19282924658002257,0.4098858358676038,False,0.1782769654047566,0.3343637853254122,False
soh50,46,30,0.12443080719034608,0.26471411192771005,0.15908756384351927,0.35304581877876917,False,0.5,0.16666666666666666,0.16666666666666666,0.16666666666666666,0.05511729388399971,0.08805069822559183,False,0.17854903722729518,0.4971825836297281,False,0.1977131226561334,0.38403553950989516,False,0.2049708016066488,0.44291445374986155,False
soh50,46,31,0.11800522968296433,0.22131252425810075,0.15336299529712485,0.30790034583170545,False,0.5,0.16666666666666666,0.16666666666666666,0.16666666666666666,0.04728969845464329,0.048136881110891476,False,0.17817977480651112,0.49755144386646794,False,0.19659028348571894,0.3630280248579491,False,0.1913922244416261,0.32288503349151315,False
soh50,46,32,0.12540037288603645,0.208833706645513,0.15837816163125334,0.2908231422477169,False,0.5,0.16666666666666666,0.16666666666666666,0.16666666666666666,0.05944479539560262,0.044854835441105315,False,0.18092965395859548,0.4615009607654685,False,0.19394242287639585,0.34253358457735966,False,0.19919577429441948,0.31440318820693397,False
soh50,46,33,0.13176003274551112,0.20263652672859125,0.1692823137757397,0.28518029506891174,False,0.5,0.16666666666666666,0.16666666666666666,0.16666666666666666,0.056715470685053955,0.0375489900479504,True,0.1779296698464151,0.4448015410038777,False,0.21225610088469657,0.34778131509882,False,0.23022801368679327,0.31058933412499873,False
soh50,46,34,0.10101501041506947,0.2386107733715663,0.13284214673012879,0.33319290539544366,False,0.5,0.16666666666666666,0.16666666666666666,0.16666666666666666,0.03736073778495086,0.0494465093238116,False,0.16286042354838798,0.5572309651498295,False,0.1734353018949888,0.39247769866029114,False,0.1577121236921875,0.3336164484478424,False
soh50,46,35,0.1141400836455246,0.19201182755201665,0.14859615339571292,0.271689772430969,True,0.5,0.16666666666666666,0.16666666666666666,0.16666666666666666,0.04522794414514795,0.03265593779411201,True,0.16951006710865146,0.4325921441703804,False,0.19597097957808338,0.34503764831662553,False,0.1836756227509689,0.276473359442758,True
soh50,46,36,0.1299960636092065,0.21561818871871474,0.16581840256129482,0.304837058964723,False,0.5,0.16666666666666666,0.16666666666666666,0.16666666666666666,0.058351385705029936,0.037180448226698214,False,0.17406580804227553,0.48883916860541493,False,0.20221635481051434,0.3891251171492341,False,0.2286400616873595,0.3042035018775448,False
soh50,46,37,0.1034188270769748,0.2248998530164081,0.13611603173178943,0.31027388523510563,False,0.5,0.16666666666666666,0.16666666666666666,0.16666666666666666,0.038024417767345546,0.05415178857901305,False,0.16405349396033636,0.4853112130193182,False,0.17191399649862502,0.3476283348281182,False,0.1704722187008508,0.35400420451397313,False
soh50,46,38,0.10460305639520155,0.21247021519256706,0.13638836784527378,0.2890460256178946,False,0.5,0.16666666666666666,0.16666666666666666,0.16666666666666666,0.041032433495057107,0.05931859434191194,False,0.16465174906910204,0.44117263290783026,False,0.17364683384663518,0.32575574996124196,False,0.16622245497030078,0.3299371252605943,False
soh50,46,39,0.11191850446887605,0.23855389995719417,0.14496553252941588,0.3311706884996469,False,0.5,0.16666666666666666,0.16666666666666666,0.16666666666666666,0.04582444834779639,0.05332032287228864,False,0.16825567106275732,0.5245037159012438,False,0.18624283392878138,0.38623546402591513,False,0.1795391767783284,0.3606232511991403,False
soh50,46,40,0.11378627917206265,0.2605473980385577,0.14621589962190074,0.3605783096707608,False,0.5,0.16666666666666666,0.16666666666666666,0.16666666666666666,0.04892703827238646,0.06048557477415148,False,0.1762422697489411,0.6222914597499472,False,0.18745035110475514,0.38495436284162693,False,0.17224393936152027,0.3745818413173177,False
soh50,46,41,0.11364353786878396,0.2697117886509762,0.14737534472025265,0.36574375713989543,False,0.5,0.16666666666666666,0.16666666666666666,0.16666666666666666,0.0461799241658466,0.07764785167313774,False,0.1725032097291358,0.5807647596908471,False,0.1981969273562628,0.42942437600436417,False,0.17262131762976543,0.37513804119123284,False
soh50,46,42,0.11567303114610887,0.22962375546325833,0.15068480558391617,0.3160076966755067,False,0.5,0.16666666666666666,0.16666666666666666,0.16666666666666666,0.04564948227049433,0.056855873038761565,False,0.1761376032474041,0.474631551161308,False,0.20567035096008723,0.37151585886192656,False,0.17528178585767895,0.36102750364003083,False
soh50,46,43,0.10467647427998987,0.22161091033567995,0.13684085573428828,0.30756704719798866,False,0.5,0.16666666666666666,0.16666666666666666,0.16666666666666666,0.040347711371393105,0.049698636611062594,False,0.16138064312698397,0.4497781352875248,False,0.18080872424815977,0.40962421876677896,False,0.1648263441906162,0.3211671981265883,False
soh50,46,44,0.10161272369263248,0.22347776445627798,0.13375268160573303,0.31231020498147344,False,0.5,0.16666666666666666,0.16666666666666666,0.16666666666666666,0.0373328078664314,0.04581288340588711,False,0.15791587472739724,0.5106128672039413,False,0.17140450199424948,0.3637983878216227,False,0.168357541834854,0.32901668149444263,False
soh50,46,45,0.11400219582373361,0.23857935395798863,0.14590128480859926,0.3361446915987552,False,0.5,0.16666666666666666,0.16666666666666666,0.16666666666666666,0.05020401785400231,0.0434486786764554,False,0.17467135250845348,0.5698053132472843,False,0.18590347981455402,0.42337442768158867,False,0.17282628905738728,0.3079503467896925,False
soh50,46,46,0.1192255893074269,0.2252568200123283,0.1515359227133062,0.3151418954355673,False,0.5,0.16666666666666666,0.16666666666666666,0.16666666666666666,0.054604922495668305,0.0454866691658504,False,0.16827070361687932,0.5202092107799544,False,0.19419191343337658,0.39056277443752735,False,0.1890761513073006,0.30430892735893694,False
soh50,46,47,0.10664202358962141,0.22609666553271887,0.14029022548929126,0.3151727938544466,False,0.5,0.16666666666666666,0.16666666666666666,0.16666666666666666,0.03934561979028174,0.04794440888926342,False,0.1686206474416534,0.5200563555730325,False,0.19754678327445183,0.379274103138368,False,0.1556478514507781,0.31341630781712243,False
soh50,46,48,0.09686707337836745,0.24575469870479966,0.1291717693794491,0.3376143008869442,False,0.5,0.16666666666666666,0.16666666666666666,0.16666666666666666,0.03225768137620414,0.062035494340510526,False,0.15612552498089918,0.5245429944034635,False,0.16944894334178076,0.39716241284777737,False,0.1588549278189123,0.3667163019560255,False
soh50,46,49,0.10048221621853919,0.22278914681210837,0.13092049082509938,0.30990705596831597,False,0.5,0.16666666666666666,0.16666666666666666,0.16666666666666666,0.03960566700541886,0.04855332849969316,False,0.16057716612845876,0.5231776424698612,False,0.16831309115819446,0.3552145013220445,False,0.15518603900832537,0.3126827515816651,False
soh50,46,50,0.0977241207469274,0.24466395913991262,0.12882725279467006,0.3329507106449084,False,0.5,0.16666666666666666,0.16666666666666666,0.16666666666666666,0.03551785665144214,0.06809045612992116,False,0.15950937205506005,0.49490678237988334,False,0.1738558131579654,0.412925319732863,False,0.14642596931421262,0.355880284336966,False
soh50,46,51,0.08973526088523377,0.23401597817499056,0.12065032076995041,0.3277413298536329,False,0.5,0.16666666666666666,0.16666666666666666,0.16666666666666666,0.02790514111580048,0.04656527481770587,False,0.15144337368239066,0.5304355888252653,False,0.16540774311742076,0.4058234250229529,False,0.13784502516418976,0.3281410307486076,False
soh50,46,52,0.10878139131902692,0.2160749854809485,0.13941878920418385,0.30150869269794767,False,0.5,0.16666666666666666,0.16666666666666666,0.16666666666666666,0.047506595548713046,0.04520757104695023,False,0.16776138964966067,0.4680136423175294,False,0.17262894424157435,0.375961661711969,False,0.16977822737678738,0.3168518957153419,False
soh50,46,53,0.09543925708611775,0.24414923702989821,0.12737664517715183,0.3384960629144644,False,0.5,0.16666666666666666,0.16666666666666666,0.16666666666666666,0.03156448090404963,0.05545558526076579,False,0.15360676196031872,0.5469604358532353,False,0.17616102794282443,0.4062446968131757,False,0.14817430990141453,0.34532353373068086,False
soh50,46,54,0.09749743611380046,0.21912872352241541,0.12989222609697826,0.30716767923848737,False,0.5,0.16666666666666666,0.16666666666666666,0.16666666666666666,0.03270785614744486,0.04305081209027155,False,0.15725044109605565,0.4958544859947705,False,0.18250068221376572,0.3700062011600869,False,0.1471099249306468,0.3197592177088205,False
soh50,46,55,0.10252900547558841,0.24196741340642514,0.13432050389884231,0.3337691643053603,False,0.5,0.16666666666666666,0.16666666666666666,0.16666666666666666,0.038946008629080583,0.05836391160855481,False,0.1646249423516263,0.5265976217780387,False,0.1812676815757306,0.43123514125702994,False,0.1524433830389318,0.3188799825778177,False
soh50,46,56,0.09549724724045709,0.22101506292298026,0.12697946611695732,0.30499068053494804,False,0.5,0.16666666666666666,0.16666666666666666,0.16666666666666666,0.03253280948745662,0.05306382769904468,False,0.15495374014700514,0.46168957042500147,False,0.17150363591981688,0.38403796336071566,False,0.1489276789135507,0.32117136065503044,False
soh50,46,57,0.09868605746903897,0.2439995428836728,0.12936680025828814,0.34103184412762994,False,0.5,0.16666666666666666,0.16666666666666666,0.16666666666666666,0.03732457189054058,0.04993494039575859,False,0.16203026764285616,0.6001863170159741,False,0.1718772402293185,0.3972420049025808,False,0.1462351212704374,0.3167641141962061,False
soh50,46,58,0.09248843142508915,0.23653147101709135,0.12323681247376447,0.3297154020138667,False,0.5,0.16666666666666666,0.16666666666666666,0.16666666666666666,0.03099166932773855,0.050163609023540764,False,0.15372249569500002,0.5398996741028318,False,0.16497695622227088,0.38502558573832824,False,0.14325612865004841,0.34377273919076584,False
soh50,46,59,0.0997778184127123,0.2065307082507306,0.1318239775849141,0.2886563369185904,False,0.5,0.16666666666666666,0.16666666666666666,0.16666666666666666,0.03568550006830873,0.042279450915011035,False,0.16332937672832837,0.4268507022067179,False,0.180482470300345,0.377222660357798,False,0.14779856324267424,0.30827253419483464,False
soh50,46,60,0.08846292882214637,0.25492780642240775,0.11908059429668233,0.354872474915819,False,0.5,0.16666666666666666,0.16666666666666666,0.16666666666666666,0.02722759787307448,0.05503846943558523,False,0.15244599233724576,0.6028860200961323,False,0.16398300242230582,0.42218348015353274,False,0.13266578455410327,0.3393819299780258,False
soh50,46,61,0.10044257103276216,0.2112355871422593,0.13131124957019147,0.29508897985089394,False,0.5,0.16666666666666666,0.16666666666666666,0.16666666666666666,0.03870521395790355,0.04352880172498997,False,0.16220783570355676,0.4723941238861173,False,0.16910919336629693,0.36181930758313646,False,0.1552227552530086,0.3026136862093321,False
soh50,46,62,0.08989261066503089,0.22926816818030835,0.12094982729487905,0.3196587418887697,False,0.5,0.16666666666666666,0.16666666666666666,0.16666666666666666,0.02777817740533459,0.048487020763385694,False,0.15431688203258778,0.49157615003920196,False,0.1627612534715116,0.3981599273649335,False,0.13894299627008222,0.3404118693875576,False
soh50,46,63,0.08395341255826358,0.19802203626110398,0.11380240802529946,0.27561934637038255,False,0.5,0.16666666666666666,0.16666666666666666,0.16666666666666666,0.02425542162419184,0.04282741604254685,False,0.148174553528676,0.41856047035573957,True,0.15796791043598443,0.3343586533403999,False,0.12481174651234556,0.306730845742844,False
soh50,46,64,0.08947965329230789,0.2450895456863814,0.12117901008652551,0.3422183217590879,False,0.5,0.16666666666666666,0.16666666666666666,0.16666666666666666,0.026080939703872662,0.05083199354096842,False,0.1546734375666446,0.5541468564017312,False,0.16731365624822456,0.422065262781074,False,0.13664800682736022,0.34182917431257787,False
soh50,46,65,0.09737617292169852,0.29461174657108735,0.13077243109800338,0.41163223981874125,False,0.5,0.16666666666666666,0.16666666666666666,0.16666666666666666,0.0305836565690888,0.06057076007577948,False,0.1599435215663838,0.6501998134108554,False,0.18657520423683574,0.5625285525266643,False,0.14598734201970517,0.373229833261666,False
soh50,46,66,0.0895234734919339,0.24223947163490173,0.12129385917916155,0.3359830296444035,False,0.5,0.16666666666666666,0.16666666666666666,0.16666666666666666,0.025982702117478624,0.0547523556158982,False,0.14936632769057512,0.5455942013218055,False,0.17172524429019523,0.39939767128580156,False,0.1381011626183972,0.34418789035410885,False
soh50,46,67,0.0927705010426289,0.19969861655124127,0.12331739652961364,0.27780594683556764,False,0.5,0.16666666666666666,0.16666666666666666,0.16666666666666666,0.031676710068659436,0.04348395598258857,False,0.15387307941343298,0.41827295646044144,True,0.16916883665252055,0.34158702942532376,False,0.1385509599838416,0.3078798454739167,False
soh50,46,68,0.09388564516925291,0.22973946373497714,0.12336215148414745,0.3093563940012056,False,0.5,0.16666666666666666,0.16666666666666666,0.16666666666666666,0.03493263253946385,0.07050560320252018,False,0.15331579702527,0.4594232611572166,False,0.16879882510063668,0.3774444368236658,False,0.13640135127121925,0.3300522748214199,False
soh50,46,69,0.09096182010187132,0.23443747155986255,0.12189428329241397,0.3169714441257747,False,0.5,0.16666666666666666,0.16666666666666666,0.16666666666666666,0.029096893720786006,0.06936952642803826,False,0.15363797438654647,0.46820225249626146,False,0.17271236174292315,0.36874517985801397,False,0.13212990331940028,0.36156881772078525,False
soh50,46,70,0.08574595322115203,0.24942912346579754,0.11537921876494575,0.34107653225916207,False,0.5,0.16666666666666666,0.16666666666666666,0.16666666666666666,0.026479422133564624,0.06613430587906852,False,0.14740307558272484,0.5507134563956805,False,0.1618065865879917,0.4097001181277445,False,0.1258277907555018,0.3377582486341549,False
soh50,46,71,0.09189791455546192,0.2208698394341637,0.12208077529693731,0.3029401051173196,False,0.5,0.16666666666666666,0.16666666666666666,0.16666666666666666,0.03153219307251117,0.05672930806785192,False,0.15276471599812477,0.4256710449396695,False,0.16681917913520405,0.40747734764212523,False,0.13720701298190927,0.32188271981963174,False
soh50,46,72,0.08880410531084133,0.2618763514981067,0.11918253827512146,0.364936604382321,False,0.5,0.16666666666666666,0.16666666666666666,0.16666666666666666,0.028047239382281052,0.05575584572967806,False,0.15108722864884697,0.5963892117585641,False,0.1628902380745819,0.439918245671094,False,0.13470544699477596,0.36768311436994794,False
soh50,46,73,0.10452855400522189,0.22912217084275577,0.13714196473689402,0.319561973219866,False,0.5,0.16666666666666666,0.16666666666666666,0.16666666666666666,0.039301732541877646,0.04824256608853528,False,0.16263765353211548,0.48237852091345396,False,0.17641899574819556,0.4215580554747936,False,0.1702094771253874,0.32606875040268124,False
soh50,46,74,0.10538750058431137,0.23388758665391782,0.14034783065065107,0.3187972637717832,False,0.5,0.16666666666666666,0.16666666666666666,0.16666666666666666,0.03546684045163202,0.06406823241818707,False,0.15968094180688655,0.42325477668942146,False,0.18661689065863973,0.4043910235858918,False,0.17962664968544592,0.3834750223936325,False
soh50,46,75,0.10069158813493016,0.25206584285589556,0.132419999110695,0.34689907564611855,False,0.5,0.16666666666666666,0.16666666666666666,0.16666666666666666,0.03723476618340054,0.062399377275449634,False,0.16711761607096443,0.5750220263665095,False,0.18190695639904475,0.4138227642057573,False,0.14342065778937022,0.3363521347367578,False
soh50,46,76,0.09904247907465401,0.25454666771294626,0.13053681869062098,0.3449520127755479,False,0.5,0.16666666666666666,0.16666666666666666,0.16666666666666666,0.0360537998427201,0.07373597758774311,False,0.15519982415708988,0.57700991223436,False,0.17515831747853994,0.369863411232571,False,0.15573533328413394,0.35919875004751733,False
soh50,46,77,0.08863427634879,0.24535563526442122,0.11959409574351987,0.3384278870620102,False,0.5,0.16666666666666666,0.16666666666666666,0.16666666666666666,0.026714637559330248,0.0592111316692433,False,0.15137619932957866,0.5552007356813229,False,0.16866316263150496,0.3892591828121342,False,0.13162238345366564,0.3500404980853405,False
soh50,46,78,0.09239618551652222,0.25097720543393504,0.1230370989016934,0.34053806155965155,False,0.5,0.16666666666666666,0.16666666666666666,0.16666666666666666,0.031114358746179845,0.07185549318250213,False,0.15191946477278556,0.5386546522635708,False,0.16723439054631037,0.39605563225049606,False,0.14188018154149787,0.3555864685420371,False
soh50,46,79,0.1123643809361407,0.2679673810566176,0.13979572529343315,0.35317786209088026,False,0.5,0.16666666666666666,0.16666666666666666,0.16666666666666666,0.05750169222155584,0.09754641898809242,False,0.16907781747962783,0.5206029514048394,False,0.17077423463651795,0.4101219063209427,False,0.1618291568360309,0.38444017164964633,False
soh50,46,80,0.08655458795585726,0.2348759542176954,0.11709920879218028,0.32336587351223606,False,0.5,0.16666666666666666,0.16666666666666666,0.16666666666666666,0.025465346283211232,0.057896115628614166,False,0.14465085160208632,0.5043992102421432,False,0.16569978827642173,0.4011305577800169,False,0.13258084900700182,0.33003761039816987,False
soh50,46,81,0.0857614778516901,0.2322609286434027,0.11653862081534427,0.3158869741396491,False,0.5,0.16666666666666666,0.16666666666666666,0.16666666666666666,0.02420719192438175,0.06500883765090988,False,0.14746917503662768,0.4788660017710042,False,0.16275850284676205,0.3797992317766132,False,0.13171961345360564,0.33987382536006927,False
soh50,46,82,0.10731325606932636,0.2219654438927106,0.13891220866388349,0.3090113366610712,False,0.5,0.16666666666666666,0.16666666666666666,0.16666666666666666,0.0441153508802121,0.04787365835598949,False,0.1615081277856126,0.48695448198963254,False,0.1868559379996765,0.39354526229775183,False,0.16316941799003276,0.30767194400091097,False
soh50,46,83,0.10338372432838279,0.22663291072595437,0.13409410200885408,0.32267285715834493,False,0.5,0.16666666666666666,0.16666666666666666,0.16666666666666666,0.04196296896744024,0.034553017861173235,False,0.17333249997210895,0.5532641580908995,False,0.18034354748939196,0.4223199470388656,False,0.1407373916064751,0.28055430564244144,False
soh50,46,84,0.09228903477542776,0.24010664112966668,0.12308559407099218,0.3275465416402285,False,0.5,0.16666666666666666,0.16666666666666666,0.16666666666666666,0.03069591618429891,0.065226840108543,False,0.154959812251788,0.531651623892007,False,0.1770040408277048,0.3844619066308241,False,0.129682607020177,0.32884579592953994,False
soh50,46,85,0.09113435259343473,0.24351388141227764,0.12174100414972723,0.33809754644455886,False,0.5,0.16666666666666666,0.16666666666666666,0.16666666666666666,0.029921049480849754,0.05434655134771526,False,0.15054649997013564,0.5498588434584654,False,0.1660429262993691,0.38735190692427496,False,0.14045354084855444,0.36083288404777986,False
soh50,46,86,0.09330558034332148,0.23333297574290487,0.1232129654557441,0.31655374230788785,False,0.5,0.16666666666666666,0.16666666666666666,0.16666666666666666,0.03349081011847624,0.06689144261293901,False,0.1548574797320315,0.4735041134983628,False,0.16646598778029442,0.3869551676008629,False,0.1380375841921742,0.3388642455193866,False
soh50,46,87,0.09100645642969771,0.24897309900286632,0.12125617930134369,0.3410373666800896,False,0.5,0.16666666666666666,0.16666666666666666,0.16666666666666666,0.03050701068640578,0.0648445636484198,False,0.15061601278280348,0.525827093409176,False,0.16105629810422495,0.3935635433492512,False,0.1428453956319405,0.37991426631351133,False
soh50,46,88,0.10985623010814684,0.2406323595566623,0.14136294917487469,0.32396520492908865,False,0.5,0.16666666666666666,0.16666666666666666,0.16666666666666666,0.04684279197469116,0.07396666881180962,False,0.16688106306922015,0.4921860630078696,False,0.17965988201495034,0.37135926658185103,False,0.17206805964063707,0.3583488213148243,False
soh50,46,89,0.08297159891826542,0.2305120720203801,0.11322115155847173,0.3227612265587231,False,0.5,0.16666666666666666,0.16666666666666666,0.16666666666666666,0.022472493637852774,0.04601376294369424,False,0.14653343502609362,0.5291912127989724,False,0.16553056998352766,0.39689732156693985,False,0.11834810758641288,0.31894260892528575,False
soh50,46,90,0.08604473062689419,0.2575253118867109,0.1178377619478285,0.3549286323830603,False,0.5,0.16666666666666666,0.16666666666666666,0.16666666666666666,0.022458667985025608,0.062718670894012,False,0.15412813314794999,0.5933308590534203,False,0.1739154134533658,0.39070900364572636,False,0.12084883320497257,0.3729559959390827,False
soh50,46,91,0.09160609379842091,0.24115138875956807,0.12399860880186908,0.3302122757292416,False,0.5,0.16666666666666666,0.16666666666666666,0.16666666666666666,0.026821063791524605,0.06302961482022104,False,0.15148921841889096,0.4917994461578781,False,0.17463533034285528,0.4050497915998548,False,0.14304882265420546,0.3609702503390124,False
soh50,46,92,0.08566727718923312,0.249121774291507,0.11541921413114742,0.3474383336961735,False,0.5,0.16666666666666666,0.16666666666666666,0.16666666666666666,0.026163403305404533,0.052488655482174046,False,0.14698037257535188,0.5761506060566172,False,0.16802601324073688,0.41885669875751663,False,0.12050706740309636,0.3422573744883861,False
soh50,46,93,0.08873962605464883,0.23851059239394035,0.11825326235403072,0.3297243860906819,False,0.5,0.16666666666666666,0.16666666666666666,0.16666666666666666,0.029712353455885108,0.056083005000457306,False,0.1488695221800261,0.5212236115704753,False,0.16171036407733072,0.38794317457245237,False,0.1327208097028809,0.35364775321934266,False
soh50,46,94,0.0812215172771027,0.23080102080198422,0.1107212022308739,0.31647628356343266,False,0.5,0.16666666666666666,0.16666666666666666,0.16666666666666666,0.022222147369560314,0.0594504952790874,False,0.14344368186170742,0.49058548112108274,False,0.1562373387455809,0.3958206197734713,False,0.12098164094664693,0.3200485380800892,False
soh50,46,95,0.09346266643003272,0.25049347321803694,0.12446136852108577,0.348280742541346,False,0.5,0.16666666666666666,0.16666666666666666,0.16666666666666666,0.03146526224792661,0.05491893457141888,False,0.1523947500193706,0.5906970837709019,False,0.16942789033252184,0.4234751966466361,False,0.14455757148452406,0.32403175517642707,False
soh50,46,96,0.08369455523479342,0.24944105671954786,0.11543515626744832,0.3499033057110854,False,0.5,0.16666666666666666,0.16666666666666666,0.16666666666666666,0.020213353169483642,0.04851655873647269,False,0.14632060402679456,0.5958763038038631,False,0.16779408477552119,0.4319730592248933,False,0.12741258309799391,0.32324730107911265,False
soh50,46,97,0.0963257591671275,0.25493808230145293,0.12745277250450182,0.35205638070872475,False,0.5,0.16666666666666666,0.16666666666666666,0.16666666666666666,0.034071732492378874,0.06070148548690934,False,0.1565858382879208,0.564758557506806,False,0.17246660410497563,0.43630692215189476,False,0.14668691513273197,0.34645855768928896,False
soh50,46,98,0.08891115727653107,0.22366876556443438,0.11921117667579423,0.30754316339154103,False,0.5,0.16666666666666666,0.16666666666666666,0.16666666666666666,0.028311118478004813,0.055919969910221155,False,0.14926151175331603,0.45456969653538654,False,0.16769557194050286,0.38958625125448104,False,0.13157650453135314,0.3300967358660754,False
soh50,46,99,0.08393089934484432,0.22417891177033766,0.11424725694292509,0.3043436445172447,False,0.5,0.16666666666666666,0.16666666666666666,0.16666666666666666,0.02329818414868282,0.06384944627652356,False,0.14569027786021502,0.43478395038745116,False,0.1617451653924331,0.37078574712304135,False,0.1262554003703694,0.3479554342819628,False
soh50,46,100,0.08338862624418655,0.23897249689701752,0.11324696186391364,0.3267894571021144,False,0.5,0.16666666666666666,0.16666666666666666,0.16666666666666666,0.023671955004732438,0.06333857648682378,False,0.14324484819822816,0.4927404669015041,False,0.15890358292056586,0.38718630216651323,False,0.12716746133212806,0.3638924828536166,False
soh50,46,101,0.09741716695800984,0.253138279312522,0.1291226341321668,0.34059012735405464,False,0.5,0.16666666666666666,0.16666666666666666,0.16666666666666666,0.03400623260969592,0.07823458322945678,False,0.15799560699601278,0.48549539272560205,False,0.17271409049461642,0.403267953820313,False,0.1517746064283421,0.3953625796408467,False
soh50,46,102,0.08324285837182949,0.22148552311355002,0.11396359983872786,0.3056070221977632,False,0.5,0.16666666666666666,0.16666666666666666,0.16666666666666666,0.021801375438032764,0.05324252494512368,False,0.14561791407932081,0.4454334241637736,False,0.15988617085992565,0.3811503193280359,False,0.1285489389776322,0.3426018203541197,False
soh50,46,103,0.08974604749881408,0.24777996228348373,0.1202795181222614,0.33776323727502083,False,0.5,0.16666666666666666,0.16666666666666666,0.16666666666666666,0.028679106251919453,0.0678134123004095,False,0.15248155334772678,0.5277096925717314,False,0.16757496429853524,0.38337955108679217,False,0.13238244859086415,0.3721502931411503,False
soh50,46,104,0.08152955030162151,0.26152470135947775,0.11170783192244513,0.364692067921265,False,0.5,0.16666666666666666,0.16666666666666666,0.16666666666666666,0.02117298705997432,0.055189968235903275,False,0.14436391670163812,0.5703335141599893,False,0.16186376957715762,0.4730330958853128,False,0.1194306543510104,0.36021169340385467,False
soh50,46,105,0.09297171536662689,0.21661461189659453,0.12481338536670417,0.2996290142098149,False,0.5,0.16666666666666666,0.16666666666666666,0.16666666666666666,0.029288375366472368,0.05058580727015377,False,0.15251640789689183,0.46858617260933677,False,0.19429525851633742,0.3582578169097305,False,0.12315349968711507,0.32108626005003865,False
soh50,46,106,0.08584236261691075,0.2256330406974882,0.11740186919326856,0.3112215945993414,False,0.5,0.16666666666666666,0.16666666666666666,0.16666666666666666,0.02272334946419518,0.054455932893781867,False,0.14731794328888395,0.4413010666459107,False,0.1755288607841106,0.39680452539890876,False,0.1240373232358845,0.3523248534587644,False
soh50,46,107,0.0872977716574792,0.22786202500587432,0.1182969599348416,0.31588975349932175,False,0.5,0.16666666666666666,0.16666666666666666,0.16666666666666666,0.02529939510275443,0.05180656801897954,False,0.15190598755883092,0.5210537661043945,False,0.1648089585628113,0.38517015486281075,False,0.13117349851496976,0.3055285250111021,False
soh50,46,108,0.08443562064975033,0.2303860377247858,0.1148929515918079,0.32169239759308604,False,0.5,0.16666666666666666,0.16666666666666666,0.16666666666666666,0.02352095876563517,0.04777331798818536,False,0.1469819446428199,0.537715967860872,False,0.16198346437111202,0.37828851871673663,False,0.12708543858766452,0.3229917858065502,False
soh50,46,109,0.08883784200310611,0.2444022983930512,0.11976038073893475,0.34368307964854156,False,0.5,0.16666666666666666,0.16666666666666666,0.16666666666666666,0.02699276453144886,0.04584073588207049,False,0.14965107135010594,0.5827354284285958,False,0.17493439444677636,0.4346327121121107,False,0.12746329262740785,0.31152344217138933,False
soh50,46,110,0.08414290483860122,0.21216964901413243,0.11475450749480087,0.28755591624661936,False,0.5,0.16666666666666666,0.16666666666666666,0.16666666666666666,0.02291969952620195,0.06139711454915856,False,0.14948504273005048,0.446268124407817,False,0.16537126318684817,0.3307793994044654,False,0.12124202453610287,0.31177902662503654,False
soh50,46,111,0.0773015022927813,0.21363707560872705,0.10710669010349297,0.2970880111137432,False,0.5,0.16666666666666666,0.16666666666666666,0.16666666666666666,0.017691126671357967,0.04673520459869477,False,0.14044983701101513,0.47319874833227527,False,0.15502407792021972,0.3616247497112597,False,0.11526171881137902,0.3067933418127432,False
soh50,46,112,0.09294254928179582,0.21011498660038427,0.124518786709165,0.2872403474216492,False,0.5,0.16666666666666666,0.16666666666666666,0.16666666666666666,0.029790074427057493,0.0558642649578544,False,0.15249945172255921,0.41838850351588164,False,0.16954845486254896,0.34867281345826956,False,0.14623716582449434,0.32603580775459134,False
soh50,46,113,0.08390269836976358,0.23213753321706193,0.1135075319791366,0.3151875653056574,False,0.5,0.16666666666666666,0.16666666666666666,0.16666666666666666,0.024693031151017588,0.0660374690398709,False,0.14791117603255508,0.4742720465076425,False,0.1586513976654738,0.4000485238525295,False,0.1227745230674999,0.32039222182258686,False
soh50,46,114,0.08883952475373387,0.227861152749361,0.11877873143650738,0.3103183993437164,False,0.5,0.16666666666666666,0.16666666666666666,0.16666666666666666,0.028961111388186817,0.06294665956065014,False,0.14681022947969405,0.46498869091388534,False,0.1612731238702859,0.3866536322216823,False,0.1380704610078628,0.3266846146786479,False
soh50,46,115,0.08158445189877062,0.21025780052439913,0.11122939872031998,0.2898603630333489,False,0.5,0.16666666666666666,0.16666666666666666,0.16666666666666666,0.022294558255671906,0.0510526755064996,False,0.1440230816513755,0.4638776187690692,False,0.15958106464490757,0.3313296267151757,False,0.11901889032932493,0.3131815311426511,False
soh50,46,116,0.08309556015205574,0.20183638544699492,0.11345572239330784,0.2793392777493683,False,0.5,0.16666666666666666,0.16666666666666666,0.16666666666666666,0.02237523566955157,0.04683060084224828,False,0.1451309188709565,0.43572962448406866,False,0.16452504718592356,0.32322692364636435,False,0.12179168784679971,0.31156996202479176,False
soh50,46,117,0.07819973994816903,0.23741697653795868,0.10775563152507504,0.33006219688878635,False,0.5,0.16666666666666666,0.16666666666666666,0.16666666666666666,0.019087956794357024,0.05212653583630334,False,0.14051547517959137,0.548768481701304,False,0.15319471648608185,0.38938678953757583,False,0.11822437764026993,0.32996698047996237,False
soh50,46,118,0.07718440663273134,0.2402467580426343,0.10641826783015108,0.3320273253411816,False,0.5,0.16666666666666666,0.16666666666666666,0.16666666666666666,0.01871668423789187,0.05668562344553968,False,0.14080624286448204,0.5301796992476758,False,0.15430309672271714,0.4060807956893124,False,0.11184704749551326,0.33516318298219855,False
soh50,46,119,0.08284319583631825,0.22596901190368923,0.11334563334926703,0.3075610026096525,False,0.5,0.16666666666666666,0.16666666666666666,0.16666666666666666,0.021838320810420656,0.06278503049176265,False,0.14277644029193748,0.4357465779373659,False,0.16098600244836425,0.3851750040309374,False,0.12778176984634576,0.3465373979785442,False
soh50,46,120,0.08046527837054987,0.23001156834320222,0.10942856343987006,0.32283931774679964,False,0.5,0.16666666666666666,0.16666666666666666,0.16666666666666666,0.022538708231909472,0.044356069536007424,False,0.1417140386320271,0.5535550697123687,False,0.1570030521883259,0.38246537406159814,False,0.11645845470721779,0.3109807576772242,False
soh50,46,121,0.07707669416541363,0.2208653012906576,0.10605624009287008,0.3084533117861755,False,0.5,0.16666666666666666,0.16666666666666666,0.16666666666666666,0.0191176023105007,0.045689280299621764,False,0.13979232710268577,0.4946070602208203,False,0.15304584655545897,0.38582524150030917,False,0.11226918440283491,0.30769166512395085,False
soh50,46,122,0.10163059145404768,0.25401180207953955,0.13370659369316132,0.3482214743589905,False,0.5,0.16666666666666666,0.16666666666666666,0.16666666666666666,0.03747858697582037,0.06559245752063762,False,0.1613913253444132,0.5003846776851494,False,0.18209204601758588,0.46746652255724436,False,0.15386441643482587,0.3594422396729306,False
soh50,46,123,0.08682450931221711,0.22412521396724389,0.11779108138793383,0.30879573608581434,False,0.5,0.16666666666666666,0.16666666666666666,0.16666666666666666,0.024891365160783663,0.05478416973010291,False,0.14759122197786692,0.4595514595321187,False,0.16376091471207618,0.37269629083105466,False,0.13492082370100855,0.3481510242499813,False
soh50,46,124,0.08064853307801458,0.23365502333483032,0.11033080558058302,0.31859881121601535,False,0.5,0.16666666666666666,0.16666666666666666,0.16666666666666666,0.02128398807287769,0.06376744757246035,False,0.14142429632217587,0.4933437726320414,False,0.1585002282109809,0.3840085447200785,False,0.1201147097162976,0.3332754799394811,False
soh50,46,125,0.08187035376547598,0.24102197748706092,0.11250069119485714,0.33503220670246875,False,0.5,0.16666666666666666,0.16666666666666666,0.16666666666666666,0.02060967890671366,0.053001519056245276,False,0.1470995976133286,0.5343922459462175,False,0.16387836615958223,0.4140491696174155,False,0.1184151220998041,0.3386858921899967,False
soh50,46,126,0.08152589775089936,0.24717070543423345,0.11094631799614638,0.3419118816889405,False,0.5,0.16666666666666666,0.16666666666666666,0.16666666666666666,0.02268505726040531,0.05768835292481944,False,0.14456924468726243,0.568253105076429,False,0.15453635901253235,0.4044819223028063,False,0.12199461102438543,0.3372241464517072,False
soh50,46,127,0.0915982543879878,0.25082948563781654,0.12286648095164418,0.3408230413930063,False,0.5,0.16666666666666666,0.16666666666666666,0.16666666666666666,0.029061801260675053,0.07084237412743698,False,0.14827739732463152,0.5084598299100072,False,0.1687018279056809,0.4343890803466173,False,0.14542489731558925,0.3496008811879639,False
soh50,46,128,0.09840987946905831,0.2598034987520366,0.13102623608629432,0.36091656917223924,False,0.5,0.16666666666666666,0.16666666666666666,0.16666666666666666,0.03317716623458629,0.05757735791163142,False,0.1623555947206995,0.6056070046094156,False,0.1789093758242822,0.4312858002726245,False,0.14966280756560932,0.34919611389528554,False
soh50,46,129,0.0823519146623145,0.2147963197621468,0.11218033391880812,0.2930518981990879,False,0.5,0.16666666666666666,0.16666666666666666,0.16666666666666666,0.022695076149327243,0.05828516288826473,False,0.14377918822255212,0.4487514393012105,False,0.15948118490280086,0.3480466885138776,False,0.12276588640055223,0.31712430209299874,False
soh50,46,130,0.08560179255221859,0.23336047233599658,0.11527680534635867,0.3248483901379816,False,0.5,0.16666666666666666,0.16666666666666666,0.16666666666666666,0.026251766963938418,0.050384636732026526,False,0.14511220647511555,0.5291258004255022,False,0.1593028396912586,0.39664789598354194,False,0.13044040825512213,0.3232352274108559,False
soh50,46,131,0.0792737111201507,0.22094595320109942,0.1081195690622662,0.3086641309585881,False,0.5,0.16666666666666666,0.16666666666666666,0.16666666666666666,0.021581995235919724,0.04550959768612219,False,0.143499491750628,0.5285194099398502,False,0.1553274766637548,0.349552795768814,False,0.1120693125987623,0.3110747204395658,False
soh50,46,132,0.08755515881444216,0.21159233551308357,0.11719727555176904,0.288247051252478,False,0.5,0.16666666666666666,0.16666666666666666,0.16666666666666666,0.028270925339788405,0.05828290403429475,False,0.14883152759576454,0.42361691008810637,False,0.16725926867264915,0.3258328594653281,False,0.12442738059887405,0.34525553142218274,False
soh50,46,133,0.07933566535706756,0.2111799463380838,0.10851845103500929,0.28983677095880356,False,0.5,0.16666666666666666,0.16666666666666666,0.16666666666666666,0.0209700940011841,0.05386629709664428,False,0.14286035993522886,0.4324803001161121,False,0.15542343636635586,0.36141090918694013,False,0.1148199138372683,0.3115895774355177,False
soh50,46,134,0.08424315308404091,0.2168396775661321,0.11442649820608541,0.30153209647581936,False,0.5,0.16666666666666666,0.16666666666666666,0.16666666666666666,0.02387646283995196,0.04745483974675758,False,0.14779176804208852,0.47783209883374234,False,0.16388763044448443,0.3707935260168487,False,0.12215013149781673,0.3100479213059289,False
soh50,46,135,0.09636705740313371,0.21461357432743683,0.1275863147478681,0.29523818199118623,False,0.5,0.16666666666666666,0.16666666666666666,0.16666666666666666,0.03392854271366498,0.05336435899993804,False,0.154134666790284,0.4896016241330719,False,0.16891704380245112,0.3460625773863324,False,0.15336500568507225,0.29192416744540267,False
soh50,46,136,0.08362530718436692,0.22596566859523132,0.11421519574147694,0.30824320074946193,False,0.5,0.16666666666666666,0.16666666666666666,0.16666666666666666,0.022445530070146862,0.06141060428677009,False,0.14424129445955167,0.46014060441004495,False,0.1659217233836824,0.36897507035022487,False,0.12425223505252687,0.34244652395080794,False
soh50,46,137,0.09230693145661266,0.21489602635565136,0.12409809387363757,0.29819316809527485,False,0.5,0.16666666666666666,0.16666666666666666,0.16666666666666666,0.02872460662256281,0.04830174287640436,False,0.151508357682692,0.4849186758566706,False,0.16784192905963316,0.3531583550651105,False,0.14831748212966236,0.30639389858291405,False
soh50,46,138,0.07874264507019886,0.25470485022348216,0.10713749654554774,0.3458405884756314,False,0.5,0.16666666666666666,0.16666666666666666,0.16666666666666666,0.021952942119501096,0.0724333737191837,False,0.14505732001245283,0.5711435865927624,False,0.14978200845362222,0.40086778180715377,False,0.11175771559661485,0.3389176117834258,False
soh50,46,139,0.0849307347390229,0.24967841659319145,0.11491062915144162,0.34149946660810937,False,0.5,0.16666666666666666,0.16666666666666666,0.16666666666666666,0.024970945914185496,0.0660363165633556,False,0.14515100084386243,0.5361396454053262,False,0.1581095022032445,0.4075738805292446,False,0.13141106764447405,0.35624802393451116,False
soh50,46,140,0.07872380402577536,0.21626586678249432,0.10786575031750346,0.3004939017981986,False,0.5,0.16666666666666666,0.16666666666666666,0.16666666666666666,0.02043991144231915,0.04780979675108572,False,0.14092188423037916,0.48743344410881845,False,0.15265994935685795,0.34766801677025655,False,0.11744125624045759,0.3190643495626338,False
soh50,46,141,0.09645648867266252,0.24704657430890722,0.12737083461966162,0.3399107937965782,False,0.5,0.16666666666666666,0.16666666666666666,0.16666666666666666,0.034627796778664295,0.06131813533356543,False,0.15056410552451985,0.5733626916858756,False,0.17814653693292118,0.3943197430574483,False,0.14614489924254118,0.3306426051094233,False
soh50,46,142,0.07915584289222308,0.2375646012175232,0.10828902661529126,0.32018317990614464,False,0.5,0.16666666666666666,0.16666666666666666,0.16666666666666666,0.020889475446086738,0.0723274438402804,False,0.14088370604219003,0.4560438208455934,False,0.159335835162194,0.4322635221004541,False,0.11204708981069428,0.32009793283825067,False
soh50,46,143,0.08205711832891788,0.20656053482381542,0.11134692777878336,0.28531165919328844,False,0.5,0.16666666666666666,0.16666666666666666,0.16666666666666666,0.023477499429186956,0.04905828608486948,False,0.14508489478623665,0.46360755902714396,False,0.15623479009951757,0.3254107215279271,False,0.12059052680019222,0.3031700701332131,False
soh50,46,144,0.07980932867248125,0.2150270399077807,0.10892658911862155,0.2970225401076704,False,0.5,0.16666666666666666,0.16666666666666666,0.16666666666666666,0.021574807780200704,0.05103603950800132,False,0.14140331905581605,0.4705636312351286,False,0.15615027361366648,0.35474725276543895,False,0.11657795602480292,0.31174323692211264,False
soh50,46,145,0.08775075293524187,0.2190835661147783,0.11590276810668515,0.3001444217826134,False,0.5,0.16666666666666666,0.16666666666666666,0.16666666666666666,0.03144672259235532,0.056961854779108055,False,0.14667116090815477,0.4545947907633961,False,0.16153142280528246,0.3684347778904264,False,0.12396176612094807,0.32058626369752324,False
soh50,46,146,0.08733225081699891,0.19720403400734512,0.11869594007982925,0.2772166624431422,False,0.5,0.16666666666666666,0.16666666666666666,0.16666666666666666,0.024604872291338217,0.03717877713575104,False,0.1469142592034898,0.43116470280975444,False,0.16316249908666403,0.34388099459727545,False,0.14010212973782502,0.2966421752297878,False
soh50,46,147,0.09001006926013859,0.2110279246150634,0.12036781119099174,0.28676786359573286,False,0.5,0.16666666666666666,0.16666666666666666,0.16666666666666666,0.02929458539843228,0.05954804665372451,False,0.15579412267518075,0.4359597479877682,False,0.1664067779497809,0.32045696327066436,False,0.12997575874057307,0.3311066964707743,False
soh50,46,148,0.08810038437513303,0.2362319356762408,0.11713453072284495,0.3217363072541752,False,0.5,0.16666666666666666,0.16666666666666666,0.16666666666666666,0.030032091679709192,0.06522319252037209,False,0.14743389953729932,0.5135173443997332,False,0.1559845973022096,0.37885276394097755,False,0.1350875343721617,0.3293519281556178,False
soh50,46,149,0.07497640434992861,0.20207245780676916,0.10357612277268885,0.2787793571647495,False,0.5,0.16666666666666666,0.16666666666666666,0.16666666666666666,0.017776967504408134,0.04865865909080851,False,0.13626812233991858,0.39618576239475783,True,0.15271716647515396,0.35946488303367197,False,0.10754223477127473,0.3108081241397597,False
soh50,46,150,0.0756622615994885,0.2441189088827596,0.10451466746592115,0.3389739679031776,False,0.5,0.16666666666666666,0.16666666666666666,0.16666666666666666,0.017957449866623183,0.05440879084192374,False,0.13664708584368895,0.5711160545366111,False,0.15022799034230963,0.41611208465781213,False,0.11322614381106282,0.31425894157636336,False
soh50,46,151,0.07435700030026146,0.20143748550611193,0.10334944677430315,0.27899746622915705,False,0.5,0.16666666666666666,0.16666666666666666,0.16666666666666666,0.0163721073521781,0.046317524060021716,False,0.13738047057810834,0.44765673056170346,False,0.15146587371525963,0.3278764243903009,False,0.10817933545166651,0.2941391859046021,False
soh50,46,152,0.0766060837631659,0.222683113747979,0.1054543630080884,0.3035180986476896,False,0.5,0.16666666666666666,0.16666666666666666,0.16666666666666666,0.018909525273320914,0.06101314394855788,False,0.13925177104205727,0.43704210962889906,False,0.15559365174834563,0.38507663677651216,False,0.10806250396862978,0.3309405042367893,False
soh50,46,153,0.07771203147151802,0.21707887773289014,0.10717241695257562,0.29689017147248536,False,0.5,0.16666666666666666,0.16666666666666666,0.16666666666666666,0.018791260509402857,0.05745629025369973,False,0.14318127087884744,0.4652054304411192,False,0.1611416292801536,0.3408794134774908,False,0.10557550714189856,0.3240195517176317,False
soh50,46,154,0.08489582111855312,0.22091069630412868,0.11468366689549142,0.3035662105188391,False,0.5,0.16666666666666666,0.16666666666666666,0.16666666666666666,0.02532012956467651,0.055599667874707916,False,0.146181382343127,0.4532276915187355,False,0.15966086859446643,0.3687574593933422,False,0.12757228707969578,0.33668002328857066,False
soh50,46,155,0.07611142606644594,0.23170140229425873,0.1041027437051586,0.32451800479603665,False,0.5,0.16666666666666666,0.16666666666666666,0.16666666666666666,0.02012879078902068,0.04606819729070289,False,0.13890466618119982,0.5559462205605945,False,0.15309138454179427,0.38540876867737245,False,0.10428613330861956,0.3106488326554769,False
soh50,46,156,0.08361141881787588,0.24264012331731438,0.1130695617680046,0.34030614040113033,False,0.5,0.16666666666666666,0.16666666666666666,0.16666666666666666,0.024695132917618445,0.04730808914968254,False,0.14293401804707498,0.5904565393955922,False,0.1615921282828894,0.4061823029921188,False,0.12305696782443559,0.3172776300671279,False
soh50,46,157,0.0825636642044918,0.2586359881039172,0.1128214603627778,0.360500369450864,False,0.5,0.16666666666666666,0.16666666666666666,0.16666666666666666,0.022048071887919806,0.054907225410023484,False,0.1551951813901934,0.613666920949967,False,0.1585748791197152,0.4242930513192595,False,0.11546770905328278,0.34913428012420616,False
soh50,46,158,0.07869209176878954,0.22075138240949171,0.10783919272808078,0.3005559571927196,False,0.5,0.16666666666666666,0.16666666666666666,0.16666666666666666,0.020397889850207095,0.06114223284303602,False,0.14054501074296818,0.4225984093106185,False,0.15637204587761266,0.3821845628758358,False,0.11404182444153514,0.3362986237413881,False
soh50,46,159,0.07935748357418405,0.2090437292143178,0.10873348453493493,0.28451760764971973,False,0.5,0.16666666666666666,0.16666666666666666,0.16666666666666666,0.020605481652682302,0.05809597234351397,False,0.14046859904635023,0.4269980791029251,False,0.16197311663495417,0.3388063477392822,False,0.11188674080575305,0.31417003141315764,False
soh50,46,160,0.09100656098964839,0.22353434880625836,0.12108781593616454,0.30287364323050464,False,0.5,0.16666666666666666,0.16666666666666666,0.16666666666666666,0.030844051096616133,0.06485575995776588,False,0.15007329949739198,0.43701458676417326,False,0.16545766361832315,0.387153042775025,False,0.13797624953232684,0.3224711834250544,False
soh50,46,161,0.08987104042842672,0.22616028052909426,0.11970989432342627,0.3073238283771951,False,0.5,0.16666666666666666,0.16666666666666666,0.16666666666666666,0.03019333263842768,0.06383318483289276,False,0.14586933902790286,0.45094696462252454,False,0.17049465360713567,0.39715199328148537,False,0.13228225202023883,0.3173631707718775,False
soh50,46,162,0.08665957597039317,0.22711129434442642,0.11660610096063148,0.31139481018742304,False,0.5,0.16666666666666666,0.16666666666666666,0.16666666666666666,0.026766525989916582,0.05854426265843325,False,0.14512964585944899,0.5033434526492707,False,0.1548930679630337,0.36895913726825147,False,0.13963516403012663,0.3147323881737367,False
soh50,46,163,0.07860630508319856,0.20067882643020823,0.10763498783459347,0.2771846608383228,False,0.5,0.16666666666666666,0.16666666666666666,0.16666666666666666,0.02054893958040878,0.04766715761397901,False,0.14196328339436967,0.41281773608523126,False,0.152688675889209,0.3418659329597193,False,0.11533905247438636,0.3063878166943619,False
soh50,46,164,0.08069777901299212,0.23477765513568577,0.10969633687231814,0.3270404605490577,False,0.5,0.16666666666666666,0.16666666666666666,0.16666666666666666,0.02270066329434006,0.05025204430894189,False,0.14142252336757316,0.5555373160724971,False,0.1567090908031946,0.38849563786678054,False,0.11795307002416479,0.31387684394801135,False
soh50,46,165,0.07043340811104577,0.22479375595298295,0.09877889268354181,0.31471356031766473,False,0.5,0.16666666666666666,0.16666666666666666,0.16666666666666666,0.013742438966053672,0.04495414722361954,False,0.13449771932803337,0.5363677392499996,False,0.14599708028347544,0.37505595008862186,False,0.1008783321566048,0.30247640470841775,False
soh50,46,166,0.07718980030899815,0.20827984491441107,0.10595478280195286,0.28725604771033036,False,0.5,0.16666666666666666,0.16666666666666666,0.16666666666666666,0.019659835323088716,0.05032743932257246,False,0.141499729338648,0.42924142622630496,False,0.1522053466398723,0.3558759977874968,False,0.11045421990620242,0.31357932750494727,False
soh50,46,167,0.07930992709626962,0.21845509435139085,0.10808693888973925,0.3050954257347098,False,0.5,0.16666666666666666,0.16666666666666666,0.16666666666666666,0.02175590350933038,0.04517443158475294,False,0.14264811442394723,0.5105888618931259,False,0.15551635742249192,0.36324153151411004,False,0.11242738020318742,0.3013768779468504,False
soh50,46,168,0.0784397252467757,0.23616112251282625,0.10739248908325455,0.32096658372966796,False,0.5,0.16666666666666666,0.16666666666666666,0.16666666666666666,0.020534197573818025,0.06655020007914286,False,0.14074935601379338,0.4682197760274467,False,0.1569617010585381,0.4274640259055848,False,0.11132470168686871,0.32163233290649745,False
soh50,46,169,0.07791813193092118,0.23922110134311508,0.10719536393478138,0.332240699674463,False,0.5,0.16666666666666666,0.16666666666666666,0.16666666666666666,0.019363667923200763,0.05318190468041918,False,0.13897936429089483,0.5590333850902751,False,0.15403897994739532,0.3933744816877181,False,0.11639944357763461,0.32337302723943984,False
soh50,46,170,0.07876182876103156,0.2347304600285242,0.10794571054452622,0.32317481626828376,False,0.5,0.16666666666666666,0.16666666666666666,0.16666666666666666,0.020394065194042254,0.057841747549005146,False,0.14042236803790753,0.5282865146040602,False,0.16071345779308374,0.3870167060446807,False,0.11025295115307136,0.3195542968753891,False
soh50,46,171,0.07919921705790528,0.2214014926119296,0.1081348234128055,0.3039648100349152,False,0.5,0.16666666666666666,0.16666666666666666,0.16666666666666666,0.02132800434810482,0.05627485776595839,False,0.1432463011511306,0.4872958015088395,False,0.15993941864839614,0.37682728152881784,False,0.10802556950359045,0.2954612993360452,False
soh50,46,172,0.07689594663964883,0.21108572174281537,0.10555448883544381,0.29279160400151344,False,0.5,0.16666666666666666,0.16666666666666666,0.16666666666666666,0.019578862248058836,0.04767395722541924,False,0.1386841889047712,0.4799909375323717,False,0.15304446454297663,0.33798856658088616,False,0.11091043964596865,0.30551295466737666,False
soh50,46,173,0.08057880415651889,0.21149934957179456,0.11122822927338115,0.2935271738270732,False,0.5,0.16666666666666666,0.16666666666666666,0.16666666666666666,0.019279953922794385,0.047443701061237256,False,0.14094758322683693,0.47769527900180714,False,0.1642788827904881,0.33528866857286194,False,0.12040649715340516,0.3136810466723865,False
soh50,46,174,0.07306449569396571,0.2177302029822517,0.1014263350001333,0.3053297300209975,False,0.5,0.16666666666666666,0.16666666666666666,0.16666666666666666,0.01634081708163054,0.04253114890476008,False,0.13496098364134654,0.4914050648445296,False,0.14952154211195287,0.3891420673946114,False,0.10488199716560324,0.29824063894008895,False
soh50,46,175,0.07584245633929759,0.2373596859899109,0.10548839603227435,0.3264314565138239,False,0.5,0.16666666666666666,0.16666666666666666,0.16666666666666666,0.01655057695334408,0.059216144942084825,False,0.13679712785819706,0.5289415913554044,False,0.1608138123800819,0.3868881379807943,False,0.10779206693747435,0.33067995177701215,False
soh50,46,176,0.08561616709180622,0.23553991602373361,0.11573133281410351,0.32222002217216583,False,0.5,0.16666666666666666,0.16666666666666666,0.16666666666666666,0.025385835647211658,0.06217970372686934,False,0.1459224473769131,0.48825851679621673,False,0.17037677749760097,0.40077367374561873,False,0.12124027073468828,0.3376681944199584,False
soh50,46,177,0.07379140102816215,0.24593538387284536,0.1033030267274614,0.34080737521971644,False,0.5,0.16666666666666666,0.16666666666666666,0.16666666666666666,0.014768149629563626,0.05619140117910333,False,0.14475486783400723,0.6055806725318852,False,0.1530656583421481,0.38819184420149117,False,0.10062343110412665,0.31326558296638596,False
soh50,46,178,0.08128143147511857,0.23161830412380555,0.10924783107676979,0.31468125643091843,False,0.5,0.16666666666666666,0.16666666666666666,0.16666666666666666,0.02534863227181617,0.06549239950957976,False,0.14345756673000454,0.4870713280508092,False,0.15653386753432896,0.38350668205311417,False,0.11165125777092949,0.3226546161101707,False
soh50,46,179,0.07813386939603849,0.23180218286841517,0.10760741280388483,0.3180986650235088,False,0.5,0.16666666666666666,0.16666666666666666,0.16666666666666666,0.019186782580345813,0.05920921855822791,False,0.14154042922047125,0.5346218786303979,False,0.15410141862524782,0.36534717536697264,False,0.11560102078947442,0.3132163875384368,False
soh50,46,180,0.0782283780855288,0.2364439255724555,0.10573510546387864,0.32868666190921814,False,0.5,0.16666666666666666,0.16666666666666666,0.16666666666666666,0.02321492332882914,0.0519584528989302,False,0.14217938928286344,0.5757611730685938,False,0.14914417029918722,0.38336973164173793,False,0.10840193894463472,0.3036572900276107,False
soh50,46,181,0.08915883682775731,0.25145613076324747,0.12058374643991035,0.34307470310822646,False,0.5,0.16666666666666666,0.16666666666666666,0.16666666666666666,0.026309017603451258,0.0682189860732894,False,0.14936405301248276,0.5427845165507407,False,0.1782669513601232,0.43791091123387876,False,0.12839496378358414,0.3233843985749972,False
soh50,46,182,0.08641034596129092,0.2532955667330114,0.11659248733351701,0.35035267426147304,False,0.5,0.16666666666666666,0.16666666666666666,0.16666666666666666,0.02604606321683873,0.05918135167608809,False,0.14494702078314167,0.5963670037476568,False,0.16278605285137485,0.41645610287430285,False,0.13259081248271284,0.3294062387478444,False
soh50,46,183,0.0785676642877292,0.2168826822063168,0.10669664513069836,0.2995909514377206,False,0.5,0.16666666666666666,0.16666666666666666,0.16666666666666666,0.0223097026017909,0.05146614374350925,False,0.14048047843642825,0.47234757223128626,False,0.15485907339112123,0.35993576727355353,False,0.10913732609345304,0.3146143225025333,False
soh50,46,184,0.07700158330114194,0.21633805064173206,0.10571684366509766,0.2970632391396274,False,0.5,0.16666666666666666,0.16666666666666666,0.16666666666666666,0.01957106257323052,0.054887673645941513,False,0.14040877966517815,0.4792459393829643,False,0.15355771223827616,0.3390157413455653,False,0.10932982018370581,0.31510360218403843,False
soh50,46,185,0.07833369657749942,0.23645507036540692,0.10800777949217613,0.3294025577885616,False,0.5,0.16666666666666666,0.16666666666666666,0.16666666666666666,0.018985530748146018,0.05056009551909755,False,0.1398170789061888,0.5716808766728882,False,0.1571252564886493,0.3660420419981791,False,0.11610325182572041,0.32932721696408157,False
soh50,46,186,0.08446241277145186,0.23955596760907652,0.11469871365887524,0.3317563898593831,False,0.5,0.16666666666666666,0.16666666666666666,0.16666666666666666,0.023989810996605115,0.05515512310846334,False,0.14743638858554423,0.5219201122641525,False,0.15905716109892742,0.39873253902398337,False,0.12831149395442423,0.3512177850409333,False
soh50,46,187,0.08459870443942805,0.24489165546200228,0.11401075960592491,0.33292871217367576,False,0.5,0.16666666666666666,0.16666666666666666,0.16666666666666666,0.02577459410643434,0.06881754203865535,False,0.14827257495585158,0.5166590681029789,False,0.15614974038180154,0.3877997314602339,False,0.12584612897961214,0.3584385070928349,False
soh50,46,188,0.07332204708392046,0.21740748538549357,0.10181122134461976,0.30230533175714824,False,0.5,0.16666666666666666,0.16666666666666666,0.16666666666666666,0.016343698562521873,0.04761179264218426,False,0.13516876347021056,0.520285449748405,False,0.15023880797795622,0.345868394156213,False,0.10549361536779032,0.2954556904817907,False
soh50,46,189,0.10599301871017362,0.2404618741738826,0.13610954211407902,0.3313337601528238,False,0.5,0.16666666666666666,0.16666666666666666,0.16666666666666666,0.04575997190236281,0.05871810221600028,False,0.15158700396819227,0.5275518603969387,False,0.1767096667502508,0.41221769452098916,False,0.17038152583551025,0.32684738347736697,False
soh50,46,190,0.08372506234578347,0.24690068459579265,0.11298130853067889,0.33068131006731055,False,0.5,0.16666666666666666,0.16666666666666666,0.16666666666666666,0.025212569975992645,0.0793394336527568,False,0.14712986992344182,0.5222327641522045,False,0.15657661885441576,0.37512821918049966,False,0.12300617536886536,0.3460248232837813,False
soh50,46,191,0.07937581994740617,0.21097581508222688,0.10753823187084754,0.28872509671371366,False,0.5,0.16666666666666666,0.16666666666666666,0.16666666666666666,0.023050996100523403,0.05547725181925333,False,0.14102085069702702,0.4302417846720232,False,0.15072083198780103,0.36470102463481097,False,0.11536024869803875,0.3044803257287672,False
soh50,46,192,0.07931711886802044,0.2417337509839731,0.10993702583617578,0.3329097860227801,False,0.5,0.16666666666666666,0.16666666666666666,0.16666666666666666,0.018077304931709764,0.05938168090635916,False,0.14610499256422188,0.5800999144698995,False,0.1651899374253919,0.38109212525371,False,0.11037586842337958,0.3110654234611517,False
soh50,46,193,0.0817862638877533,0.2218594122116226,0.11103190698814655,0.3093233250189834,False,0.5,0.16666666666666666,0.16666666666666666,0.16666666666666666,0.023294977686966804,0.046931586596900964,False,0.14300113139386636,0.5258763965105464,False,0.15907691672860336,0.3642430902912612,False,0.1187546021431497,0.3002422266772251,False
soh50,46,194,0.075007535675179,0.21376757471813637,0.10403440714793054,0.2919861306433246,False,0.5,0.16666666666666666,0.16666666666666666,0.16666666666666666,0.016953792729675923,0.05733046286775986,False,0.13828552560501373,0.45433381528302724,False,0.1556614710691561,0.34075337270454703,False,0.10523683918787641,0.3155268717179644,False
soh50,46,195,0.08336820480574048,0.20314029310719162,0.11379822654999544,0.28710685501396893,False,0.5,0.16666666666666666,0.16666666666666666,0.16666666666666666,0.02250816131723052,0.035207169293637,False,0.14240371058271245,0.513408752161093,False,0.1632902137056499,0.33350770391251183,False,0.12699082059438896,0.26630379468863385,True
soh50,46,196,0.07201235458639431,0.20439910821715856,0.1009880719021866,0.280428626102018,False,0.5,0.16666666666666666,0.16666666666666666,0.16666666666666666,0.01406091995480972,0.0523400724474397,False,0.13586364424382638,0.4475693463001325,False,0.1536701614433946,0.31677009400832357,True,0.10035756196671569,0.3050349916521762,False
soh50,46,197,0.08040171824300626,0.2566650849079292,0.11022717682305198,0.3566254649434708,False,0.5,0.16666666666666666,0.16666666666666666,0.16666666666666666,0.020750801082914848,0.0567443248368462,False,0.14361645089969743,0.5890154674871609,False,0.15771382515083285,0.4647979026584413,False,0.11882763015876281,0.3159441647914346,False
soh50,46,198,0.08532259514420926,0.2682635721441518,0.11644598310939544,0.375114006175957,False,0.5,0.16666666666666666,0.16666666666666666,0.16666666666666666,0.02307581921383694,0.05456270408054133,False,0.14993963910861982,0.6293671207074664,False,0.16549127202279298,0.4420288944941188,False,0.12727720209233198,0.3744973054217016,False
soh50,46,199,0.07908712511577908,0.21969090353569592,0.10935329191795934,0.30135074137746026,False,0.5,0.16666666666666666,0.16666666666666666,0.16666666666666666,0.018554791511418568,0.05637122785216732,False,0.1423751612963009,0.4755814422355118,False,0.1540617436967265,0.3633850876505851,False,0.12242147116739137,0.3100652077715768,False
soh50,46,200,0.07815352293100197,0.20509702137735888,0.10910672055112873,0.2847632707609813,False,0.5,0.16666666666666666,0.16666666666666666,0.16666666666666666,0.01624712769074846,0.04576452261011406,False,0.14294958125503998,0.42480436684442874,False,0.16990358829715616,0.3524137748321639,False,0.10732658496157034,0.3160704187572185,False
soh60,42,1,0.2356559718409522,0.4409087791255051,0.3238533494573018,0.6452250917016261,True,0.6,0.13333333333333333,0.13333333333333333,0.13333333333333333,0.13485896885083834,0.2074044218956524,True,0.3120041931900969,0.8975573856831432,True,0.41623323332765816,0.827687471905493,True,0.4323170024606138,0.6482510873222159,True
soh60,42,2,0.1676225858492082,0.2601582104286084,0.23654796728184774,0.40664979134581924,True,0.6,0.13333333333333333,0.13333333333333333,0.13333333333333333,0.08885072135476299,0.09273926080893893,True,0.23768497643439948,0.6218708981269144,True,0.3011938370887813,0.4902340565455337,True,0.3184623342494472,0.42175494990188994,True
soh60,42,3,0.15186722693033705,0.2758915172320876,0.2195514468314757,0.42190486896459684,False,0.6,0.13333333333333333,0.13333333333333333,0.13333333333333333,0.07451383275760715,0.10901911525207704,False,0.2206965956821015,0.5847012348923352,True,0.29207060074632357,0.5286235006439933,False,0.2909247581398707,0.4652756250699819,False
soh60,42,4,0.168027556973883,0.28234551985425577,0.2258717980222236,0.4081758564618945,False,0.6,0.13333333333333333,0.13333333333333333,0.13333333333333333,0.10191985291863659,0.1385394208740972,False,0.22672460419877913,0.5655882949938877,True,0.2669655919229128,0.44954599772228204,True,0.30787714304856584,0.479029712257311,False
soh60,42,5,0.15089224119871542,0.2498862338699224,0.2110822824991312,0.37844749126085525,True,0.6,0.13333333333333333,0.13333333333333333,0.13333333333333333,0.08210362256966885,0.1029590825659991,False,0.22324634716331193,0.5341039546074335,True,0.24936103446461555,0.41053528722065086,True,0.2896181257989284,0.4661916406493376,False
soh60,42,6,0.12229485100587706,0.2101605334338776,0.1786647702400717,0.33248768988228267,True,0.6,0.13333333333333333,0.13333333333333333,0.13333333333333333,0.057872086166797475,0.07035806892141475,True,0.19665429213196509,0.5031784052744782,True,0.22617856105298517,0.3775837054314784,True,0.23395414160853908,0.3788305799017592,True
soh60,42,7,0.1291539689154994,0.2002074854800626,0.1849062345101147,0.31580925085875733,True,0.6,0.13333333333333333,0.13333333333333333,0.13333333333333333,0.06543709395022479,0.0680911821901258,True,0.19898990677873618,0.46311509353333863,True,0.22923863966371116,0.3579109173709201,True,0.24595929764778665,0.3741198103406446,True
soh60,42,8,0.11885239978469377,0.2140104490926518,0.17424927216605243,0.3536058320795698,False,0.6,0.13333333333333333,0.13333333333333333,0.13333333333333333,0.05554168849171245,0.05447286853617412,True,0.19113108672938828,0.5442426093574828,False,0.2275955001676151,0.44386594266381046,False,0.22272881327549388,0.3718419077608118,True
soh60,42,9,0.12642040184420925,0.20283489185365508,0.17844398584832558,0.31886580084640787,False,0.6,0.13333333333333333,0.13333333333333333,0.13333333333333333,0.0669648772680763,0.07022813871908044,False,0.19078507711788908,0.4705601356748734,False,0.2181195626703009,0.3627966705029946,False,0.23790642633703607,0.3718782584886831,False
soh60,42,10,0.11256880259350169,0.20265730466458654,0.1643075770062769,0.3216184647686562,False,0.6,0.13333333333333333,0.13333333333333333,0.13333333333333333,0.05343877469318715,0.06670169311707834,False,0.18653669548736493,0.49625363520048743,False,0.2028591364689937,0.3592968859669951,False,0.21439570137556185,0.36422164479006397,True
soh60,42,11,0.12592839844961537,0.19343070719161842,0.1812172015105473,0.3056432863081138,True,0.6,0.13333333333333333,0.13333333333333333,0.13333333333333333,0.06274119495140747,0.06518775962990936,False,0.2040119619362839,0.4535013460428243,True,0.22571405398335484,0.3438286003759017,True,0.232401595171143,0.36005543918382,True
soh60,42,12,0.12279534948798573,0.20876079373839734,0.17949010322434775,0.32819772693802673,False,0.6,0.13333333333333333,0.13333333333333333,0.13333333333333333,0.05800134521785775,0.07226144151024948,False,0.19178059716102633,0.4826602601148473,False,0.2332338997683454,0.3784344836439415,False,0.23494457075016148,0.37943472248306875,False
soh60,42,13,0.11741492913147035,0.18860838667936222,0.16649733442440443,0.29552098213186445,True,0.6,0.13333333333333333,0.13333333333333333,0.13333333333333333,0.061320751653831385,0.066422563305074,False,0.1910505011274751,0.4439449409305416,True,0.19902741461541731,0.32570924154457154,True,0.214590670300894,0.34600718274727055,True
soh60,42,14,0.11305137263320583,0.1800573209794726,0.1654116589129477,0.2880020352388578,True,0.6,0.13333333333333333,0.13333333333333333,0.13333333333333333,0.05321104545635798,0.05669193325446091,False,0.18344028051165662,0.42505330876302905,True,0.20860027116722638,0.34210973364820685,False,0.21639503851654984,0.32815316528973454,True
soh60,42,15,0.110755903450102,0.20404948667867978,0.15998598585746437,0.33111375765097867,False,0.6,0.13333333333333333,0.13333333333333333,0.13333333333333333,0.05449295212740214,0.05883317699605244,False,0.18398958696768308,0.5221678986763769,False,0.19874853425393738,0.3873997687424012,False,0.2027128700808349,0.3560541861890843,False
soh60,42,16,0.11817838499053704,0.19405095618574003,0.1700167663836806,0.3099423240055573,False,0.6,0.13333333333333333,0.13333333333333333,0.13333333333333333,0.058934520541230107,0.061603678677377385,False,0.18753886943759826,0.4582585030372038,False,0.2005859413606833,0.33992220308690096,False,0.23300773419521068,0.3799849112207472,False
soh60,42,17,0.12002249987786581,0.18130791395180956,0.1721411103076973,0.29587303203699655,False,0.6,0.13333333333333333,0.13333333333333333,0.13333333333333333,0.06045837367234411,0.05037635042588156,True,0.19424119300436304,0.45513945160049385,False,0.2148534764269863,0.3471689528404694,False,0.21901139812709583,0.33080737328114146,False
soh60,42,18,0.13099788502240398,0.2119985085269981,0.19125076455536266,0.330597885138796,False,0.6,0.13333333333333333,0.13333333333333333,0.13333333333333333,0.06213745127045122,0.07645636382780047,False,0.2082694541558535,0.43649826947475895,False,0.2501374162556543,0.4006733492433943,False,0.24445873653949168,0.4087635580092303,False
soh60,42,19,0.10377407375823292,0.1852648957507554,0.15594199251417903,0.30068297808166156,False,0.6,0.13333333333333333,0.13333333333333333,0.13333333333333333,0.0441535951800088,0.0533585159440055,False,0.1734974153285875,0.48040300581146544,False,0.20334202627182185,0.33926597014099785,False,0.20277493327629795,0.3297044204301773,False
soh60,42,20,0.1365135618834055,0.17298214673101925,0.19404886965034798,0.2820589502739958,True,0.6,0.13333333333333333,0.13333333333333333,0.13333333333333333,0.0707589244354712,0.04832294268190321,True,0.19941488872268517,0.43843678109460543,False,0.24176286701557484,0.3222545835360167,True,0.26425879842766076,0.3192214937834579,True
soh60,42,21,0.10276651203560666,0.17201621816870014,0.15171567280553125,0.28749911345129225,True,0.6,0.13333333333333333,0.13333333333333333,0.13333333333333333,0.04682461401283573,0.04003576641716626,True,0.17695152953522833,0.4530290705790651,False,0.18962283590817883,0.3398718966320598,False,0.19346371176588203,0.31705972017687795,True
soh60,42,22,0.10723244321010657,0.2049213551764443,0.15508254610336192,0.34232876455858896,False,0.6,0.13333333333333333,0.13333333333333333,0.13333333333333333,0.05254661133210046,0.04788431588256467,False,0.18000208591520175,0.5374324542278849,False,0.1995391537060398,0.45392204560713245,False,0.18824233346010563,0.3300762425167739,False
soh60,42,23,0.10485541848950194,0.18037898204113667,0.15137349795219565,0.3004277645145254,False,0.6,0.13333333333333333,0.13333333333333333,0.13333333333333333,0.0516918991035663,0.04318037350012097,False,0.17327558996077644,0.47101635438812667,False,0.19112445058129765,0.3537443222776129,False,0.18940205216314218,0.33377000789224115,False
soh60,42,24,0.09929946039991333,0.176089345292805,0.14882465841250964,0.2926743104386547,False,0.6,0.13333333333333333,0.13333333333333333,0.13333333333333333,0.04269923409980327,0.04284938512611965,False,0.17195425989991486,0.45488858263299353,False,0.19692711409041344,0.3455508804419674,False,0.1837180255599069,0.3274083935535383,False
soh60,42,25,0.09650850236733012,0.16743579979726636,0.1447583997125333,0.2683969478228316,True,0.6,0.13333333333333333,0.13333333333333333,0.13333333333333333,0.04136576254424079,0.052051630625191775,False,0.1704326017925232,0.4040440444738798,True,0.18304862331296726,0.307601821881851,True,0.18418661120040192,0.3098902943104039,True
soh60,42,26,0.10454894552327092,0.18091832352586132,0.15193076017044096,0.3031545638414801,False,0.6,0.13333333333333333,0.13333333333333333,0.13333333333333333,0.05039830021221943,0.041219763165154126,False,0.1750657032260127,0.5036076447069436,False,0.19649794638543985,0.3504323518165,False,0.18576109085809187,0.3173584956773226,False
soh60,42,27,0.10841701945701776,0.19377260738517874,0.1601269489125613,0.3178285803726262,False,0.6,0.13333333333333333,0.13333333333333333,0.13333333333333333,0.049319957222110855,0.05199435254238163,False,0.1824087488699143,0.5397510041166214,False,0.2091970595551985,0.3563139301485369,False,0.19958203000302152,0.32325503468296485,False
soh60,42,28,0.09739524774940694,0.17672070916977123,0.14476011138943135,0.2956920323379688,False,0.6,0.13333333333333333,0.13333333333333333,0.13333333333333333,0.043263975017950485,0.0407534826918311,False,0.17379377750702393,0.487930146883156,False,0.183969369645866,0.32512488523285565,False,0.17801332338688494,0.3289596145440326,False
soh60,42,29,0.09877957438966783,0.17188676361446234,0.14718745705926123,0.2854131008175778,False,0.6,0.13333333333333333,0.13333333333333333,0.13333333333333333,0.04345627991013253,0.042142378239473186,False,0.16823341664869793,0.4646363489556835,False,0.1943009567536431,0.3201280823143218,False,0.1827591749245714,0.31474559376083283,False
soh60,42,30,0.09676333515292995,0.17393933002235787,0.1464570020754422,0.2901327056630883,False,0.6,0.13333333333333333,0.13333333333333333,0.13333333333333333,0.03997057295577307,0.04114690071866592,False,0.1781359518292287,0.46129705115212954,False,0.1879786503399755,0.348395200265641,False,0.17974283317679166,0.3096916705159168,True
soh60,42,31,0.09989184960480135,0.21622681907113367,0.1477500424375411,0.35088082466077364,False,0.6,0.13333333333333333,0.13333333333333333,0.13333333333333333,0.04519677208167021,0.06233652696868804,False,0.17153124566348463,0.5494070928024644,False,0.1960018557832016,0.4561584911081351,False,0.178270296221808,0.33562118776380684,False
soh60,42,32,0.09343312144388181,0.1747558172947119,0.14285598294397603,0.2910860762216002,False,0.6,0.13333333333333333,0.13333333333333333,0.13333333333333333,0.036949851158059856,0.041806949949696706,False,0.16250167521343337,0.4557679655350831,False,0.18628840437302352,0.3256996560946564,False,0.18568400103138735,0.3410697333069647,False
soh60,42,33,0.11255115535887575,0.18586874529706335,0.16016486543957864,0.3049026560753371,False,0.6,0.13333333333333333,0.13333333333333333,0.13333333333333333,0.05813548669521529,0.04982999012189329,False,0.181747126397227,0.46478013098612797,False,0.21239395130342723,0.3656211956015207,False,0.1883828973624451,0.3393793075918066,False
soh60,42,34,0.11377345486131885,0.17902419341825343,0.1611744067260773,0.28706386393520106,False,0.6,0.13333333333333333,0.13333333333333333,0.13333333333333333,0.05960093844445204,0.055550284256027545,False,0.1773082536560726,0.44200803446612125,False,0.21730130063911854,0.32950717735768414,False,0.190487134164666,0.3211899596609713,False
soh60,42,35,0.10197130480622056,0.19851172222398522,0.14705138065411502,0.32534821741033243,False,0.6,0.13333333333333333,0.13333333333333333,0.13333333333333333,0.050451218122912624,0.053555727725302704,False,0.1728675849032653,0.5317962835479926,False,0.1838082258566017,0.3601517850241158,False,0.18107849373368043,0.35588907334391856,False
soh60,42,36,0.09907613299198018,0.20252244526359478,0.1437286717544733,0.3242860696390787,False,0.6,0.13333333333333333,0.13333333333333333,0.13333333333333333,0.04804466012055947,0.0633640174058989,False,0.1680653043085505,0.5183703765819888,False,0.18255784940647202,0.36100410132342775,False,0.17624687318231125,0.3544057832449992,False
soh60,42,37,0.09358493373594093,0.1802645793421625,0.1412288163326207,0.29260082577551483,False,0.6,0.13333333333333333,0.13333333333333333,0.13333333333333333,0.03913478219687836,0.05188029770404551,False,0.16793405770100445,0.4457402255485459,False,0.18175134787278466,0.3192274630859341,False,0.17609507755981524,0.35355531676353386,False
soh60,42,38,0.09133523783795612,0.1811791464157462,0.13688981983003642,0.29495513168997134,False,0.6,0.13333333333333333,0.13333333333333333,0.13333333333333333,0.03927285841843578,0.051149448959488884,False,0.16773349656361683,0.4624203000223464,False,0.1762156027472511,0.3147603798522698,False,0.164337321590842,0.35149039792578024,False
soh60,42,39,0.09864813052796514,0.2053234442788772,0.14593933933541697,0.3191805225427251,False,0.6,0.13333333333333333,0.13333333333333333,0.13333333333333333,0.044601034748020206,0.07520106912019389,False,0.1740793506425561,0.48859133104458996,False,0.18387247292319872,0.32924523858813504,False,0.18120449902789282,0.3836844514179815,False
soh60,42,40,0.10627844606031345,0.17453928854086176,0.15240466035913214,0.2912442663606839,False,0.6,0.13333333333333333,0.13333333333333333,0.13333333333333333,0.053562772575949213,0.04116217103249357,False,0.18141061750815354,0.46686221395156974,False,0.18667982896025095,0.34170775805114545,False,0.18796542239217487,0.3152449224075269,False
soh60,42,41,0.09314159676240047,0.1982079828522265,0.1395993617403456,0.32655210813810714,False,0.6,0.13333333333333333,0.13333333333333333,0.13333333333333333,0.04004700821617747,0.05152898252550569,False,0.17009125311360115,0.5400929388537995,False,0.18439786931628502,0.37078589632992864,False,0.1638613163153188,0.34380061484319485,False
soh60,42,42,0.09586357632670557,0.20257048843333028,0.1408173097441743,0.3257027684599818,False,0.6,0.13333333333333333,0.13333333333333333,0.13333333333333333,0.044487880992455604,0.06184788268858572,False,0.16811699955721934,0.5108743942226459,False,0.17726522191228963,0.36895373612457866,False,0.17339913651473263,0.3611350608041168,False
soh60,42,43,0.08822407329519466,0.17822557975210407,0.13593260186028483,0.29925838816119693,False,0.6,0.13333333333333333,0.13333333333333333,0.13333333333333333,0.03370004064937733,0.0399023701417122,True,0.16324935208854277,0.46840758455132586,False,0.18031522839433167,0.344997264154664,False,0.16646578630888756,0.3437263337970858,False
soh60,42,44,0.08949110821214024,0.17623646336616736,0.13684287303747072,0.2959965415771055,False,0.6,0.13333333333333333,0.13333333333333333,0.13333333333333333,0.035374805554619665,0.03936780255366668,True,0.16499981689595183,0.4851131879481001,False,0.17357214368665377,0.3377776731811957,False,0.17342472601265765,0.3217275026254593,False
soh60,42,45,0.09124079364082929,0.17495989908203136,0.1373821379843871,0.2812439716147895,False,0.6,0.13333333333333333,0.13333333333333333,0.13333333333333333,0.03850782867676326,0.05349238761602212,False,0.163974730086462,0.416244613972959,False,0.18150389239760845,0.3140909792886975,False,0.16554210077671463,0.3411479055814793,False
soh60,42,46,0.09178534889686087,0.17674215743905564,0.13932969506570927,0.2989735974060147,False,0.6,0.13333333333333333,0.13333333333333333,0.13333333333333333,0.03744895327531983,0.03704908319110237,True,0.1648358052850998,0.5034312467833902,False,0.18279499686690237,0.3439702482682591,False,0.1722390248355151,0.3114438113813073,False
soh60,42,47,0.08595949415327479,0.1835514811995522,0.1316130879503137,0.30044649195571954,False,0.6,0.13333333333333333,0.13333333333333333,0.13333333333333333,0.03378395838523034,0.04995718319250378,False,0.15997728776072398,0.45223951944426083,False,0.17436253170058238,0.35180745787517753,False,0.1583285739547181,0.34778180731093605,False
soh60,42,48,0.10314964889873282,0.1967915014572417,0.15105333614563157,0.3276029521136926,False,0.6,0.13333333333333333,0.13333333333333333,0.13333333333333333,0.04840257775941995,0.047292700707012074,False,0.17417705934753283,0.5418812213387798,False,0.18858067708071571,0.3852429993856779,False,0.1930530303948578,0.33599488702330066,False
soh60,42,49,0.0935365217185468,0.19403660427331335,0.14177477451162365,0.31857391404593527,False,0.6,0.13333333333333333,0.13333333333333333,0.13333333333333333,0.0384070899550304,0.05170825024745976,False,0.16697630432250263,0.46939458020391905,False,0.18159033169480943,0.3774161099771269,False,0.18012537207415216,0.3757767157552354,False
soh60,42,50,0.09603101726826245,0.18250319063371567,0.14177899273266464,0.2892070305718134,False,0.6,0.13333333333333333,0.13333333333333333,0.13333333333333333,0.0437476167375171,0.060555944990175366,False,0.16417032183156954,0.42124174287949273,False,0.17455796014693084,0.31855628352659543,False,0.18464007221464107,0.35647415089099016,False
soh60,42,51,0.0916761923124797,0.21270434866129906,0.13856691746134542,0.3526240496767922,False,0.6,0.13333333333333333,0.13333333333333333,0.13333333333333333,0.03808679214234745,0.052796118929306905,False,0.16372116258796984,0.5729501091531981,False,0.1823960745921921,0.4523723209204513,False,0.17006364052287226,0.3323776497042124,False
soh60,42,52,0.09140074390445405,0.17403750071708413,0.13891535126473573,0.284533166682709,False,0.6,0.13333333333333333,0.13333333333333333,0.13333333333333333,0.037098335492703555,0.04775673961351285,False,0.16538834957573414,0.44137272034064284,False,0.17727797365408057,0.30876538386773184,False,0.17589674633642458,0.3402378229089484,False
soh60,42,53,0.08806514784502806,0.17569034584856794,0.13789718609573673,0.29596581150737855,False,0.6,0.13333333333333333,0.13333333333333333,0.13333333333333333,0.031114246987075277,0.0382326708099273,False,0.16631132893171338,0.4679483256027083,False,0.1989439756306722,0.3543310532457135,False,0.1552191928334861,0.32335119637116494,False
soh60,42,54,0.08238589107282412,0.16241049919030762,0.1275756057666939,0.26685225484195285,True,0.6,0.13333333333333333,0.13333333333333333,0.13333333333333333,0.030740502851258636,0.04304849273128452,False,0.15592461610879582,0.4196660402833073,False,0.17345866498702275,0.29051007856578565,True,0.15017863911969845,0.3141844077874339,False
soh60,42,55,0.08369063169264276,0.16671000041673595,0.1293465582106899,0.2884518701489967,False,0.6,0.13333333333333333,0.13333333333333333,0.13333333333333333,0.03151242995773173,0.027576435008437972,True,0.16260081323938422,0.5073754677050731,False,0.17183364231112205,0.3272694815401817,False,0.1514393473345217,0.291586096342294,True
soh60,42,56,0.08638990917190469,0.18096628084464036,0.13253787702771033,0.2879888546982362,False,0.6,0.13333333333333333,0.13333333333333333,0.13333333333333333,0.033649374479555356,0.05865476786910227,False,0.16192747041602285,0.40589367566185697,False,0.17601689643068438,0.3163084209420604,False,0.1585577667845788,0.37109855431992517,False
soh60,42,57,0.09132971768253838,0.21341895979820752,0.13514435209215897,0.32383856311492637,False,0.6,0.13333333333333333,0.13333333333333333,0.13333333333333333,0.04125584978582914,0.08722512743624315,False,0.16542141444137046,0.47364479585516356,False,0.17491407875830778,0.33722650057910747,False,0.15898606538312848,0.3972578285891912,False
soh60,42,58,0.08302139484992346,0.18311366731823375,0.12915747252331444,0.30166206122908906,False,0.6,0.13333333333333333,0.13333333333333333,0.13333333333333333,0.030294448937476657,0.04762978856297058,False,0.1604887911912765,0.4576007050347906,False,0.17674032067526899,0.3483476699002112,False,0.14910632928923556,0.3530700814183838,False
soh60,42,59,0.0883814352018687,0.1869514026036679,0.13351310595017746,0.3060466585184294,False,0.6,0.13333333333333333,0.13333333333333333,0.13333333333333333,0.03680238291808729,0.050842538701083365,False,0.16175640840154792,0.4753857638452441,False,0.1812155514122029,0.3664540504064322,False,0.15427808106887164,0.33150428112095787,False
soh60,42,60,0.07850357171729222,0.186098347546766,0.1240917239734437,0.3074008511831705,False,0.6,0.13333333333333333,0.13333333333333333,0.13333333333333333,0.026402826281690533,0.04746691481944657,False,0.15629753890781659,0.4856046645377987,False,0.17186570825841332,0.35375364464576187,False,0.14180082244585437,0.34277818072967486,False
soh60,42,61,0.0820438999432249,0.18719895383851531,0.12852189283367127,0.3023095302146616,False,0.6,0.13333333333333333,0.13333333333333333,0.13333333333333333,0.028926193782714774,0.05564400940863388,False,0.15908321589349383,0.43953142849046006,False,0.1765518799431054,0.3332413223577309,False,0.14952628171537108,0.38082136060182153,False
soh60,42,62,0.08466128575199239,0.18049921105621172,0.1298419709057252,0.29483217261592237,False,0.6,0.13333333333333333,0.13333333333333333,0.13333333333333333,0.03302621700486921,0.04983296927368533,False,0.16114379180982497,0.4612880041314879,False,0.1698679270900966,0.3254849108483296,False,0.15532994771810996,0.3427228062101866,False
soh60,42,63,0.08338780905030109,0.17750982550936645,0.12961638337397782,0.29277795281971375,False,0.6,0.13333333333333333,0.13333333333333333,0.13333333333333333,0.03055515268038483,0.04577482286896951,False,0.15938651399492604,0.4663643840917003,False,0.16963801329657346,0.33602187746057965,False,0.15888585352402693,0.32295072685760556,False
soh60,42,64,0.0900855226656972,0.18105985976192696,0.1351085762810751,0.29128217903356585,False,0.6,0.13333333333333333,0.13333333333333333,0.13333333333333333,0.038630604248122494,0.05509149488005393,False,0.16468236031964226,0.4541101008607807,False,0.1731562880338635,0.31422693163555065,False,0.16396505252267213,0.34170018875787805,False
soh60,42,65,0.07822555991118328,0.18214380137823658,0.12324085503298166,0.3109609561082962,False,0.6,0.13333333333333333,0.13333333333333333,0.13333333333333333,0.02677950834341371,0.03492419597245415,False,0.15474782326977615,0.5519229580521398,False,0.1700163616988505,0.349476726677177,False,0.14141972681988624,0.30751994373141395,False
soh60,42,66,0.08323407613456361,0.1784951387355794,0.12654152351611442,0.2972857097928173,False,0.6,0.13333333333333333,0.13333333333333333,0.13333333333333333,0.033739850555648404,0.04273448609873608,False,0.15986687001658484,0.5075925033995112,False,0.17061390553554315,0.32253680494299203,False,0.1419454679566813,0.31627904473002993,False
soh60,42,67,0.08789536219980489,0.19209571339215822,0.13323862131652398,0.3180903954133787,False,0.6,0.13333333333333333,0.13333333333333333,0.13333333333333333,0.036074494637840224,0.04810179108219204,False,0.16029164589673842,0.4921325828349979,False,0.17710140228687143,0.4038767123064879,False,0.15948694244464579,0.32825049542983675,False
soh60,42,68,0.08211887910172759,0.1732415375112687,0.1274984353426343,0.28736514520852974,False,0.6,0.13333333333333333,0.13333333333333333,0.13333333333333333,0.030256529112119932,0.042814557285827455,False,0.15836250018402906,0.4627553590545514,False,0.1726244693911062,0.33754633657601585,False,0.148750242683282,0.30634432791772437,False
soh60,42,69,0.08776057517356729,0.1663872341528445,0.13121314918301924,0.27093449246843726,False,0.6,0.13333333333333333,0.13333333333333333,0.13333333333333333,0.038100490591336515,0.04690465322073853,False,0.16556164262125514,0.3922950520689339,True,0.17137302824687553,0.3247107388547567,False,0.14981743527260974,0.31982752572931983,False
soh60,42,70,0.08052221988843752,0.178994596011491,0.1247509203061227,0.2902609369992378,False,0.6,0.13333333333333333,0.13333333333333333,0.13333333333333333,0.029975133696797315,0.05183306345406616,False,0.15575676692207432,0.43791584599904526,False,0.17376148699671679,0.34387314297496613,False,0.13951029360890238,0.3274216955688735,False
soh60,42,71,0.09102238921507297,0.22384126921091024,0.1387498409077051,0.3620192158711474,False,0.6,0.13333333333333333,0.13333333333333333,0.13333333333333333,0.03647673013777912,0.06592361588492494,False,0.17501981072404926,0.5986090415050781,False,0.17801926210943764,0.41340540060726316,False,0.16548356065955436,0.37013880548732336,False
soh60,42,72,0.08557158350059142,0.17114321274709815,0.1323610594698142,0.2692454329274476,False,0.6,0.13333333333333333,0.13333333333333333,0.13333333333333333,0.032097896678622555,0.05902638968384158,False,0.1580687063968082,0.3837065575987582,True,0.18251435079247944,0.31016639676970975,False,0.1567632840113465,0.324082387657481,False
soh60,42,73,0.07906510208198925,0.16766581799451927,0.122703310179195,0.2729516135602471,False,0.6,0.13333333333333333,0.13333333333333333,0.13333333333333333,0.02919286425661122,0.04733919449083034,False,0.15236870787020448,0.4115361975816456,False,0.16696100034714437,0.3189727221267235,False,0.14229066824281997,0.3139583400417888,False
soh60,42,74,0.07358483059166805,0.17295987704093418,0.11544816690612898,0.2827767115631098,False,0.6,0.13333333333333333,0.13333333333333333,0.13333333333333333,0.025741017660855566,0.047454923301304935,False,0.15082264043671592,0.46511286456701595,False,0.1598943660234002,0.30831291393802934,False,0.12533464350354423,0.3102261444460889,False
soh60,42,75,0.09113484203738531,0.18923831378801081,0.13502803809117966,0.3186638712518294,False,0.6,0.13333333333333333,0.13333333333333333,0.13333333333333333,0.0409711894044775,0.04132339097221813,False,0.16549052946388296,0.5134595250784951,False,0.1843810009911516,0.3974656424164064,False,0.1492694325052066,0.3224069265401979,False
soh60,42,76,0.11099503068556175,0.15821083101360417,0.1580037349240908,0.26363559860213387,True,0.6,0.13333333333333333,0.13333333333333333,0.13333333333333333,0.05727079727009998,0.03772538234099881,False,0.17578157641223582,0.4304894297338803,False,0.19154680962357448,0.30227116065120074,False,0.20741575639045295,0.28405642168245565,True
soh60,42,77,0.0743576061237047,0.19503930428248972,0.11913741625309515,0.3264988563439362,False,0.6,0.13333333333333333,0.13333333333333333,0.13333333333333333,0.023180680261544184,0.044799816212265156,False,0.15432394020986648,0.5334314446197825,False,0.16438076472067678,0.40045193428015824,False,0.13466427982029314,0.327312230263539,False
soh60,42,78,0.08256624094687587,0.16642070729122616,0.1282351294321918,0.2775525370602603,False,0.6,0.13333333333333333,0.13333333333333333,0.13333333333333333,0.03037322553508621,0.039412901840901446,False,0.1685416833085203,0.44736661583803095,False,0.17082827508768106,0.3222645133220525,False,0.14319733379747968,0.30116611724005626,False
soh60,42,79,0.08484800123771316,0.1867065445976675,0.13231723272974957,0.3056038457751049,False,0.6,0.13333333333333333,0.13333333333333333,0.13333333333333333,0.030597450961100132,0.0508239146805962,False,0.16107632705586764,0.49499224941704645,False,0.1879644621437855,0.3591664268495231,False,0.14963069075824498,0.31743279215325393,False
soh60,42,80,0.08154930049429457,0.17265262898933997,0.1262297423282312,0.28151071553046664,False,0.6,0.13333333333333333,0.13333333333333333,0.13333333333333333,0.03048593839836698,0.04824338722805242,False,0.155508519000543,0.4130894556197004,False,0.17460994933513385,0.3228129422142373,False,0.14431456257888103,0.3418970770598763,False
soh60,42,81,0.07631317140053767,0.17473180504417204,0.1213062051124971,0.28632066610996776,False,0.6,0.13333333333333333,0.13333333333333333,0.13333333333333333,0.024892561444012612,0.04720167811183411,False,0.15766606386478885,0.4393598378395607,False,0.1742470301129775,0.3524532836153043,False,0.1284191650282094,0.3062678648731719,False
soh60,42,82,0.07676981277925347,0.17118457624384742,0.12093875591554681,0.28472316004346193,False,0.6,0.13333333333333333,0.13333333333333333,0.13333333333333333,0.02629102062348967,0.04142619475857369,False,0.15524334726924066,0.4530980555564496,False,0.16746139167475582,0.33504524957525467,False,0.13475926409470104,0.30932314028356983,False
soh60,42,83,0.08943290353589467,0.18287586912544818,0.13370331674649572,0.3003495283585613,False,0.6,0.13333333333333333,0.13333333333333333,0.13333333333333333,0.03883814558092203,0.0486202585733189,False,0.16168795205568312,0.45782384593381353,False,0.18310124404035444,0.37571727634616403,False,0.15118592530902328,0.31923673258094887,False
soh60,42,84,0.07227072843243705,0.16754169440181324,0.11621358170514545,0.2723431532311515,False,0.6,0.13333333333333333,0.13333333333333333,0.13333333333333333,0.022050324692198905,0.047768598596855234,False,0.1505836940938654,0.4094933267393231,False,0.16194235938100443,0.3330104211868489,False,0.13027794865351303,0.29910026640157866,False
soh60,42,85,0.09570688400620328,0.23043842514634294,0.14605113009579493,0.3608994510448374,False,0.6,0.13333333333333333,0.13333333333333333,0.13333333333333333,0.038170602760955685,0.08134010983377785,False,0.16471543018316656,0.5052580733036912,False,0.18661640935394255,0.3790029155072772,False,0.1947020780851149,0.4779967055346032,False
soh60,42,86,0.09105232881653809,0.1883621510285023,0.13612062650525092,0.307567890786557,False,0.6,0.13333333333333333,0.13333333333333333,0.13333333333333333,0.039545702886580575,0.052127019876439765,False,0.16413897324576843,0.47604177166814415,False,0.17998808638377242,0.3856931564923573,False,0.16080974350488222,0.3164096151092868,False
soh60,42,87,0.0740762550014148,0.166308421414946,0.11784521944839607,0.27207869734026374,False,0.6,0.13333333333333333,0.13333333333333333,0.13333333333333333,0.024054581347721933,0.04542810607172571,False,0.15061523576365712,0.42164269258647535,False,0.16844250698590527,0.30538381164062717,False,0.12826855369629997,0.3158601790622268,False
soh60,42,88,0.08290002593292667,0.1790585662741818,0.1287889728742585,0.2976819182868267,False,0.6,0.13333333333333333,0.13333333333333333,0.13333333333333333,0.030455515142833175,0.04348902111687329,False,0.15719588215700395,0.48127051281211536,False,0.17559333959518578,0.3488056342470675,False,0.15191115460201107,0.3171625049712508,False
soh60,42,89,0.08065022520733815,0.1890038268580229,0.12431875955019067,0.30168822491316255,False,0.6,0.13333333333333333,0.13333333333333333,0.13333333333333333,0.030743328815506725,0.06022165765214903,False,0.15589731668851237,0.45241575214187807,False,0.16439632030896192,0.34839784164421883,False,0.1462380723877816,0.34571764821440426,False
soh60,42,90,0.07543770910488296,0.18832995052037224,0.12016649200616436,0.30619057271680783,False,0.6,0.13333333333333333,0.13333333333333333,0.13333333333333333,0.024319100074847062,0.0536320965815887,False,0.14908520714812903,0.46200036450268045,False,0.17733907238099852,0.3860277819850677,False,0.1299225884206828,0.32310204779789453,False
soh60,42,91,0.09435723277237221,0.16049702901648788,0.1410590125276578,0.2635694057363521,False,0.6,0.13333333333333333,0.13333333333333333,0.13333333333333333,0.040983770194902944,0.04270002705092877,False,0.1631166904969669,0.389759118031695,False,0.1846521166339811,0.30225006020384965,False,0.1754834727847803,0.3195684176589351,False
soh60,42,92,0.07899309580565828,0.1721970593732339,0.12264998275828193,0.28569745261727264,False,0.6,0.13333333333333333,0.13333333333333333,0.13333333333333333,0.029099510716945505,0.042482324237189624,False,0.15215947698021348,0.4422792620780902,False,0.17336767034335576,0.33624023394988267,False,0.135973272992613,0.321787990203928,False
soh60,42,93,0.08830580248831879,0.19153717796878805,0.13460398710411942,0.30315187782376785,False,0.6,0.13333333333333333,0.13333333333333333,0.13333333333333333,0.03539359149883236,0.06397752099166824,False,0.16990868394738065,0.43398976135361617,False,0.17911329224854364,0.35883259605439943,False,0.15400038072172098,0.3558076328953876,False
soh60,42,94,0.07084216696629145,0.1628698377813063,0.11396816225314264,0.27136485886397577,False,0.6,0.13333333333333333,0.13333333333333333,0.13333333333333333,0.02155531520989007,0.038875527972541186,False,0.1482269738788227,0.4204194589591119,False,0.16332048785535583,0.31300404156947165,False,0.122769872068502,0.3131604069547782,False
soh60,42,95,0.0769299003753246,0.201331740992645,0.1214343317247521,0.33488165687866805,False,0.6,0.13333333333333333,0.13333333333333333,0.13333333333333333,0.02606769311883605,0.04870326569433299,False,0.15352333871294035,0.5710642603307674,False,0.17024141831262365,0.4017908493793754,False,0.1359048767546083,0.31796825211019625,False
soh60,42,96,0.07709361759456915,0.17357831041605976,0.12014159809914922,0.28514519211365463,False,0.6,0.13333333333333333,0.13333333333333333,0.13333333333333333,0.027895925589334788,0.046073302761665644,False,0.1535981241187183,0.4491050453593423,False,0.16709223385201225,0.3287428381751272,False,0.13198010883653155,0.3166595821584833,False
soh60,42,97,0.0740047210118154,0.15052871843169655,0.11752507532393047,0.2455323179107184,True,0.6,0.13333333333333333,0.13333333333333333,0.13333333333333333,0.02426717322654105,0.04195317616995728,False,0.15042139847513145,0.3546655568115527,True,0.16468850275695304,0.292939690680837,False,0.13072322683709633,0.2925708479805266,False
soh60,42,98,0.07910303075993813,0.18081702079667977,0.12500125120648192,0.29229721864564,False,0.6,0.13333333333333333,0.13333333333333333,0.13333333333333333,0.0266479216781738,0.053411080397868085,False,0.15571197433048947,0.40220288066040877,False,0.1731002817025161,0.357096294176303,False,0.14454482711474834,0.35647861934798014,False
soh60,42,99,0.0758742321713819,0.1744589290010557,0.11935165626165123,0.28209487011543843,False,0.6,0.13333333333333333,0.13333333333333333,0.13333333333333333,0.02618574749678835,0.05144642487033256,False,0.15170666444770411,0.4507982034676911,False,0.16695585315982164,0.32762898946221325,False,0.13255835994229084,0.29850586266151685,False
soh60,42,100,0.07840165636155305,0.18131784896960182,0.12216459293539955,0.2981324761071255,False,0.6,0.13333333333333333,0.13333333333333333,0.13333333333333333,0.028386871705728477,0.047815417955289076,False,0.15518719169477382,0.45435284307863144,False,0.1778218453576398,0.3723759156583549,False,0.12726246298345611,0.3179857277362265,False
soh60,42,101,0.07680560509929686,0.170150456447672,0.12059035830331175,0.27938982623749553,False,0.6,0.13333333333333333,0.13333333333333333,0.13333333333333333,0.026765887151851252,0.04530546240215935,False,0.15085375405078105,0.4099878272640665,False,0.16984197151273386,0.32422481611925275,False,0.13489982049788088,0.3380411991645036,False
soh60,42,102,0.08010074108685705,0.19261964563390843,0.12589026761831315,0.3194646417148157,False,0.6,0.13333333333333333,0.13333333333333333,0.13333333333333333,0.027769853622335788,0.04765393582715729,False,0.15523221460524078,0.4912757461024893,False,0.1721618127342217,0.41581254562780184,False,0.14839718951145434,0.3231163393018143,False
soh60,42,103,0.06956372968805145,0.159448487900219,0.11262381585467053,0.26161169293589615,False,0.6,0.13333333333333333,0.13333333333333333,0.13333333333333333,0.020352202640486792,0.0426905392880166,False,0.1491017974064476,0.3922725492893428,False,0.16065762936457126,0.30609498909193816,False,0.12038363400717651,0.3053886940742869,False
soh60,42,104,0.09116760082852102,0.17648654694504412,0.13652640519947715,0.28012353226371484,False,0.6,0.13333333333333333,0.13333333333333333,0.13333333333333333,0.03932896726171401,0.058044278009420434,False,0.17127072564614063,0.37179334765199107,False,0.17582562864011816,0.3241854959088531,False,0.1596802992499358,0.3664710074845947,False
soh60,42,105,0.08265218581044093,0.1944791576749837,0.1239448958219922,0.3012177742455594,False,0.6,0.13333333333333333,0.13333333333333333,0.13333333333333333,0.03546051722581088,0.07249216730861145,False,0.1511122698346378,0.4342850165742629,False,0.16923047042588935,0.33132411621739655,False,0.1399763258016308,0.36676979688196676,False
soh60,42,106,0.07240201962442609,0.15521443595812429,0.11626638623414498,0.25341417399135524,False,0.6,0.13333333333333333,0.13333333333333333,0.13333333333333333,0.022271314927604497,0.0429861639201461,False,0.1514646631455927,0.35710808301408514,False,0.16305234166802018,0.30068318215026174,False,0.12827722519536258,0.3128792668809279,False
soh60,42,107,0.08489627948185663,0.16614608106720374,0.1294860316367927,0.2684548577322635,False,0.6,0.13333333333333333,0.13333333333333333,0.13333333333333333,0.03393656273335827,0.04922176487856401,False,0.15813020343851683,0.3832256764601005,False,0.16921499808096252,0.3011275023850173,False,0.15666236229433314,0.3402444872053723,False
soh60,42,108,0.07606405590968819,0.16819760379031357,0.12018860544640311,0.2698641291519803,False,0.6,0.13333333333333333,0.13333333333333333,0.13333333333333333,0.025635999296299724,0.05200728909126581,False,0.1512013917012331,0.3825466693760367,False,0.16550917765777026,0.30949296198793547,False,0.13840785313030934,0.33540959615268334,False
soh60,42,109,0.07026670334268234,0.16486594729259843,0.11318349688478052,0.2671436946907895,False,0.6,0.13333333333333333,0.13333333333333333,0.13333333333333333,0.021218939294570142,0.04797709312323717,False,0.14696974434342688,0.38634454805218854,False,0.1627199460551081,0.2991057613485676,False,0.12182535784601699,0.33514737623916485,False
soh60,42,110,0.07804567773248822,0.1724126678878381,0.12342407591217441,0.2838897257478857,False,0.6,0.13333333333333333,0.13333333333333333,0.13333333333333333,0.026184651241418284,0.0450103160477837,False,0.15314983167951407,0.40822959537929465,False,0.17491887680442905,0.34043638052491665,False,0.1394429439233362,0.3418826110395477,False
soh60,42,111,0.07248675843738721,0.1721151113190286,0.11688596715620833,0.2794404824725388,False,0.6,0.13333333333333333,0.13333333333333333,0.13333333333333333,0.021744805615877362,0.04945754428644555,False,0.14965857507705457,0.41298022699128917,False,0.17355521739671906,0.32056201665654493,False,0.12258527053518231,0.3347621419558755,False
soh60,42,112,0.07742828014733458,0.17868222124224797,0.12142236964388961,0.302561068462033,False,0.6,0.13333333333333333,0.13333333333333333,0.13333333333333333,0.02714932072270024,0.03710639584820796,False,0.15508521310649823,0.48544101927086114,False,0.17203104777766529,0.4013189780264795,False,0.13142389696869472,0.2863778807025834,False
soh60,42,113,0.07720560329093498,0.16199748327450356,0.12060007670468616,0.26497361579130696,False,0.6,0.13333333333333333,0.13333333333333333,0.13333333333333333,0.027611919389505062,0.04431047468387108,False,0.14843375514077425,0.4083487452219526,False,0.16566475486917545,0.3018696520117718,False,0.1406898774192899,0.30536559124763246,False
soh60,42,114,0.0700367553804499,0.15908427870183942,0.11326899345066058,0.26039554728426517,False,0.6,0.13333333333333333,0.13333333333333333,0.13333333333333333,0.02062848330020913,0.04329997175049566,False,0.14956095284211604,0.386978918011553,False,0.16492385992966754,0.2896944834898226,True,0.11796267773064961,0.3216088158851896,False
soh60,42,115,0.07757141575031973,0.2039475463617812,0.12258322705040597,0.3261045546280188,False,0.6,0.13333333333333333,0.13333333333333333,0.13333333333333333,0.02612934569307833,0.06433953691465256,False,0.15154492594140156,0.48456798196931833,False,0.17267808661354686,0.38077397990266354,False,0.13998054995359707,0.3747367197254407,False
soh60,42,116,0.07027866125350275,0.16768545267234825,0.11192984949652487,0.2714348513424769,False,0.6,0.13333333333333333,0.13333333333333333,0.13333333333333333,0.022677303261477457,0.0491147113350583,False,0.14505381136130419,0.4144059464414977,False,0.1642629927419353,0.301156556998003,False,0.11572529062138259,0.3210621905953488,False
soh60,42,117,0.08155409790572571,0.177520682654008,0.12402574987051172,0.28625101164976785,False,0.6,0.13333333333333333,0.13333333333333333,0.13333333333333333,0.03301506708882741,0.053257449515996744,False,0.15282344010111956,0.4243284111561116,False,0.17656569544152925,0.3192312284570023,False,0.13369879685057068,0.34818695746996076,False
soh60,42,118,0.07086484937137019,0.1779402830082302,0.11326895684838477,0.28803659930378384,False,0.6,0.13333333333333333,0.13333333333333333,0.13333333333333333,0.022403012254782112,0.05211592152759748,False,0.147859154982619,0.44436574309760896,False,0.162994966729936,0.31831720732467894,False,0.11981869342620192,0.33734752526525,False
soh60,42,119,0.07495418767637627,0.18116196452041192,0.11690002289639698,0.2821467569086717,False,0.6,0.13333333333333333,0.13333333333333333,0.13333333333333333,0.02701609028206688,0.06575077321954365,False,0.15213340418744303,0.42260347702271533,False,0.1637714436928079,0.3047177143528544,False,0.12467915342327006,0.3355150630395733,False
soh60,42,120,0.08721132761066662,0.17588055031341432,0.13076870694365883,0.2899149408836751,False,0.6,0.13333333333333333,0.13333333333333333,0.13333333333333333,0.03743146551581838,0.045555532518830544,False,0.15560689611802195,0.420074200458562,False,0.1752082018822322,0.3675995456431102,False,0.1548282642585628,0.3264304849141977,False
soh60,42,121,0.06866366441942043,0.1842957253224045,0.11083616933059233,0.28866486958927257,False,0.6,0.13333333333333333,0.13333333333333333,0.13333333333333333,0.020466515949509684,0.06501670330312677,False,0.144320378929813,0.4230072331057034,False,0.16507235063921277,0.32818408123282133,False,0.11348543180383384,0.3384514607154388,False
soh60,42,122,0.0674109579975721,0.16910593424107598,0.10940361796209064,0.27375757574323994,False,0.6,0.13333333333333333,0.13333333333333333,0.13333333333333333,0.019419346609550924,0.049504058238602835,False,0.14491630803195193,0.39040191563900467,False,0.15718116187002718,0.32275369564782946,False,0.11609765533683254,0.3323706334475229,False
soh60,42,123,0.07054627187570439,0.17923724626057724,0.1130726543715598,0.2828836880633956,False,0.6,0.13333333333333333,0.13333333333333333,0.13333333333333333,0.021944691880441063,0.06078416991449915,False,0.15199043215747898,0.4198075259954119,False,0.16265114883278411,0.32092798824507257,False,0.11570434461553501,0.33001506809859865,False
soh60,42,124,0.07450574656436815,0.18450957695083778,0.11897926152723617,0.30042357092119065,False,0.6,0.13333333333333333,0.13333333333333333,0.13333333333333333,0.02367887232109041,0.05203644098472019,False,0.14939954622980653,0.47471292969406137,False,0.1647625055643793,0.33762172477596036,False,0.13807612199366848,0.3373231882300208,False
soh60,42,125,0.07466183216196122,0.18595009656683806,0.11736043852669495,0.3006766433054318,False,0.6,0.13333333333333333,0.13333333333333333,0.13333333333333333,0.025863424887979818,0.05483404315130228,False,0.1507510367196394,0.465888516453532,False,0.16637196407928476,0.34478388426699985,False,0.12645532841987583,0.33720012934989324,False
soh60,42,126,0.07955182950210715,0.17641549445757343,0.12271408372754157,0.27904217506414836,False,0.6,0.13333333333333333,0.13333333333333333,0.13333333333333333,0.030223538958753522,0.05912785947863069,False,0.15276745146752677,0.4058665554662025,False,0.16384002993162014,0.308616703944876,False,0.14402531455226586,0.34255758136688413,False
soh60,42,127,0.07263077917692244,0.17438754547293725,0.11520464138376973,0.2842764269507144,False,0.6,0.13333333333333333,0.13333333333333333,0.13333333333333333,0.023974936654811246,0.0488002523554776,False,0.14609116142046896,0.410811367845272,False,0.16467249534425565,0.3600100444981617,False,0.12607997211554314,0.31748404310394646,False
soh60,42,128,0.07676477692352641,0.1766542287073365,0.11963334913416118,0.28593515922903817,False,0.6,0.13333333333333333,0.13333333333333333,0.13333333333333333,0.027772122968515275,0.05176173668253458,False,0.1521631750926955,0.4408252159119533,False,0.16475548998249842,0.328601807019552,False,0.1338426084929355,0.3225518773021127,False
soh60,42,129,0.07516154959879072,0.17108236212871003,0.12086746470597357,0.27894185846092107,False,0.6,0.13333333333333333,0.13333333333333333,0.13333333333333333,0.022926218047724625,0.04781436632046887,False,0.1553158442597516,0.4128217587568273,False,0.1794135895456109,0.3358053618098919,False,0.12581420697080714,0.31932594695649624,False
soh60,42,130,0.06714815513774818,0.17950302284381825,0.10906460619759023,0.2831622851033751,False,0.6,0.13333333333333333,0.13333333333333333,0.13333333333333333,0.019243639640785824,0.06103529454718184,False,0.14278258653562798,0.41406024416532433,False,0.15969958795464284,0.33063015706323245,False,0.1145326106593043,0.32692344463776185,False
soh60,42,131,0.06960690623583464,0.17081990576856163,0.11115211540713041,0.27174397670357797,False,0.6,0.13333333333333333,0.13333333333333333,0.13333333333333333,0.0221266671829252,0.05547811041425722,False,0.1449644279251855,0.3934629124851958,False,0.15731199807370103,0.3059613205620219,False,0.12020536844670993,0.33207356335283694,False
soh60,42,132,0.07690152002327957,0.17487571535589952,0.11895846393865692,0.28007302103858794,False,0.6,0.13333333333333333,0.13333333333333333,0.13333333333333333,0.028836441262848334,0.0546502231471128,False,0.15433799326113984,0.41768985328593516,False,0.16515077627508806,0.3140536659619922,False,0.12750864495555142,0.33389834175931155,False
soh60,42,133,0.0702210453273185,0.17031659717553843,0.11322459721675883,0.27170034068325466,False,0.6,0.13333333333333333,0.13333333333333333,0.13333333333333333,0.021074128882243855,0.054449461738148484,False,0.1503522360711391,0.3829712318585423,False,0.15989415499622278,0.3101243282495064,False,0.12157786891742955,0.33925634088682144,False
soh60,42,134,0.06982625278882326,0.17807678941280905,0.11316986201960569,0.2847614003858869,False,0.6,0.13333333333333333,0.13333333333333333,0.13333333333333333,0.020290699382214766,0.05615151972929156,False,0.144733141393266,0.41929680618569914,False,0.166030985223495,0.31712091923929436,False,0.12162462207944702,0.3464763563892624,False
soh60,42,135,0.06577377938261833,0.17370395568865377,0.10817534489265286,0.2810166005405855,False,0.6,0.13333333333333333,0.13333333333333333,0.13333333333333333,0.01731484737115028,0.05106093300073168,False,0.14278883236547416,0.43643609351690293,False,0.1603010521449112,0.310966967346712,False,0.11229664768907582,0.3256024082979957,False
soh60,42,136,0.07789032405857854,0.16917687357036576,0.12092979000032048,0.27997786313611106,False,0.6,0.13333333333333333,0.13333333333333333,0.13333333333333333,0.028702362982302075,0.04254717120951396,False,0.15115328686335935,0.41954471042346,False,0.1690357926273949,0.3340900273822744,False,0.13482771752822553,0.32372954352919586,False
soh60,42,137,0.06551899811046004,0.15751958050529788,0.10812926004440891,0.25955470502626465,False,0.6,0.13333333333333333,0.13333333333333333,0.13333333333333333,0.016821555900232765,0.04090800962419308,False,0.14507943257448505,0.40016024702519576,False,0.15853209051695338,0.2975201281290853,False,0.11208396118596446,0.2996304353265843,False
soh60,42,138,0.07895072003730441,0.19080930712039137,0.11960637309857483,0.2955574024172168,False,0.6,0.13333333333333333,0.13333333333333333,0.13333333333333333,0.03248711653870965,0.07109719820973376,False,0.1544805684231085,0.4449120701067848,False,0.1632322330009902,0.3115371882679442,False,0.128225574431491,0.3546831530844045,False
soh60,42,139,0.06866236142307847,0.17130707377804752,0.1120471492956185,0.276611384291182,False,0.6,0.13333333333333333,0.13333333333333333,0.13333333333333333,0.01907974671160416,0.05095929033446528,False,0.15074963484125625,0.40212891385026367,False,0.15882048314955682,0.3063157999561069,False,0.11953873248005677,0.34704153302389207,False
soh60,42,140,0.07118604700919265,0.18802390547751102,0.11448653760064284,0.29860274962251043,False,0.6,0.13333333333333333,0.13333333333333333,0.13333333333333333,0.021699772047535287,0.061648083597511685,False,0.14996168691376413,0.41443581206398133,False,0.16392452600836527,0.3687685012129962,False,0.12236016543290666,0.34955860161555247,False
soh60,42,141,0.0760931550403387,0.1883083921319326,0.1214861355081462,0.30915817782961064,False,0.6,0.13333333333333333,0.13333333333333333,0.13333333333333333,0.02421546307713013,0.050194351334586246,False,0.1525686759121835,0.4302689466867005,False,0.17393023731003213,0.3964160727292998,False,0.13523016573323904,0.35975334056785613,False
soh60,42,142,0.07717139307343693,0.198995416191491,0.1194535792262118,0.31889843941763096,False,0.6,0.13333333333333333,0.13333333333333333,0.13333333333333333,0.02884889461312282,0.06196338964733112,False,0.15141597061696163,0.4718574018667856,False,0.1651384758297488,0.3922046669109258,False,0.1324109758450139,0.34956829924548116,False
soh60,42,143,0.07134547118816591,0.19888154426521032,0.11532739228943605,0.3131934589135343,False,0.6,0.13333333333333333,0.13333333333333333,0.13333333333333333,0.021080418501000026,0.06823935609569723,False,0.14675868622903396,0.432735403175809,False,0.17135242981772444,0.39005898166743286,False,0.12211803460998576,0.3617400947151981,False
soh60,42,144,0.06504475981713082,0.1801588527992885,0.10718120078238526,0.2896347259975212,False,0.6,0.13333333333333333,0.13333333333333333,0.13333333333333333,0.016888827285411457,0.05504356914416541,False,0.1419933641518952,0.4265651028994247,False,0.15532354881088747,0.3181179623764506,False,0.1145190628813469,0.3588122695700442,False
soh60,42,145,0.08245213874350588,0.20003857550084875,0.12802027166021307,0.3250079216174981,False,0.6,0.13333333333333333,0.13333333333333333,0.13333333333333333,0.030374272552983386,0.057216465653249504,False,0.1548293212820299,0.4988664890307573,False,0.1719757120226627,0.39463652854900166,False,0.15490178078317624,0.3493122032369838,False
soh60,42,146,0.07314931682819498,0.16928964844360875,0.117544515110873,0.27283872536943155,False,0.6,0.13333333333333333,0.13333333333333333,0.13333333333333333,0.02241194736227723,0.050947846242668404,False,0.1514512118709526,0.40467595829360387,False,0.1658613425321498,0.3193656252793522,False,0.13045355867811237,0.3163654716621018,False
soh60,42,147,0.06879377458012996,0.18724252352667609,0.11094758780421807,0.30397705987692125,False,0.6,0.13333333333333333,0.13333333333333333,0.13333333333333333,0.020617988038314976,0.053831624840681644,False,0.14554070042364167,0.47790757078990387,False,0.16222665931637134,0.3432637773680873,False,0.11540500343854432,0.3409052665090122,False
soh60,42,148,0.07358277788441694,0.1787957731181472,0.11703023954833222,0.2854847956585783,False,0.6,0.13333333333333333,0.13333333333333333,0.13333333333333333,0.023928535982799475,0.056865461643368816,False,0.15098915839241683,0.40058965078056835,False,0.16350836328804078,0.3387543514227401,False,0.1296949005300718,0.345729718787636,False
soh60,42,149,0.08000593385262803,0.17757537934582113,0.12467234491203766,0.28377925090219547,False,0.6,0.13333333333333333,0.13333333333333333,0.13333333333333333,0.02895860692758843,0.05619952613853616,False,0.15397300626237717,0.39082015596546543,False,0.16915787018139616,0.32167763157813684,False,0.1465998962767889,0.3664196899266435,False
soh60,42,150,0.07994793813927063,0.18319987991799191,0.12240951421432145,0.29018379753070667,False,0.6,0.13333333333333333,0.13333333333333333,0.13333333333333333,0.03142042262492685,0.06093254550346075,False,0.15016399748253415,0.4427483098747646,False,0.1773800381540803,0.3186282520498326,False,0.13067359859574448,0.33842608269476876,False
soh60,42,151,0.06832530002127941,0.19137634438257928,0.11023401588941882,0.30544932802547553,False,0.6,0.13333333333333333,0.13333333333333333,0.13333333333333333,0.020429624743405823,0.061007220219269256,False,0.1433021399083278,0.4554328156371004,False,0.16570481150712638,0.36117033599570236,False,0.11149948739881525,0.34418694024983015,False
soh60,42,152,0.06736090591153715,0.18315378382708664,0.109406000723781,0.29943899913147376,False,0.6,0.13333333333333333,0.13333333333333333,0.13333333333333333,0.019309368983258458,0.050256394907787126,False,0.14295510362352923,0.46383394918627746,False,0.16236759449433025,0.3694097287566493,False,0.11299193579400608,0.3142559236751811,False
soh60,42,153,0.07195453031755257,0.19252991582847215,0.11545601396919848,0.3063441145395183,False,0.6,0.13333333333333333,0.13333333333333333,0.13333333333333333,0.02223854900138581,0.06245654587299082,False,0.147826108453849,0.4214792421151543,False,0.16941093824608164,0.3717300192900908,False,0.12234846017547747,0.36971065087983734,False
soh60,42,154,0.06943326498142109,0.1719039148519832,0.1121823560470235,0.27826494245711825,False,0.6,0.13333333333333333,0.13333333333333333,0.13333333333333333,0.020577160906446925,0.050348454731828855,False,0.14610940110628964,0.403033783420744,False,0.16436065658836738,0.3440368888887879,False,0.11768220558699001,0.3156406427871123,False
soh60,42,155,0.07518251998321097,0.21804085645236268,0.11986777063511515,0.3496600101932747,False,0.6,0.13333333333333333,0.13333333333333333,0.13333333333333333,0.02411366209532046,0.06761896646274901,False,0.15028856471007287,0.5775571475193622,False,0.16960266799422197,0.4001849473649102,False,0.13546618774084535,0.3532789794260773,False
soh60,42,156,0.07512894708462485,0.18725121716863227,0.11737920634180676,0.30324802940302215,False,0.6,0.13333333333333333,0.13333333333333333,0.13333333333333333,0.02684293650498835,0.05468343175790101,False,0.15444592317380193,0.49041308598230593,False,0.1622180813019857,0.3323431902817267,False,0.12600988438645114,0.3355524095901549,False
soh60,42,157,0.06530298544088915,0.17181242486413567,0.107637336457798,0.2790044479820944,False,0.6,0.13333333333333333,0.13333333333333333,0.13333333333333333,0.016920869992993342,0.04930725558646856,False,0.14430999874817266,0.4132452752509319,False,0.16227688189084347,0.3230246113485839,False,0.10704159519918253,0.33044064974239323,False
soh60,42,158,0.06352425227885125,0.17623587043095684,0.1048161390554162,0.28824681195697743,False,0.6,0.13333333333333333,0.13333333333333333,0.13333333333333333,0.01633352453420558,0.04822336582979047,False,0.14065050757684353,0.39366009584986833,False,0.157272012952465,0.37849605043311957,False,0.10500851115815067,0.33260773571513125,False
soh60,42,159,0.08203526430811685,0.1908945094947401,0.12537259255088773,0.3033165567584644,False,0.6,0.13333333333333333,0.13333333333333333,0.13333333333333333,0.03250688917352156,0.062412169764769404,False,0.15337052179409702,0.3962089579264605,False,0.173693737240075,0.3662540077415541,False,0.1419192219958573,0.3883910916010738,False
soh60,42,160,0.06672712862397691,0.1705178902744222,0.10929081146937335,0.27366529083901264,False,0.6,0.13333333333333333,0.13333333333333333,0.13333333333333333,0.018082919657809556,0.05263514677203314,False,0.14453079529259702,0.3949975506565611,False,0.161874711068982,0.3177987348826586,False,0.11267481985810483,0.3292297310447978,False
soh60,42,161,0.06603317242816635,0.1939764027730285,0.10908893928496806,0.31891625581286864,False,0.6,0.13333333333333333,0.13333333333333333,0.13333333333333333,0.016826581734678707,0.051187999298925486,False,0.14807303513185044,0.5222491054210341,False,0.16337229490979724,0.35884722106809513,False,0.1080838453635458,0.34338069746341987,False
soh60,42,162,0.09003350593581687,0.19052742949542373,0.1350770401534112,0.29825571022944736,False,0.6,0.13333333333333333,0.13333333333333333,0.13333333333333333,0.03855518111570905,0.06740939437082527,False,0.16258770335474526,0.42585321293053013,False,0.18515589420969228,0.3348180794525116,False,0.15400938193349828,0.36494215416392245,False
soh60,42,163,0.06492841428252556,0.15800685555063995,0.10669831551884938,0.2578390649256511,False,0.6,0.13333333333333333,0.13333333333333333,0.13333333333333333,0.017191384298155487,0.04391290197919863,False,0.14303348145737074,0.37874615773194886,False,0.15764658646376364,0.2930843345415845,False,0.10892180985610768,0.3156128654498725,False
soh60,42,164,0.06689817316603183,0.18129468419523437,0.10835767976717792,0.2838596512386791,False,0.6,0.13333333333333333,0.13333333333333333,0.13333333333333333,0.019515879907579168,0.06407757900272612,False,0.1437090822403533,0.38407670250368436,False,0.15468281937599732,0.34295928968530226,False,0.11552293754478189,0.34432503376300366,False
soh60,42,165,0.06512003662138578,0.17878690071904574,0.10764902044245794,0.28185846588747643,False,0.6,0.13333333333333333,0.13333333333333333,0.13333333333333333,0.016515483683017602,0.060990826240839194,False,0.14209349605243557,0.3938055911990708,False,0.16092207057712013,0.32015954347233616,False,0.11106503145725843,0.3524779026376596,False
soh60,42,166,0.07064164648039355,0.17420411165920147,0.11189006155347567,0.2723768824051671,False,0.6,0.13333333333333333,0.13333333333333333,0.13333333333333333,0.02350060068258541,0.06200665937809786,False,0.14828569652788406,0.3775038302164834,False,0.15838973242481694,0.31171082640316217,False,0.11738421657861624,0.33828621362292505,False
soh60,42,167,0.06834554297021146,0.17056031382104098,0.11078532303697215,0.272219352246475,False,0.6,0.13333333333333333,0.13333333333333333,0.13333333333333333,0.019842937179627818,0.054378555620544985,False,0.14386665307048102,0.38003064149072424,False,0.16217305432566143,0.30613191084705144,False,0.11725864757211835,0.3483363010275793,False
soh60,42,168,0.06829195079481111,0.17751673294597115,0.11025479886893509,0.2769048834588876,False,0.6,0.13333333333333333,0.13333333333333333,0.13333333333333333,0.020334410138669403,0.06393027521692374,False,0.14457288174766444,0.3736195537806015,False,0.16394387500625682,0.3306150391342007,False,0.11216802858314973,0.33945466570382443,False
soh60,42,169,0.08341459553923358,0.18833682484908795,0.12620409625091886,0.29562588424442493,False,0.6,0.13333333333333333,0.13333333333333333,0.13333333333333333,0.03451230901159327,0.06572075696870279,False,0.1570866607156134,0.38401826613978834,False,0.16822123950814527,0.33904341823165146,False,0.1449961757683235,0.3937210956375572,False
soh60,42,170,0.0644311556587042,0.2023112218434983,0.1074258692537754,0.3293494589621886,False,0.6,0.13333333333333333,0.13333333333333333,0.13333333333333333,0.01529434012148,0.05712466513642372,False,0.14399408420420642,0.48598757641955476,False,0.1638567399885441,0.425930920250986,False,0.10655831270087103,0.34835467404178994,False
soh60,42,171,0.06625115451545335,0.18684140861112164,0.1082285051980255,0.29927691116377086,False,0.6,0.13333333333333333,0.13333333333333333,0.13333333333333333,0.01827703944965663,0.058343691408093964,False,0.14155162315267325,0.4241601238221775,False,0.158030079530571,0.3735204892949671,False,0.11505527865920111,0.3410833401298449,False
soh60,42,172,0.0677209916750758,0.17374768431034263,0.1108541087509888,0.28013003747743787,False,0.6,0.13333333333333333,0.13333333333333333,0.13333333333333333,0.018426000731175222,0.052167852119376655,False,0.14461634997910403,0.4181986436903473,False,0.16696649849162762,0.32948356193973677,False,0.11340758580204835,0.32067009216029074,False
soh60,42,173,0.07209942938434752,0.1739848896344552,0.11447243680883983,0.27719924776918775,False,0.6,0.13333333333333333,0.13333333333333333,0.13333333333333333,0.02367313518492774,0.05602562319476079,False,0.14708687601044576,0.36296709902246116,False,0.1613858461854986,0.32498145686093716,False,0.1257438898544872,0.36482281199859196,False
soh60,42,174,0.06664937552690842,0.188610705543613,0.10737032095762732,0.29290145934864625,False,0.6,0.13333333333333333,0.13333333333333333,0.13333333333333333,0.020111152177515378,0.06942127262357499,False,0.1439247406008993,0.4282139322945911,False,0.15933665043021777,0.3124171520743267,False,0.10610874062187681,0.3615534804020923,False
soh60,42,175,0.06552522363489145,0.17161625980749376,0.10838667569727785,0.27363255089718636,False,0.6,0.13333333333333333,0.13333333333333333,0.13333333333333333,0.016540706992164124,0.05502621284784507,False,0.1465630285998364,0.4032797424401551,False,0.1633310343747157,0.3070111331663642,False,0.10711193282239521,0.3292131151343812,False
soh60,42,176,0.06764936381075101,0.19096668770731026,0.11015190980196604,0.2869935380200153,False,0.6,0.13333333333333333,0.13333333333333333,0.13333333333333333,0.019075025535076708,0.08122171592136164,False,0.14384879995353106,0.36301003914553115,False,0.16323328653997868,0.3283645194047527,False,0.11445052717927773,0.3753778776084158,False
soh60,42,177,0.07192897687343058,0.1785878190315942,0.11480912692055628,0.28968638563871174,False,0.6,0.13333333333333333,0.13333333333333333,0.13333333333333333,0.022923091105286907,0.051618028623459926,False,0.14715511289233799,0.41780416755078176,False,0.16351117036551985,0.3403076683743275,False,0.12564713331908042,0.34901567800627764,False
soh60,42,178,0.06488988764903193,0.18040036120814443,0.1059349241479132,0.28375562355617723,False,0.6,0.13333333333333333,0.13333333333333333,0.13333333333333333,0.01798127450745334,0.06228006138182118,False,0.14337046535501585,0.39687818603045893,False,0.15725016370114142,0.3272893886330988,False,0.10513779302804217,0.34857485817933004,False
soh60,42,179,0.07804007792860738,0.17333059728450118,0.12121430759744571,0.2735677533415253,False,0.6,0.13333333333333333,0.13333333333333333,0.13333333333333333,0.02869810116422073,0.05877384750504508,False,0.14907367385990447,0.3862488013974099,False,0.16371051961959668,0.3185754479899365,False,0.14337493574606097,0.33067291647370967,False
soh60,42,180,0.0744670862425732,0.16617269190566403,0.11728910905305473,0.2693386987465023,False,0.6,0.13333333333333333,0.13333333333333333,0.13333333333333333,0.025527631602022875,0.048268684087563136,False,0.1456023259697312,0.3842069930697243,False,0.1687174242020217,0.31519301104287817,False,0.12930905443844312,0.32968610678584376,False
soh60,42,181,0.08842153420211235,0.1641938168375615,0.13611474993496608,0.2715771133706524,False,0.6,0.13333333333333333,0.13333333333333333,0.13333333333333333,0.033915001935993803,0.041470049371171935,False,0.15949039197458892,0.4185165856389179,False,0.1794778608671632,0.3325711569114455,False,0.17157574496211844,0.2937506615610742,False
soh60,42,182,0.08832637940575501,0.2123707264389337,0.13461311340076734,0.33659962822394485,False,0.6,0.13333333333333333,0.13333333333333333,0.13333333333333333,0.03542725484002664,0.07039483868463522,False,0.15866400821798854,0.4598031927581743,False,0.18493296914123858,0.4172825624625238,False,0.1594282214038156,0.39891791899044615,False
soh60,42,183,0.07245286982895505,0.17662719026767454,0.11466110138037103,0.28724583008044846,False,0.6,0.13333333333333333,0.13333333333333333,0.13333333333333333,0.024214890913051065,0.05020588762450434,False,0.15078972904622215,0.4395165621396911,False,0.16310093811422063,0.32263505161687406,False,0.12053884744799027,0.3366258189407243,False
soh60,42,184,0.06485170449357086,0.17226332968762792,0.10427384548792044,0.2763436237458383,False,0.6,0.13333333333333333,0.13333333333333333,0.13333333333333333,0.01979782907145705,0.05331442219253033,False,0.1397548628432931,0.3884624058071638,False,0.1547543355657689,0.32773221648635603,False,0.10278835447116269,0.33586545049730304,False
soh60,42,185,0.06668474002704902,0.17587276313548214,0.1101531983216195,0.2807844548935049,False,0.6,0.13333333333333333,0.13333333333333333,0.13333333333333333,0.017006501976111355,0.055973686840599036,False,0.1419307544982357,0.40864019721872585,False,0.1609240999768993,0.31688365448183836,False,0.12075143683523164,0.3416402810328562,False
soh60,42,186,0.06305807014514346,0.18822549712330272,0.10468705642124226,0.30041378520309986,False,0.6,0.13333333333333333,0.13333333333333333,0.13333333333333333,0.015482085829601977,0.06001031074639174,False,0.1433779415124961,0.42538453603524706,False,0.15759233799842143,0.3585429498795634,False,0.10229586034444955,0.3577173441511972,False
soh60,42,187,0.06705832927716703,0.1892182270429066,0.10979531919636963,0.30561041723613047,False,0.6,0.13333333333333333,0.13333333333333333,0.13333333333333333,0.01821605508379262,0.05619858110779362,False,0.14029781744027411,0.4010174433811227,False,0.17178020693191917,0.4155850090450395,False,0.10888719732949263,0.3496406354105661,False
soh60,42,188,0.06283733557847457,0.179194660032581,0.10469318908108889,0.2861751280152463,False,0.6,0.13333333333333333,0.13333333333333333,0.13333333333333333,0.015002074432629615,0.05693126805239213,False,0.14184792861742138,0.4306253049864676,False,0.1557290800724552,0.31779319613252444,False,0.10619367320184943,0.33935074288960093,False
soh60,42,189,0.06952704951162647,0.1951329836877861,0.11463577146940233,0.30928592299925267,False,0.6,0.13333333333333333,0.13333333333333333,0.13333333333333333,0.017974224417025512,0.0646724816175386,False,0.1455442896372014,0.40728943603100015,False,0.1811717224354121,0.40768829346408403,False,0.11385284938797029,0.35749348088438787,False
soh60,42,190,0.06503894149394308,0.17117716812746192,0.10671179009127271,0.27022108130349953,False,0.6,0.13333333333333333,0.13333333333333333,0.13333333333333333,0.01741282881128064,0.05798412449770463,False,0.14218004390116645,0.3693409617603571,False,0.15590968633278124,0.3152438810429084,False,0.11134460131986253,0.33831535791302797,False
soh60,42,191,0.070245199732332,0.1750892663656412,0.11105223757016797,0.28349166145252364,False,0.6,0.13333333333333333,0.13333333333333333,0.13333333333333333,0.02360858506051947,0.05120081483777556,False,0.1418778747350087,0.39092679580255707,False,0.16509636030911354,0.3581073325218463,False,0.11362613017603017,0.3337317026479156,False
soh60,42,192,0.0713880552053729,0.19010403044198299,0.11434217163096955,0.30072234144736565,False,0.6,0.13333333333333333,0.13333333333333333,0.13333333333333333,0.022297636433262456,0.06368310357868852,False,0.1460257408075212,0.4381940254101657,False,0.16679040412392865,0.3551212394510186,False,0.12225490515916589,0.34589099734958967,False
soh60,42,193,0.07563143191729492,0.18835331394415805,0.11787269580550205,0.30041607551822,False,0.6,0.13333333333333333,0.13333333333333333,0.13333333333333333,0.027355701759343914,0.06028158643094435,False,0.14792763467439146,0.42518822096878445,False,0.16487286633264878,0.3418742689674244,False,0.13133458045562407,0.374320225705727,False
soh60,42,194,0.06489108726971982,0.19375825487224796,0.10701559774586548,0.3120289059021967,False,0.6,0.13333333333333333,0.13333333333333333,0.13333333333333333,0.01674878958269618,0.05859179655230658,False,0.14123630663823408,0.4824374538724026,False,0.15599308765743738,0.35784608224559294,False,0.11408420710509433,0.34924029093848463,False
soh60,42,195,0.07449927120800015,0.17822027751486902,0.11770812145340055,0.2799687219448019,False,0.6,0.13333333333333333,0.13333333333333333,0.13333333333333333,0.025117728070399685,0.06193634102351716,False,0.15402342200714594,0.4063908135222056,False,0.1700094622168916,0.3113657791198048,False,0.121681873519165,0.3401819541136801,False
soh60,42,196,0.06338961093712593,0.18615048616492874,0.10447487709381137,0.2973933480218281,False,0.6,0.13333333333333333,0.13333333333333333,0.13333333333333333,0.016435021043771154,0.05901578689990087,False,0.1403883727533863,0.4124650040789141,False,0.1544058231559408,0.36851714752994164,False,0.10667029142214723,0.34957545357855585,False
soh60,42,197,0.06826288845935558,0.17132095097333505,0.11181272512660263,0.2731356055812192,False,0.6,0.13333333333333333,0.13333333333333333,0.13333333333333333,0.01849164655393038,0.05496134570718172,False,0.14812381194163293,0.3909273431921519,False,0.1650920106347569,0.31925664130836634,False,0.11554343137609029,0.3273970921171769,False
soh60,42,198,0.06915258697048042,0.17147627572413465,0.11074849781501829,0.2788531109333295,False,0.6,0.13333333333333333,0.13333333333333333,0.13333333333333333,0.021614403148151422,0.048759892627911985,False,0.14726050869167295,0.432085293203546,False,0.16520453244831446,0.314608558985548,False,0.10891454697193433,0.31995869891631196,False
soh60,42,199,0.07057075436123415,0.16992090055699194,0.11323259326600983,0.26919033695724304,False,0.6,0.13333333333333333,0.13333333333333333,0.13333333333333333,0.02181436704149052,0.05647011609956217,False,0.14888500430303703,0.3782368187436778,False,0.16124141311091092,0.31597232313069695,False,0.12098958860860082,0.32608208985503506,False
soh60,42,200,0.06888397880849612,0.1978795988650159,0.11120024507063932,0.3108539143207688,False,0.6,0.13333333333333333,0.13333333333333333,0.13333333333333333,0.020522531651761034,0.06876609548701261,False,0.1478762136259546,0.4635218566939005,False,0.15670353343097354,0.337668446117006,False,0.11969870157386808,0.37345925898515614,False
soh60,43,1,0.2210948843207148,0.3473854277636648,0.30093384612119345,0.5229713789764733,True,0.6,0.13333333333333333,0.13333333333333333,0.13333333333333333,0.12985035654873922,0.14671576923474083,True,0.29647786280564836,0.7598904890303125,True,0.38230887318280465,0.6727571884939736,True,0.3950982919475816,0.5125220691468663,True
soh60,43,2,0.17255622624827788,0.25066187645159826,0.2482477467859172,0.3934740544225808,True,0.6,0.13333333333333333,0.13333333333333333,0.13333333333333333,0.0860516313481186,0.08744795877047536,True,0.2370719623549811,0.5665484372036697,True,0.3485328848676141,0.48047968580364436,True,0.32133450857295515,0.43942013591253387,True
soh60,43,3,0.1636203860357049,0.21759373523401382,0.22744829622894952,0.34616572463822887,True,0.6,0.13333333333333333,0.13333333333333333,0.13333333333333333,0.09067420295771102,0.07065431877205379,True,0.2231357663218971,0.5041709062180523,True,0.2777436404020533,0.4173724994128565,True,0.3182395752341367,0.3924651741499529,True
soh60,43,4,0.1377777549915187,0.2041767788998119,0.19752162343423135,0.31913836344647556,True,0.6,0.13333333333333333,0.13333333333333333,0.13333333333333333,0.06949904819984715,0.07279211084648202,False,0.21048340805668886,0.4548456396569185,True,0.23990733767074235,0.35062432513051495,True,0.27019669980964695,0.39829137815198673,False
soh60,43,5,0.1372929142353021,0.21553960026722818,0.19714956362502298,0.3379709445576301,False,0.6,0.13333333333333333,0.13333333333333333,0.13333333333333333,0.06888531493276395,0.07561806393534035,False,0.21004225986754407,0.48666586234772097,False,0.23525922289206944,0.369988010063451,False,0.2744114568077144,0.419611841884008,False
soh60,43,6,0.15839128448243306,0.2605835603439595,0.22010197253504726,0.3830861521264741,False,0.6,0.13333333333333333,0.13333333333333333,0.13333333333333333,0.08786478385087396,0.12058059830679994,False,0.2165046252492879,0.5381332316372017,False,0.2638962193457484,0.3754786664829382,False,0.3121422616942788,0.49815211207895665,False
soh60,43,7,0.15028017924063902,0.21436783579012503,0.20879467464566984,0.33819296246027997,False,0.6,0.13333333333333333,0.13333333333333333,0.13333333333333333,0.08340647020631813,0.07285340530994795,False,0.21708094807963077,0.503125139798317,False,0.2520033333209728,0.3714410441366312,False,0.2826879469757576,0.4053522605962237,False
soh60,43,8,0.12082150142640885,0.18925577300222984,0.17388777122559324,0.3009080188180116,True,0.6,0.13333333333333333,0.13333333333333333,0.13333333333333333,0.060174335941626696,0.061653206355622166,True,0.19419731381032088,0.46035745133215533,False,0.21112864967678582,0.3323954477957069,True,0.23005078547363955,0.349225969788562,True
soh60,43,9,0.13847516391378173,0.20334372448016239,0.186954387314606,0.31185070084630034,False,0.6,0.13333333333333333,0.13333333333333333,0.13333333333333333,0.08307033716998258,0.07933575149029043,False,0.20364606423501233,0.47037556056669355,False,0.21026280330510883,0.31838368563618497,True,0.25083834454832027,0.37930780569203243,False
soh60,43,10,0.13480670478463516,0.22540803655743874,0.18916588046680297,0.3441777372285753,False,0.6,0.13333333333333333,0.13333333333333333,0.13333333333333333,0.07268193257644338,0.08967123579042556,False,0.1951030626884873,0.4801508062863656,False,0.22331989286000054,0.3689756486807783,False,0.26555863374228067,0.43791325815673177,False
soh60,43,11,0.11782257548189176,0.18423870943016524,0.17109123337241242,0.2953813626265397,True,0.6,0.13333333333333333,0.13333333333333333,0.13333333333333333,0.05694410932129675,0.05721853434859446,True,0.19383090628882402,0.44780946906258096,True,0.20944768163768904,0.3272487069121229,False,0.22414223624183982,0.3492487401828605,False
soh60,43,12,0.12483400419613117,0.1727239676706207,0.18086545278895344,0.28303821366776777,True,0.6,0.13333333333333333,0.13333333333333333,0.13333333333333333,0.060798062947191436,0.04665054367388123,True,0.19293336670065883,0.43803943077700014,True,0.2201339688521287,0.3130108593554551,True,0.24959641265583477,0.33445202086473463,True
soh60,43,13,0.12608808486002235,0.19710890322333247,0.1728421987049045,0.30634650948034114,False,0.6,0.13333333333333333,0.13333333333333333,0.13333333333333333,0.07265481189444276,0.07226592464389398,False,0.19649927569037917,0.45544476303078296,False,0.20091669436103232,0.3305142846173168,False,0.2212980128737637,0.3671610656293709,False
soh60,43,14,0.10786379055472176,0.1909215367099731,0.15695490198917256,0.2960905767428126,False,0.6,0.13333333333333333,0.13333333333333333,0.13333333333333333,0.051759663201063726,0.07072834810101374,False,0.1837359571432491,0.4354534690522868,True,0.19467346624486107,0.3064332731985921,True,0.19765052136751626,0.3717472166193576,False
soh60,43,15,0.11088173204444851,0.1784420104583151,0.16056603592104754,0.2828567465472255,False,0.6,0.13333333333333333,0.13333333333333333,0.13333333333333333,0.05409967047119248,0.059110883499560396,False,0.17879597353947965,0.3994708946576424,True,0.2003198707634631,0.31033267833223105,False,0.2090486289100549,0.362512529699468,False
soh60,43,16,0.11672995800361027,0.19663547604370332,0.1668411135655778,0.2998979686637412,False,0.6,0.13333333333333333,0.13333333333333333,0.13333333333333333,0.059460065932790296,0.07862119876366007,False,0.1938588511055509,0.43201258280996907,False,0.20513041932963846,0.3230237370535794,False,0.20891511789433145,0.36593435602775615,False
soh60,43,17,0.10626773599105536,0.19081410997392248,0.15506312451603296,0.3043368419253135,False,0.6,0.13333333333333333,0.13333333333333333,0.13333333333333333,0.05050157767679525,0.06107384488661844,False,0.17989182732201872,0.45541944432081566,False,0.1923465818357025,0.3167911100641208,False,0.1975125112296154,0.38406296842969917,False
soh60,43,18,0.10319819097788094,0.1803689257502335,0.15266651603396011,0.2898442086148199,False,0.6,0.13333333333333333,0.13333333333333333,0.13333333333333333,0.04666296234236188,0.05525431676213475,False,0.17585544342777118,0.4320553071050474,False,0.1891828287782371,0.3154013320656714,False,0.19896482958747028,0.35666587852642606,False
soh60,43,19,0.1149807334903456,0.20203399381067183,0.16159460223781302,0.31792720191493296,False,0.6,0.13333333333333333,0.13333333333333333,0.13333333333333333,0.061707740636097144,0.06958461312008768,False,0.1820875773256306,0.46686327597499,False,0.19827859690849503,0.3725864089598942,False,0.20430449408102924,0.3626745096047599,False
soh60,43,20,0.10155635445863155,0.18958756611144773,0.14912693707529057,0.2965141338899008,False,0.6,0.13333333333333333,0.13333333333333333,0.13333333333333333,0.04718997432530695,0.06738577436464431,False,0.17656138863524876,0.4241669465100461,False,0.18907820504813033,0.31423009988017087,False,0.1836781802924763,0.3802737148047417,False
soh60,43,21,0.1457738946945468,0.1558860513728864,0.20155921042773722,0.26112048935484145,True,0.6,0.13333333333333333,0.13333333333333333,0.13333333333333333,0.08201924814232919,0.03561812225065202,True,0.2005741097070859,0.41239206200664186,False,0.23452278037831528,0.3017306551536343,True,0.28912070348321856,0.2947411180084377,True
soh60,43,22,0.10977550553458507,0.18253715751185395,0.15832494215618936,0.2868742811316517,False,0.6,0.13333333333333333,0.13333333333333333,0.13333333333333333,0.05429043510989444,0.0632947305177994,False,0.1838804375756196,0.4164196654661813,False,0.19267546553691153,0.3040607281024095,False,0.2024534304023319,0.36372200044021663,False
soh60,43,23,0.10252962056483138,0.168381170174901,0.1515901235257178,0.27613452035501246,False,0.6,0.13333333333333333,0.13333333333333333,0.13333333333333333,0.04646047432381832,0.04523448425477365,False,0.17437228482949826,0.40144147104484,False,0.192620109976011,0.32275870308997373,False,0.19290762497354366,0.3351034230304624,False
soh60,43,24,0.11590830005494776,0.16414703458787783,0.16276422022058606,0.2711610081934829,False,0.6,0.13333333333333333,0.13333333333333333,0.13333333333333333,0.06235867700850399,0.04184535046718632,False,0.1894751508309825,0.4325804087418455,False,0.19936142547355293,0.30219211025799786,False,0.19986162756930478,0.30802616330690186,False
soh60,43,25,0.11706655296212437,0.1750202152812203,0.16736572964048937,0.2801266042089711,False,0.6,0.13333333333333333,0.13333333333333333,0.13333333333333333,0.0595817796154215,0.054898627935219386,False,0.1860965887193121,0.4005332465340086,False,0.20636773524170235,0.32466326571794385,False,0.21741681498552157,0.34041127664871257,False
soh60,43,26,0.09220670176416856,0.16562313056759217,0.13864698272807047,0.27297716860997573,False,0.6,0.13333333333333333,0.13333333333333333,0.13333333333333333,0.03913209494828068,0.042932801376296674,False,0.1648560908464906,0.421783095985355,False,0.1797097908539325,0.30482935390002747,False,0.17088995426357811,0.3223634231782238,False
soh60,43,27,0.10701206677218741,0.1933221691760758,0.15747497995730983,0.3086940751657584,False,0.6,0.13333333333333333,0.13333333333333333,0.13333333333333333,0.04934016598919037,0.06146856233072425,False,0.18135880962595394,0.4447509245556022,False,0.1919073538782794,0.35089853404958155,False,0.20729359033581563,0.3776582797271258,False
soh60,43,28,0.1425715566498204,0.18919107593215764,0.19813689755213323,0.29536884552255077,False,0.6,0.13333333333333333,0.13333333333333333,0.13333333333333333,0.07906830990432007,0.06784505354313691,False,0.2081405409531807,0.45295116503716154,False,0.22995824445897542,0.3205818680011074,False,0.27538049489205674,0.34009729550879725,False
soh60,43,29,0.10149988355521579,0.18360151251904738,0.15094982488811132,0.3004974227910215,False,0.6,0.13333333333333333,0.13333333333333333,0.13333333333333333,0.044985664889049475,0.0500061864939341,False,0.17806052770376354,0.49108628283824385,False,0.1929147272307873,0.3373936466333332,False,0.18783837972884498,0.3235035751985748,False
soh60,43,30,0.09837572194256004,0.1873818666428582,0.1456395522981931,0.31293155797572897,False,0.6,0.13333333333333333,0.13333333333333333,0.13333333333333333,0.04435991582183657,0.043896505119577274,False,0.17152324305779584,0.46914920764311363,False,0.1949058929459949,0.4036226336678926,False,0.17176915736714501,0.33505788547233234,False
soh60,43,31,0.09742651643131285,0.18591127560974924,0.145523643625357,0.3055272733006089,False,0.6,0.13333333333333333,0.13333333333333333,0.13333333333333333,0.04245837106669096,0.04920727824876676,False,0.17183365555542449,0.47519881140352255,False,0.18204172718152237,0.34974805277206306,False,0.18576082069779024,0.3479549507780833,False
soh60,43,32,0.10008238221131462,0.19721223754959497,0.14886333189711615,0.31835576678762706,False,0.6,0.13333333333333333,0.13333333333333333,0.13333333333333333,0.04433272542754144,0.058762489848986854,False,0.17309497315248557,0.47970020464024715,False,0.19097029873305968,0.3939018931099512,False,0.1870553302753779,0.341058479551323,False
soh60,43,33,0.10396348591560117,0.1777233595339383,0.1512409163625283,0.2846835709420077,False,0.6,0.13333333333333333,0.13333333333333333,0.13333333333333333,0.04993213683339874,0.05548311792471618,False,0.17737932821923716,0.43602176851233115,False,0.19358160538198335,0.3293434177538205,False,0.18407059501549392,0.3178859795771629,False
soh60,43,34,0.10339443457061971,0.17816803985294904,0.15058273763114624,0.2853568015194875,False,0.6,0.13333333333333333,0.13333333333333333,0.13333333333333333,0.049464945358589384,0.055666597948333646,False,0.17212186050890654,0.4379890040695691,False,0.19119068646842385,0.31651493225469157,False,0.18955345818866523,0.33125667180535573,False
soh60,43,35,0.0997922589697042,0.18464883052713674,0.14418325082202024,0.299800597277997,False,0.6,0.13333333333333333,0.13333333333333333,0.13333333333333333,0.049059696852771575,0.05304681138329636,False,0.17231541496759747,0.48024677154709056,False,0.1785445360608903,0.3253301397947689,False,0.1768133554068216,0.34057866638683243,False
soh60,43,36,0.09328734092825228,0.19026207585982213,0.14023457893420396,0.31783589987522765,False,0.6,0.13333333333333333,0.13333333333333333,0.13333333333333333,0.039633354635736084,0.04446341984221582,False,0.16978529117112975,0.5169230982127737,False,0.18675095474613956,0.3739400137383127,False,0.16476871518381045,0.33601706770760836,False
soh60,43,37,0.09938668198749183,0.17551434110748085,0.14885731630127433,0.28088407441015695,False,0.6,0.13333333333333333,0.13333333333333333,0.13333333333333333,0.04284881420031183,0.055091788761565334,False,0.16958852375380484,0.42694138842182366,False,0.19446043502514634,0.31491555934266313,False,0.18853149222583432,0.3265875611145756,False
soh60,43,38,0.11531819711802814,0.1867892528925012,0.1682380239010293,0.3123006834139642,False,0.6,0.13333333333333333,0.13333333333333333,0.13333333333333333,0.05483839508031254,0.043347618010829224,False,0.1782935326523034,0.46322325742367587,False,0.2246777297939534,0.3904300401290918,False,0.21514243807754788,0.35220181809225987,False
soh60,43,39,0.0909143482412604,0.19344483056489356,0.137496070266278,0.31134655505838876,False,0.6,0.13333333333333333,0.13333333333333333,0.13333333333333333,0.03767809449838312,0.05870000257232758,False,0.16692777134102477,0.4799748145074778,False,0.1782357180542046,0.3331118029023709,False,0.16714269717149957,0.3735996002513789,False
soh60,43,40,0.0917839323837714,0.1824226423158562,0.1380507697519198,0.29797029739576575,False,0.6,0.13333333333333333,0.13333333333333333,0.13333333333333333,0.03890754682017326,0.050368179367388126,False,0.1635072571956662,0.4478161674235687,False,0.17946726620560835,0.3584563252431437,False,0.17032100878623133,0.33524051754896256,False
soh60,43,41,0.10705717969910505,0.1807237110048205,0.15441474179228315,0.2939930980815205,False,0.6,0.13333333333333333,0.13333333333333333,0.13333333333333333,0.05293425159261582,0.051272982917163305,False,0.17583062516316114,0.4721017377119283,False,0.19485940644604946,0.33359082358614445,False,0.19403468396730617,0.31900684811084595,False
soh60,43,42,0.08642831755258266,0.1934248550103044,0.13270994827217866,0.3245436330250634,False,0.6,0.13333333333333333,0.13333333333333333,0.13333333333333333,0.033535025301615805,0.04357482299343697,False,0.16337529933650924,0.554825377242714,False,0.1730257465816193,0.36526029677521227,False,0.1609037218689703,0.3345140350888905,False
soh60,43,43,0.08817011369494895,0.18959154887295837,0.1351892109837169,0.3150956283439576,False,0.6,0.13333333333333333,0.13333333333333333,0.13333333333333333,0.03443400250778559,0.046158315191816346,False,0.16635736381218716,0.5165922117617756,False,0.17842015477109244,0.3584878449964932,False,0.16154532284380238,0.3391441414257453,False
soh60,43,44,0.1172807916374238,0.205611943924144,0.1650576136767142,0.33198082458615985,False,0.6,0.13333333333333333,0.13333333333333333,0.13333333333333333,0.0626787093068062,0.061190366024697296,False,0.20445947452459223,0.5458833225271197,False,0.2033121187763818,0.3788122941792517,False,0.1897801520990766,0.3420373156135708,False
soh60,43,45,0.0986119992579676,0.18795657681418362,0.1448564162455947,0.30220971330970225,False,0.6,0.13333333333333333,0.13333333333333333,0.13333333333333333,0.04576123698639379,0.057381563676448026,False,0.1686639005194895,0.46746827184551104,False,0.1797201009368402,0.32545068394442156,False,0.18528042653965524,0.35853833377242844,False
soh60,43,46,0.10133828950340232,0.174901452454593,0.15178389762076633,0.2944790480561201,False,0.6,0.13333333333333333,0.13333333333333333,0.13333333333333333,0.043686165940700586,0.038241343195704894,False,0.1755918141956445,0.48782129971972976,False,0.18619499986741994,0.33804602118281896,False,0.2016626104793003,0.31380752812622664,False
soh60,43,47,0.09492407703243913,0.16920402050833339,0.13808669488753764,0.2853610733187205,False,0.6,0.13333333333333333,0.13333333333333333,0.13333333333333333,0.04559537091232654,0.03645310301074809,False,0.1640164722737918,0.4567719107034371,False,0.18128879478380874,0.3311855593648438,False,0.1614461415802235,0.3170337201958531,False
soh60,43,48,0.10006884149581582,0.1658629794031305,0.146946579797901,0.2740789477453899,False,0.6,0.13333333333333333,0.13333333333333333,0.13333333333333333,0.046494283436289904,0.042187587011976904,False,0.17949209519088952,0.43810648432387894,False,0.18666917880343933,0.31246447530451754,False,0.17513076176098522,0.3035572443411862,False
soh60,43,49,0.0909773791316178,0.1978046212224052,0.13526265408603458,0.31798341240656774,False,0.6,0.13333333333333333,0.13333333333333333,0.13333333333333333,0.04036563632657003,0.06045743129764799,False,0.1640949179097607,0.48028032859537495,False,0.17819837947956682,0.3735564495315799,False,0.1583916826282408,0.3576394402016681,False
soh60,43,50,0.08688627040927399,0.17939044274235494,0.13252373170143672,0.2930903962349685,False,0.6,0.13333333333333333,0.13333333333333333,0.13333333333333333,0.03472917178965946,0.049447638750796594,False,0.1579357271104014,0.4632825219644463,False,0.17417073528961588,0.3282246201170388,False,0.16325929261607014,0.3314068041075923,False
soh60,43,51,0.08587110148157334,0.20976360104796268,0.13524145247596897,0.3449832705002559,False,0.6,0.13333333333333333,0.13333333333333333,0.13333333333333333,0.029447843202264054,0.055226835959627546,False,0.16264956969417252,0.49495871131774094,False,0.19738244733442015,0.46922612297183713,False,0.15148594967301918,0.36052141175181807,False
soh60,43,52,0.09560442694671588,0.1803978391724504,0.14282191108603284,0.28785664418643103,False,0.6,0.13333333333333333,0.13333333333333333,0.13333333333333333,0.04164158793035365,0.05758777629932968,False,0.16599006476965128,0.4271693034675097,False,0.18333122575928673,0.3262730610282066,False,0.1803247658848397,0.34039643595067814,False
soh60,43,53,0.08443179231970287,0.19392293451770393,0.13110070842860663,0.3187531935843493,False,0.6,0.13333333333333333,0.13333333333333333,0.13333333333333333,0.03109588819524141,0.051259781298680605,False,0.16082867291905056,0.5046353648811066,False,0.17573070156831272,0.3645832792821859,False,0.15674757103182188,0.35453434887542407,False
soh60,43,54,0.0845954537458998,0.18471533451243138,0.1322899276970595,0.3035702455718987,False,0.6,0.13333333333333333,0.13333333333333333,0.13333333333333333,0.030087483516003013,0.0488811504444687,False,0.1611337846718223,0.4719924968129913,False,0.19072005954306,0.3597651204352171,False,0.14721838305735266,0.33364221459491783,False
soh60,43,55,0.08800099170877307,0.17814245369203796,0.13460768052151367,0.29434401393283227,False,0.6,0.13333333333333333,0.13333333333333333,0.13333333333333333,0.03473620449421239,0.045340670559701604,False,0.16409335691367857,0.4820060548590546,False,0.18840785383186798,0.33680950592800607,False,0.15119330684629567,0.3132198243845667,False
soh60,43,56,0.09277707298777638,0.18336626280188575,0.13797058029969247,0.28911984605562996,False,0.6,0.13333333333333333,0.13333333333333333,0.13333333333333333,0.041127350345586525,0.06250502479760668,False,0.16520578141309022,0.43397228997632803,False,0.17926125241484894,0.32470386690973374,False,0.16628793702524428,0.3352982025388513,False
soh60,43,57,0.08540697094742598,0.1847492431565714,0.13192670405423332,0.2991340812876866,False,0.6,0.13333333333333333,0.13333333333333333,0.13333333333333333,0.032241561682503334,0.05402371386386837,False,0.1612488458771092,0.4467746411950253,False,0.18023836353262643,0.3424074261588625,False,0.1539780451246943,0.3533305439329901,False
soh60,43,58,0.08153583309163784,0.18186093256387656,0.1273184738151059,0.2928622369671349,False,0.6,0.13333333333333333,0.13333333333333333,0.13333333333333333,0.02921281512196008,0.05500229896015271,False,0.15502689661684657,0.4253898572871488,False,0.17274116040493756,0.3408983155633926,False,0.15229302311667936,0.3501584760578456,False
soh60,43,59,0.07844330869371664,0.17972622576758884,0.12281463494432403,0.29782707500692207,False,0.6,0.13333333333333333,0.13333333333333333,0.13333333333333333,0.027733221550165364,0.044753826636922324,False,0.15538082250346358,0.47972257255531825,False,0.1680463921665928,0.3495758189508864,False,0.14009810355707436,0.3172560818845613,False
soh60,43,60,0.08218071274343479,0.1945638185672566,0.12486876893994056,0.3124640628356116,False,0.6,0.13333333333333333,0.13333333333333333,0.13333333333333333,0.03339436280457104,0.05982068226056517,False,0.15680704150691613,0.4922854992181159,False,0.16755415737338866,0.3342328819546057,False,0.14171951407488645,0.3635171879091597,False
soh60,43,61,0.08354130261835284,0.19559168417661751,0.12866478855895871,0.31699328373276325,False,0.6,0.13333333333333333,0.13333333333333333,0.13333333333333333,0.03197160440051756,0.0568469989695938,False,0.15454740127432784,0.4893431826203429,False,0.17259380418320516,0.3606579808178569,False,0.15554634437778428,0.36112497252325954,False
soh60,43,62,0.08781857663103242,0.16800577751649395,0.1303632228136384,0.27528317814143266,False,0.6,0.13333333333333333,0.13333333333333333,0.13333333333333333,0.039196123850911285,0.04540303394513548,False,0.16321817460007862,0.39961997633230056,False,0.17068729004330277,0.333325566300397,False,0.14835130276026096,0.32278413598789746,False
soh60,43,63,0.07685558400209652,0.18001877938503733,0.12221919474975329,0.29452485190265815,False,0.6,0.13333333333333333,0.13333333333333333,0.13333333333333333,0.025011457433345922,0.049154696507756446,False,0.15492431186615832,0.46786242590406646,False,0.17047385189740805,0.32887080716894224,False,0.13846715780210087,0.33221147802986734,False
soh60,43,64,0.08671155315277179,0.16050298567009824,0.1326049387055418,0.26571846629754814,False,0.6,0.13333333333333333,0.13333333333333333,0.13333333333333333,0.03426196966389179,0.04025672209586982,False,0.15908205391560118,0.3940336921673599,True,0.17270284289333548,0.31239974677447696,False,0.16437288834933875,0.3161837041524858,False
soh60,43,65,0.07956749556892809,0.18461468790820032,0.1261819626347685,0.3059050940875072,False,0.6,0.13333333333333333,0.13333333333333333,0.13333333333333333,0.026293818922253333,0.04599708084613535,False,0.16006771581621002,0.4997287243125465,False,0.17689004189465493,0.34894089635552716,False,0.14147627390595569,0.3289536748358197,False
soh60,43,66,0.10025933104577389,0.2224417812202843,0.146163425597544,0.35108550256211046,False,0.6,0.13333333333333333,0.13333333333333333,0.13333333333333333,0.04779750870089377,0.07542038540105445,False,0.1728512183711736,0.519009050340848,False,0.182370312433024,0.3999209186120433,False,0.18163466288508465,0.40999165589449604,False
soh60,43,67,0.08729951055597689,0.1807068355714277,0.1346535626134185,0.2920609285111736,False,0.6,0.13333333333333333,0.13333333333333333,0.13333333333333333,0.03318059391890077,0.05344501506886093,False,0.15730977713232844,0.42879095360120045,False,0.1870486723459579,0.3307288806992975,False,0.16107520705648684,0.3552788646753355,False
soh60,43,68,0.07993139615795226,0.19141382590716266,0.12468450351560498,0.31439341790551506,False,0.6,0.13333333333333333,0.13333333333333333,0.13333333333333333,0.02878498774920631,0.05086572076618851,False,0.15592358287338273,0.492082471994889,False,0.17021841187332956,0.3675836606414269,False,0.14381103156650135,0.3470418182195558,False
soh60,43,69,0.07591052673115001,0.17837208891958886,0.12109574318390984,0.28830746342114844,False,0.6,0.13333333333333333,0.13333333333333333,0.13333333333333333,0.024270279356567358,0.05273166091780648,False,0.15751513376110868,0.42088700297203724,False,0.17044001259134714,0.3448973723184809,False,0.13215754702661617,0.3347138174762691,False
soh60,43,70,0.07784740536931062,0.1731174609084581,0.12331927751773933,0.2834184666535655,False,0.6,0.13333333333333333,0.13333333333333333,0.13333333333333333,0.025879551485392113,0.04705916862833536,False,0.15355331447622686,0.4500047154311429,False,0.17494772837285835,0.3177553471731602,False,0.13889651573647996,0.3188546353816235,False
soh60,43,71,0.09441424388038058,0.2106955449781262,0.14432661292130117,0.352490450551839,False,0.6,0.13333333333333333,0.13333333333333333,0.13333333333333333,0.03737153640504276,0.048644224322454445,False,0.16859677061876258,0.5481162519499289,False,0.20705365801760953,0.4685910213395776,False,0.1642844866437898,0.34461030459539505,False
soh60,43,72,0.07655022903302013,0.18543519702610795,0.11999264566165269,0.30620685890857224,False,0.6,0.13333333333333333,0.13333333333333333,0.13333333333333333,0.02690175288601148,0.047410440589005856,False,0.15201127100444475,0.4920979828234064,False,0.16466449531888708,0.35870649357647455,False,0.13639306343726743,0.3266125186454023,False
soh60,43,73,0.07266168720951302,0.19528235097346447,0.1168540514998411,0.3264657236463192,False,0.6,0.13333333333333333,0.13333333333333333,0.13333333333333333,0.022156128020566674,0.04535849649020192,False,0.15243644828581163,0.5494912005179208,False,0.1633470557643122,0.3844548293188228,False,0.12947657392867387,0.32655836825833134,False
soh60,43,74,0.08152588870375893,0.2026517626241341,0.12754382577098017,0.32457948995653324,False,0.6,0.13333333333333333,0.13333333333333333,0.13333333333333333,0.028933960626934666,0.06330578852996366,False,0.15374858512541015,0.4665847659920557,False,0.18066211589683945,0.39938597653315977,False,0.14683064143473645,0.3690414287709538,False
soh60,43,75,0.08491668855058176,0.1947669298464506,0.12839673372155172,0.3128521923807401,False,0.6,0.13333333333333333,0.13333333333333333,0.13333333333333333,0.03522520835518755,0.05981234409297701,False,0.1554101588398616,0.46535082505370934,False,0.1758681435959225,0.38575391644678675,False,0.14708342409523525,0.3404916839294871,False
soh60,43,76,0.0774629758562357,0.18460463081657255,0.12283350955951697,0.3058193134497598,False,0.6,0.13333333333333333,0.13333333333333333,0.13333333333333333,0.025610937338199958,0.04607356495007287,False,0.1521050960431445,0.4852938127864171,False,0.17464625407673817,0.34875803728966653,False,0.13897175077998528,0.34315183877288263,False
soh60,43,77,0.07392909289566427,0.18381931836361254,0.11811747215309648,0.3071253816408626,False,0.6,0.13333333333333333,0.13333333333333333,0.13333333333333333,0.023428088030027442,0.042898103189612444,False,0.15188106141170768,0.49757312270552073,False,0.16298311732906315,0.36403877767349524,False,0.13417762184158766,0.3239915229948221,False
soh60,43,78,0.08972887455587913,0.20785137913211515,0.13584525345882137,0.34005164803112187,False,0.6,0.13333333333333333,0.13333333333333333,0.13333333333333333,0.03702444152394515,0.05676535753325033,False,0.1682155142692294,0.5146560045880281,False,0.1812984896313167,0.45585545538306654,False,0.15684256841079422,0.33292977462014256,False
soh60,43,79,0.07460954383601004,0.17109580165067745,0.11803141274237844,0.2801684224938323,False,0.6,0.13333333333333333,0.13333333333333333,0.13333333333333333,0.024984550800160432,0.04644137782992913,False,0.1526331647864294,0.4318692641534761,False,0.16211337463565367,0.3232161082842851,False,0.13239456074727027,0.3191469397076387,False
soh60,43,80,0.0863254011703249,0.18516998706660215,0.1305503153496218,0.30289929353910083,False,0.6,0.13333333333333333,0.13333333333333333,0.13333333333333333,0.03578264210827129,0.05062220824088935,False,0.15478312587030058,0.47874537174040244,False,0.17202219616298564,0.33510744128754527,False,0.15961329725692977,0.3471221528875663,False
soh60,43,81,0.0888683717946598,0.1883628317346617,0.13596410056736746,0.3046365595232352,False,0.6,0.13333333333333333,0.13333333333333333,0.13333333333333333,0.035044681768708195,0.05547857140486334,False,0.16266021270925476,0.49316099236025096,False,0.1902219068643807,0.3472181649960251,False,0.1559296009271261,0.3226885093318016,False
soh60,43,82,0.09189149266266483,0.1842069775807673,0.13758501362320102,0.3046148360201681,False,0.6,0.13333333333333333,0.13333333333333333,0.13333333333333333,0.03967032585062346,0.046597996507166374,False,0.16143969113835308,0.47432987147383643,False,0.18557593974607034,0.3804039047408536,False,0.16365409775775722,0.31712757135881603,False
soh60,43,83,0.07354722692100403,0.19078259554180002,0.1166958337014545,0.3121658821958045,False,0.6,0.13333333333333333,0.13333333333333333,0.13333333333333333,0.024234533457632063,0.05205883936579494,False,0.14880429301582926,0.5115556541192339,False,0.16211704871251373,0.3485275038352074,False,0.13162745961984293,0.33652153146298175,False
soh60,43,84,0.07822992419101818,0.18211435146073968,0.12117102149030176,0.2931459796931367,False,0.6,0.13333333333333333,0.13333333333333333,0.13333333333333333,0.029154384420408366,0.05522106205228592,False,0.15321726000115343,0.41980968975551275,False,0.1623895538183254,0.33615807494150424,False,0.13992288772131986,0.3613950920232438,False
soh60,43,85,0.08820930627975192,0.18803724963022533,0.1302074000707102,0.30710990270240307,False,0.6,0.13333333333333333,0.13333333333333333,0.13333333333333333,0.04021148480437102,0.0519542175477365,False,0.15473275640295256,0.46505608979279556,False,0.1762086999443709,0.3867009731612765,False,0.1496766591311463,0.3247283303078036,False
soh60,43,86,0.08662502819075138,0.1862558474559365,0.13235903040362895,0.307091978059871,False,0.6,0.13333333333333333,0.13333333333333333,0.13333333333333333,0.03435759709031985,0.048157412480011444,False,0.1636252195425003,0.48130208196753316,False,0.17662014820736305,0.3716950376245418,False,0.15483315677433268,0.3272133801673975,False
soh60,43,87,0.0754849673797427,0.1891705102256107,0.11948162606894007,0.30359508359507437,False,0.6,0.13333333333333333,0.13333333333333333,0.13333333333333333,0.025203071734945712,0.058399569231938016,False,0.14985876816355448,0.4396057632600942,False,0.16536007077766357,0.3596292725755648,False,0.1375045935995965,0.3567457293127003,False
soh60,43,88,0.07626820948831217,0.18741974083209167,0.11973373215938224,0.3129849852889184,False,0.6,0.13333333333333333,0.13333333333333333,0.13333333333333333,0.02659332643566065,0.043916604310004013,False,0.15161625770022222,0.5042649823726862,False,0.1641010827705771,0.3676217959481043,False,0.13662426173106904,0.336136558524879,False
soh60,43,89,0.08887783032628341,0.18775469134114164,0.13413677280615655,0.3005109182389748,False,0.6,0.13333333333333333,0.13333333333333333,0.13333333333333333,0.037153324634999846,0.05889043202933228,False,0.1596476840325931,0.4420958989337665,False,0.17860402636627937,0.3539375532663933,False,0.16114205619075384,0.34711978872640725,False
soh60,43,90,0.08806883610981915,0.19631067970900462,0.12982498038744555,0.30938675867384546,False,0.6,0.13333333333333333,0.13333333333333333,0.13333333333333333,0.04034752836396043,0.06708087517775797,False,0.1597310315493037,0.5040359286969424,False,0.17235856779475067,0.32545381743817725,False,0.14686279384176734,0.34097641338250434,False
soh60,43,91,0.07509650072986285,0.174110849338741,0.11848054073982012,0.2805931992230569,False,0.6,0.13333333333333333,0.13333333333333333,0.13333333333333333,0.0255147407184831,0.05241673518523709,False,0.15109379306921203,0.4166132605276487,False,0.16124531166351155,0.323139673473189,False,0.13606831750807377,0.33020312770615295,False
soh60,43,92,0.07537947958333775,0.19389235941654331,0.11963016656849637,0.319602981695755,False,0.6,0.13333333333333333,0.13333333333333333,0.13333333333333333,0.024807265886013632,0.05022307681172996,False,0.15160850664964945,0.4937345163869094,False,0.16724402392842483,0.3955932741295582,False,0.1348608698098975,0.3388610594548224,False
soh60,43,93,0.08146952020554217,0.16831872336974496,0.12428913381291684,0.28502086653165704,False,0.6,0.13333333333333333,0.13333333333333333,0.13333333333333333,0.03253281893997113,0.034944845470416944,True,0.15330830618911798,0.4556216770091474,False,0.17040115149014268,0.350037193222775,False,0.1409142586324356,0.2994797504242887,False
soh60,43,94,0.08535356460764003,0.20438501491829886,0.132030180089763,0.3365565312469643,False,0.6,0.13333333333333333,0.13333333333333333,0.13333333333333333,0.03200886119949951,0.05333185339982416,False,0.15769655129998997,0.5370835109651662,False,0.19388729381964387,0.42586587491342426,False,0.14452801403991863,0.32994488570944247,False
soh60,43,95,0.07106822080873358,0.18364748719133303,0.11420444557400133,0.30345079671298497,False,0.6,0.13333333333333333,0.13333333333333333,0.13333333333333333,0.021769678219856144,0.04672941916658799,False,0.14712643046096777,0.47449782130882356,False,0.16431441656903042,0.3652761451729907,False,0.12360725704615101,0.3272998012035376,False
soh60,43,96,0.08083042585596349,0.1953583189378748,0.1255936030925266,0.3182157294738163,False,0.6,0.13333333333333333,0.13333333333333333,0.13333333333333333,0.029672509014177104,0.054949849753941654,False,0.15503082673266483,0.5055061013391638,False,0.17066906435025828,0.3540023047510717,False,0.14700201227300616,0.3584046620510881,False
soh60,43,97,0.08593510738521158,0.1924311475222274,0.13126970585501438,0.30842598644926694,False,0.6,0.13333333333333333,0.13333333333333333,0.13333333333333333,0.03412413770543695,0.0598656173198965,False,0.15828890684132427,0.4787211529187909,False,0.18844609601195814,0.3598949728258572,False,0.14421968286133816,0.3352222027325231,False
soh60,43,98,0.0870436108164723,0.20846770653409072,0.13010819076230376,0.3342857652736284,False,0.6,0.13333333333333333,0.13333333333333333,0.13333333333333333,0.037826948021236324,0.0646756394031905,False,0.16537159554414893,0.5418964801622561,False,0.17214358721891768,0.36568730549490097,False,0.14509063226491217,0.36488363603416607,False
soh60,43,99,0.07530151684963239,0.18967319229852736,0.11860061497728264,0.3239748239996341,False,0.6,0.13333333333333333,0.13333333333333333,0.13333333333333333,0.02581683327517498,0.03618561321154822,False,0.14972280181942574,0.5307998135150013,False,0.16736985265010595,0.40266901328636456,False,0.13149297216442388,0.3262448559856223,False
soh60,43,100,0.08179063717873533,0.20819640853447768,0.12534847222928175,0.3336354342373482,False,0.6,0.13333333333333333,0.13333333333333333,0.13333333333333333,0.03201025426382512,0.06483752201691134,False,0.1542034035802627,0.5118291132014385,False,0.17454709477516353,0.38730313461478727,False,0.14063313629787572,0.37057196711625573,False
soh60,43,101,0.07721553087180576,0.17833860616236563,0.11939566849700803,0.29239470724476346,False,0.6,0.13333333333333333,0.13333333333333333,0.13333333333333333,0.029009659300146023,0.047988776353910974,False,0.1514091584111175,0.4850871866003568,False,0.1628590663168574,0.3196178009642803,False,0.1343047899599112,0.3168850650605057,False
soh60,43,102,0.08364319770565032,0.17855438893179096,0.1257762636497438,0.2960410856409048,False,0.6,0.13333333333333333,0.13333333333333333,0.13333333333333333,0.03549112234097202,0.044283878407089375,False,0.15660125937381206,0.47570328587458527,False,0.16958753192673848,0.3549438528560467,False,0.14142514095745276,0.309233325425898,False
soh60,43,103,0.07334914645222348,0.17794867009539772,0.11557772993243703,0.29579704794835854,False,0.6,0.13333333333333333,0.13333333333333333,0.13333333333333333,0.025087908189122314,0.04326480969201402,False,0.1453648424252045,0.46254223359055,False,0.1656356256717645,0.35471420064342424,False,0.12622254344365677,0.3226669478674457,False
soh60,43,104,0.07556554169340474,0.17858719040439794,0.11847291859009043,0.29490048732844654,False,0.6,0.13333333333333333,0.13333333333333333,0.13333333333333333,0.026528539525763953,0.04565770820548527,False,0.14810876926821712,0.4683950488674922,False,0.1674689263274797,0.3443225378972962,False,0.13178543923890096,0.3212266543435124,False
soh60,43,105,0.07101266128188771,0.18871155243003468,0.11367381295387806,0.31144319122159936,False,0.6,0.13333333333333333,0.13333333333333333,0.13333333333333333,0.02225705937104161,0.048446822382532215,False,0.1455656302984927,0.48859105160710237,False,0.15956299698711843,0.35816485587712604,False,0.1273095651588595,0.35057003501963674,False
soh60,43,106,0.07231570966570534,0.1723734133372099,0.11587817919902878,0.28357345801039746,False,0.6,0.13333333333333333,0.13333333333333333,0.13333333333333333,0.02253003019904999,0.04528764799642419,False,0.14881848960849042,0.44783525500507926,False,0.16620415052644208,0.320586484123677,False,0.1259600464621326,0.32058444491640925,False
soh60,43,107,0.0785438204495744,0.18781832311828475,0.12302582449033853,0.3093855458087504,False,0.6,0.13333333333333333,0.13333333333333333,0.13333333333333333,0.027707244402986834,0.04888435432918122,False,0.1490123863535906,0.4976211565885902,False,0.16627086071786076,0.3478849165455548,False,0.14911280648691597,0.3431517557716752,False
soh60,43,108,0.07347556889967267,0.19389595123362421,0.11731092860139043,0.319811404785043,False,0.6,0.13333333333333333,0.13333333333333333,0.13333333333333333,0.02337801495485237,0.04999257574628847,False,0.14937904199290472,0.5299397664796325,False,0.16542093661461613,0.36140713975689603,False,0.13106572084318852,0.33790613715735507,False
soh60,43,109,0.07912681798669272,0.2028642837904674,0.1233754714782717,0.3238122774848658,False,0.6,0.13333333333333333,0.13333333333333333,0.13333333333333333,0.028556928282031005,0.06463800528258355,False,0.1490801737476097,0.5217890728604823,False,0.16914686853219796,0.34687677468587313,False,0.14671791535124812,0.3619452571105241,False
soh60,43,110,0.08024523225106704,0.1888653399606725,0.1258916268822725,0.3062205694153948,False,0.6,0.13333333333333333,0.13333333333333333,0.13333333333333333,0.02807792410111794,0.05474507772670412,False,0.153193830031902,0.4658689571126747,False,0.1802957628959675,0.3466434552899545,False,0.14199899050010256,0.357624787532246,False
soh60,43,111,0.08673840435271288,0.20557746409841207,0.12916049570972454,0.33874610224788526,False,0.6,0.13333333333333333,0.13333333333333333,0.13333333333333333,0.03825601423041382,0.05338473478472845,False,0.15799494862569619,0.5727210908925492,False,0.17157708133764604,0.3762815853442611,False,0.1488139386451422,0.3525969979700023,False
soh60,43,112,0.08700844436361523,0.18943460973074602,0.1309192343131932,0.30874304547355896,False,0.6,0.13333333333333333,0.13333333333333333,0.13333333333333333,0.03682468442124041,0.053082111738959825,False,0.15700439917217265,0.4952082183696766,False,0.17323847649472468,0.3456127455236046,False,0.15660937716463505,0.3410691062619949,False
soh60,43,113,0.08389640515847602,0.20521425607212226,0.12803129311530576,0.3357767118223774,False,0.6,0.13333333333333333,0.13333333333333333,0.13333333333333333,0.03345653320781345,0.05600002092897352,False,0.1583800754466572,0.5428469411444459,False,0.18541452967670247,0.41139691370997317,False,0.13487403413004997,0.33286297150611716,False
soh60,43,114,0.07825203887346678,0.17474455083599635,0.1219041656140572,0.29488040050791087,False,0.6,0.13333333333333333,0.13333333333333333,0.13333333333333333,0.028363894027077723,0.037446436925236914,False,0.15081909326333778,0.47893634328933765,False,0.17316712121609748,0.3477973914317609,False,0.13526655394971585,0.31534143038530793,False
soh60,43,115,0.07249178611046261,0.19057541161846153,0.11594068103894971,0.3175120097876806,False,0.6,0.13333333333333333,0.13333333333333333,0.13333333333333333,0.02283590619219166,0.04550501371078261,False,0.1499682928201723,0.5322889627018794,False,0.16212399446514597,0.378247608906481,False,0.12883453067828893,0.3140064538315794,False
soh60,43,116,0.07709636011872707,0.1888875458051302,0.12057959714291618,0.31476631157266605,False,0.6,0.13333333333333333,0.13333333333333333,0.13333333333333333,0.027401232091082365,0.045026099213660666,False,0.14946120563132342,0.5293529578583185,False,0.16858804005353542,0.3535847650656549,False,0.13686791079572352,0.33110142415303007,False
soh60,43,117,0.08437396832449338,0.17386821488399973,0.12598634628516386,0.29455479003362683,False,0.6,0.13333333333333333,0.13333333333333333,0.13333333333333333,0.036816964940869994,0.03594070042728297,False,0.15495650622123244,0.5118078764214945,False,0.16394789777440774,0.32967961769672244,False,0.14822401620414524,0.30079096558900764,False
soh60,43,118,0.06856249855462508,0.191229019106522,0.1110828576620332,0.31863722919890153,False,0.6,0.13333333333333333,0.13333333333333333,0.13333333333333333,0.01996780243187293,0.04561963614380252,False,0.1443012034224279,0.5137040594154568,False,0.15852039445481617,0.3718731279662786,False,0.12154203033901582,0.34335209327006827,False
soh60,43,119,0.07059271867592969,0.17592922049791046,0.1134710383557377,0.2878406346827966,False,0.6,0.13333333333333333,0.13333333333333333,0.13333333333333333,0.021588924756149108,0.04803046142946917,False,0.1454866679464036,0.41551376591724937,False,0.16409019360719831,0.3457473640404283,False,0.12271836711319979,0.3420709473440395,False
soh60,43,120,0.0731620696006344,0.1840097520923332,0.1159537557997257,0.2903807976118038,False,0.6,0.13333333333333333,0.13333333333333333,0.13333333333333333,0.024257285373101487,0.06244284292722397,False,0.1473430463636224,0.42316117118331004,False,0.16065941117371216,0.32566157914694055,False,0.13155528028846677,0.3502575971897406,False
soh60,43,121,0.0724009358086907,0.1752828209836529,0.11522416861819998,0.29773111462356194,False,0.6,0.13333333333333333,0.13333333333333333,0.13333333333333333,0.023460098312108667,0.03534191396661395,False,0.15096098371687297,0.48882932247290306,False,0.1633083778466662,0.34484051998119636,False,0.12316721459715209,0.32191270207353445,False
soh60,43,122,0.07281553347679906,0.17992421135732478,0.11580453562480567,0.2992486726468435,False,0.6,0.13333333333333333,0.13333333333333333,0.13333333333333333,0.023685245307648647,0.04355339845501764,False,0.14694234005133225,0.46328469317391097,False,0.16264178098766488,0.3556303045695011,False,0.12994877615257686,0.3345262943889445,False
soh60,43,123,0.071899227698839,0.17657491794185465,0.11456376996512281,0.29355657894393034,False,0.6,0.13333333333333333,0.13333333333333333,0.13333333333333333,0.023139750823086072,0.04288159108233956,False,0.145941287554099,0.4749349619220935,False,0.16433763549679062,0.33123322326100507,False,0.12483640598651553,0.3251765395102833,False
soh60,43,124,0.06964342678934439,0.18848176800684752,0.1115303102312799,0.30775619230414686,False,0.6,0.13333333333333333,0.13333333333333333,0.13333333333333333,0.021772702855703804,0.052168140238505474,False,0.14639660389240916,0.49466023490913685,False,0.15875136257603498,0.34657433649116703,False,0.11920057160097164,0.3376220575777779,False
soh60,43,125,0.06973877655408227,0.17315650154975767,0.11221362790806895,0.29222476537612163,False,0.6,0.13333333333333333,0.13333333333333333,0.13333333333333333,0.02119608929238321,0.03707848574819882,False,0.14631568735149275,0.48356023537167786,False,0.15915169375962526,0.34078679302865084,False,0.1221910412287746,0.30747354735595916,False
soh60,43,126,0.07393465677829127,0.1786902598727949,0.11699821082242384,0.28918537220353663,False,0.6,0.13333333333333333,0.13333333333333333,0.13333333333333333,0.02471916644213974,0.05241013149480445,False,0.14727000050603248,0.44924338091139465,False,0.16305872774262375,0.3230864932041721,False,0.1329449485988994,0.33200148320377515,False
soh60,43,127,0.06948595469003079,0.17823111665586716,0.11142173894940725,0.29835809371783434,False,0.6,0.13333333333333333,0.13333333333333333,0.13333333333333333,0.021559344107886243,0.04094314287076184,False,0.14358598179212978,0.4919597578675882,False,0.15765364812082877,0.33590008453610426,False,0.12288798177678424,0.32462938959688303,False
soh60,43,128,0.07346635855475267,0.18747467369426146,0.11663578389749356,0.31050537313134374,False,0.6,0.13333333333333333,0.13333333333333333,0.13333333333333333,0.024129872448763093,0.04686816005188173,False,0.14602902755685912,0.5176021181311748,False,0.1618205071564127,0.3469547623274487,False,0.13456372842793934,0.33059645201486965,False
soh60,43,129,0.07365599331125341,0.16791644945784878,0.11710412060654102,0.2739129566972822,False,0.6,0.13333333333333333,0.13333333333333333,0.13333333333333333,0.02400099068806761,0.04677758404135344,False,0.14768900019966255,0.40655077242024174,False,0.16998967034719828,0.3138020691146804,False,0.1267368211912356,0.3285214012128533,False
soh60,43,130,0.07754553608198864,0.18910733529144041,0.12183414952796165,0.30280998631561545,False,0.6,0.13333333333333333,0.13333333333333333,0.13333333333333333,0.026929977858019507,0.05916144840666895,False,0.14980592713267957,0.44572864704261045,False,0.1848672149748122,0.36123421961490143,False,0.1257334781463353,0.3451156301982809,False
soh60,43,131,0.07358238940648094,0.18306301909704542,0.11625303324022601,0.2952376634594079,False,0.6,0.13333333333333333,0.13333333333333333,0.13333333333333333,0.024815939310772292,0.05486342554005971,False,0.14578916895867292,0.40707826718973417,False,0.16469419923460993,0.3586471103138258,False,0.1297128254568489,0.36036185079401184,False
soh60,43,132,0.07684480991896898,0.19436051608397553,0.11797071941132978,0.31198626433556503,False,0.6,0.13333333333333333,0.13333333333333333,0.13333333333333333,0.02984377049912807,0.05993108951073039,False,0.14928398066944704,0.4932172767203033,False,0.15877906378207593,0.3378063503494986,False,0.13397606269466814,0.3569903407617278,False
soh60,43,133,0.07155976960212523,0.18822284839931733,0.11515862275443058,0.31601384678776606,False,0.6,0.13333333333333333,0.13333333333333333,0.13333333333333333,0.021732508856633394,0.04217599309823304,False,0.14703585612546513,0.48703835035869786,False,0.16811439325734887,0.40951675796526366,False,0.12375173277827496,0.3253242857288697,False
soh60,43,134,0.07410914176042949,0.17445390693920268,0.11640462060552831,0.28991034827423706,False,0.6,0.13333333333333333,0.13333333333333333,0.13333333333333333,0.02577145165174513,0.042503688270591894,False,0.14880832683265485,0.47864740688045454,False,0.1648032425032352,0.32737288606691556,False,0.12623546143447806,0.3111174118789864,False
soh60,43,135,0.0774966110157923,0.1680657666116925,0.12057147185603576,0.2813182543152188,False,0.6,0.13333333333333333,0.13333333333333333,0.13333333333333333,0.028268198626942652,0.03863435209337678,False,0.14839424875193136,0.4394299042480556,False,0.17022912086344721,0.33349340164888425,False,0.13539431918182177,0.31371535927055844,False
soh60,43,136,0.07089103750016967,0.17321732919970845,0.11281687594242176,0.28653111458478936,False,0.6,0.13333333333333333,0.13333333333333333,0.13333333333333333,0.02297579356616728,0.043715860188187426,False,0.14623087974096494,0.4732016634669652,False,0.1631162147883425,0.3250883621514446,False,0.11894461567421233,0.3041185725325602,False
soh60,43,137,0.06883325873520471,0.1700200500466332,0.1103827843062205,0.2828483901890285,False,0.6,0.13333333333333333,0.13333333333333333,0.13333333333333333,0.02134808665404381,0.04107337559818141,False,0.14607484055585077,0.43580758236543726,False,0.15709601024134834,0.329411605839187,False,0.11701219977363908,0.3251009969533085,False
soh60,43,138,0.06916167839589482,0.1857624396962666,0.1114370407511742,0.3044310756233592,False,0.6,0.13333333333333333,0.13333333333333333,0.13333333333333333,0.02084697856128983,0.050141141493875094,False,0.14630424057928557,0.46188705705542404,False,0.15820282735117583,0.3675056593186911,False,0.12039411651294553,0.3381904446254465,False
soh60,43,139,0.07240885166365268,0.19559736457718438,0.11579854783445395,0.32890965290979585,False,0.6,0.13333333333333333,0.13333333333333333,0.13333333333333333,0.022820627468451243,0.043240463625628424,False,0.14720349085420228,0.5087189881805271,False,0.1676385339814469,0.41620941157846175,False,0.12553153903371542,0.3474697482545661,False
soh60,43,140,0.06884773524228105,0.1862070997087811,0.10966966725773672,0.30725533745034084,False,0.6,0.13333333333333333,0.13333333333333333,0.13333333333333333,0.02219409865318888,0.047866256575570004,False,0.14335699858934048,0.5025087739274873,False,0.1566191435225813,0.3500627763911019,False,0.11650842826583618,0.32858354290720404,False
soh60,43,141,0.06515229567700673,0.17934854449413062,0.10675613849659955,0.2951323109734404,False,0.6,0.13333333333333333,0.13333333333333333,0.13333333333333333,0.017605046740329217,0.04702423994634807,False,0.14252538723737782,0.4377077733095658,False,0.1566555257328606,0.356077510399974,False,0.11023859427583055,0.3397197202378736,False
soh60,43,142,0.06612599736662601,0.17160674420088623,0.10706864733583898,0.2814090334997043,False,0.6,0.13333333333333333,0.13333333333333333,0.13333333333333333,0.019334397401811212,0.04611841357366556,False,0.1408049776854465,0.43216761925242025,False,0.1543374200367291,0.3222265431252543,False,0.11379779421936907,0.3251235580474771,False
soh60,43,143,0.06926590669077139,0.18177275672189275,0.11044658349510371,0.30304679715984273,False,0.6,0.13333333333333333,0.13333333333333333,0.13333333333333333,0.02220227605724873,0.04317385336423569,False,0.14350659088247728,0.4622869582405858,False,0.15732994678063195,0.3704452488640269,False,0.11874752026005692,0.3362811281705224,False
soh60,43,144,0.07040888151732808,0.17744179865564905,0.11299687609252787,0.28932274249902995,False,0.6,0.13333333333333333,0.13333333333333333,0.13333333333333333,0.021736887717099737,0.0495778628346423,False,0.14427052145890965,0.4406017917905021,False,0.1599051151679805,0.32527264865947997,False,0.12607498002612164,0.34183866671149543,False
soh60,43,145,0.06817495414758251,0.17884840230976634,0.10977278907109636,0.2978004442317662,False,0.6,0.13333333333333333,0.13333333333333333,0.13333333333333333,0.0206345713778524,0.04290321154176649,False,0.1442348019255645,0.48583519553490256,False,0.15684979718934258,0.33284823139441927,False,0.11737198579162596,0.3296151384559765,False
soh60,43,146,0.07688082219116925,0.17057739327096716,0.1207561355713686,0.2795524586388931,False,0.6,0.13333333333333333,0.13333333333333333,0.13333333333333333,0.026737606899512843,0.04603446142190893,False,0.15401613902464592,0.39232355627804366,True,0.16390044742832563,0.3270113096027868,False,0.13837034893299005,0.3528405072528331,False
soh60,43,147,0.07994916479542769,0.19556861631646308,0.12406520546650093,0.3102764339978115,False,0.6,0.13333333333333333,0.13333333333333333,0.13333333333333333,0.029530832599915433,0.0644739675377791,False,0.1548462841741153,0.41836984202633376,False,0.16731809337971595,0.36435829428376526,False,0.144565611712257,0.39390363214336804,False
soh60,43,148,0.06958018239595098,0.18855872682568534,0.11108639402694984,0.30791475414723796,False,0.6,0.13333333333333333,0.13333333333333333,0.13333333333333333,0.022144511960523715,0.05215183845819663,False,0.14335495180791602,0.4860910175292468,False,0.1582455802364983,0.337777768027591,False,0.1206005321028613,0.35563839257391733,False
soh60,43,149,0.07014276423844622,0.18058255739654094,0.11179206029203675,0.2930729388374988,False,0.6,0.13333333333333333,0.13333333333333333,0.13333333333333333,0.022543568748628468,0.052022121464017655,False,0.1431983922385148,0.43153618947768807,False,0.1622539799311742,0.34096301930341744,False,0.11917230024982951,0.3477704251048721,False
soh60,43,150,0.07198987605343117,0.17847389468202834,0.11534396036843356,0.295857196293518,False,0.6,0.13333333333333333,0.13333333333333333,0.13333333333333333,0.02244235112199986,0.044321549983183064,False,0.1474825719218531,0.47958344903864214,False,0.15824927838406908,0.33133455305319676,False,0.13320164004581223,0.3281892330990499,False
soh60,43,151,0.06968970503205624,0.18044501019240133,0.11260871637369055,0.29590574502666706,False,0.6,0.13333333333333333,0.13333333333333333,0.13333333333333333,0.020639406355902733,0.0484898846675262,False,0.14254069424727442,0.4406611978667803,False,0.16240751102074258,0.34537643084162034,False,0.12484725387084251,0.3490954667307414,False
soh60,43,152,0.0729851276950861,0.1725174590228082,0.11611877763010824,0.28304990944638003,False,0.6,0.13333333333333333,0.13333333333333333,0.13333333333333333,0.023689527769346495,0.04619465853872616,False,0.14645504794693096,0.4395642630637109,False,0.17219080566390363,0.33625845672770477,False,0.1221397291402519,0.3101822594553783,False
soh60,43,153,0.07562180060400589,0.17660374267006146,0.11937966807713471,0.28341364167515304,False,0.6,0.13333333333333333,0.13333333333333333,0.13333333333333333,0.025612809206144387,0.05453528666424247,False,0.14896148880900578,0.41998966478162497,False,0.17663928193569278,0.33441371328239783,False,0.1263050923576959,0.32471590197234695,False
soh60,43,154,0.07868484424715624,0.1933626448442657,0.12062859244767321,0.3054279573004397,False,0.6,0.13333333333333333,0.13333333333333333,0.13333333333333333,0.03074913201799401,0.06528800203720969,False,0.1552410090818914,0.45137497265981513,False,0.16762941984198385,0.3517592667011871,False,0.12889480884882357,0.35328958780354697,False
soh60,43,155,0.07091220963997567,0.17274022239093656,0.11418925337360766,0.2773667085454581,False,0.6,0.13333333333333333,0.13333333333333333,0.13333333333333333,0.021452731087253412,0.05316709535719765,False,0.1452227890873378,0.3994626598767495,False,0.16414405886833203,0.3118495176930332,False,0.12593743445150737,0.344987561254852,False
soh60,43,156,0.06749538518196829,0.17586881536339127,0.10986685956168575,0.2901937309815336,False,0.6,0.13333333333333333,0.13333333333333333,0.13333333333333333,0.019070843033719777,0.045211768942657195,False,0.14314563187213944,0.4277048812565399,False,0.16148160766782846,0.3461827057472957,False,0.11576935567305528,0.34167556797964166,False
soh60,43,157,0.07560968810815402,0.19355097552294492,0.1178134300589862,0.3191212940719874,False,0.6,0.13333333333333333,0.13333333333333333,0.13333333333333333,0.027376840164345804,0.050042040038324916,False,0.14798192359889853,0.511698590486958,False,0.1620186781238224,0.373597096874873,False,0.13387627834887808,0.3411474488877937,False
soh60,43,158,0.11267628617764855,0.16530368078261098,0.1623988900416947,0.2735683011750169,False,0.6,0.13333333333333333,0.13333333333333333,0.13333333333333333,0.05585045319016726,0.041572686048432776,False,0.17869885953525677,0.3867415555326532,True,0.1915480625386036,0.33247042430726803,False,0.2234981849027511,0.33348853881171364,False
soh60,43,159,0.07128271891398737,0.1750022873840359,0.11399515938457622,0.28742660083535,False,0.6,0.13333333333333333,0.13333333333333333,0.13333333333333333,0.0224685012333144,0.046517357725391215,False,0.14657913982244278,0.41564051192162754,False,0.16178317660105682,0.3625016614280185,False,0.12514981988149085,0.32504687226636264,False
soh60,43,160,0.07073217668289358,0.17990647504648108,0.11290082091856435,0.2914132169627181,False,0.6,0.13333333333333333,0.13333333333333333,0.13333333333333333,0.02253944041355557,0.052470198570781605,False,0.14592455384184222,0.4094167111305784,False,0.15940059988675434,0.35141561267761773,False,0.12373868953210526,0.35235034547189464,False
soh60,43,161,0.06881781350610965,0.17630675184269334,0.10968402703333752,0.2878063614992623,False,0.6,0.13333333333333333,0.13333333333333333,0.13333333333333333,0.02211356947499209,0.048878626520900206,False,0.141491081871706,0.4160662820521397,False,0.15558378122996727,0.35015073191398244,False,0.11954767555668466,0.33612980551002697,False
soh60,43,162,0.07598841178731354,0.19714653579927105,0.11981637288947067,0.32803720477268533,False,0.6,0.13333333333333333,0.13333333333333333,0.13333333333333333,0.02589931338484826,0.04755719982965475,False,0.15179645045663884,0.5415350331761885,False,0.1646143837516327,0.38093135135086903,False,0.1369553439647628,0.34212523473402906,False
soh60,43,163,0.06651051957641851,0.18377152753228873,0.10816668533334291,0.30211782520437047,False,0.6,0.13333333333333333,0.13333333333333333,0.13333333333333333,0.018903472997076346,0.04851861590705249,False,0.13970337944169145,0.47786575816970517,False,0.16172043987897777,0.3469580808674156,False,0.11233944901562602,0.33512884587330855,False
soh60,43,164,0.07537735861099021,0.17532847015312497,0.11919632198192635,0.28548828521496616,False,0.6,0.13333333333333333,0.13333333333333333,0.13333333333333333,0.025298543329920316,0.04943153865387793,False,0.14833270704373355,0.4235700987146139,False,0.16834182990954086,0.3445301447849444,False,0.13481220764451068,0.32442135870642835,False
soh60,43,165,0.06532595342529432,0.19435257254758279,0.10679991970011346,0.318566638915331,False,0.6,0.13333333333333333,0.13333333333333333,0.13333333333333333,0.01792713482550101,0.052393639555870584,False,0.14120168538743313,0.46865698249380877,False,0.15507760934171233,0.40220037628060906,False,0.11299324924580734,0.35101555733103557,False
soh60,43,166,0.07059289175463078,0.19180816847217652,0.11258972163648855,0.3190770188296918,False,0.6,0.13333333333333333,0.13333333333333333,0.13333333333333333,0.022596514746793344,0.04635805377787334,False,0.14414536353018167,0.4797553665805902,False,0.16087709042942336,0.4047008833852703,False,0.12273991783955578,0.3454937715750333,False
soh60,43,167,0.07085402856658417,0.17702462538442787,0.11334315549936312,0.29111174113079163,False,0.6,0.13333333333333333,0.13333333333333333,0.13333333333333333,0.022295026357693936,0.046639350245726435,False,0.14366423929196692,0.43090224079897554,False,0.16060023376197832,0.356549881936797,False,0.1268131225858133,0.3303554915416676,False
soh60,43,168,0.06836598904759247,0.18699274580828734,0.11013239610084004,0.3110171975878251,False,0.6,0.13333333333333333,0.13333333333333333,0.13333333333333333,0.020632952415309533,0.045250515203101395,False,0.14496885509326304,0.4925787218503092,False,0.15569618597405901,0.3732786716705822,False,0.11923159092072859,0.33296088162730747,False
soh60,43,169,0.06479543534516216,0.1889259137341172,0.10659346899170742,0.31223793236371616,False,0.6,0.13333333333333333,0.13333333333333333,0.13333333333333333,0.017026254034824724,0.04799789244314695,False,0.14060576286937113,0.4893276401629239,False,0.15746162694934684,0.3692589792835757,False,0.11128023211328704,0.3423672175652181,False
soh60,43,170,0.07200134071241479,0.17636761323587063,0.11549111995654815,0.2856548410374977,False,0.6,0.13333333333333333,0.13333333333333333,0.13333333333333333,0.022298735861976678,0.05146792431972538,False,0.1483289563789127,0.4215910303526235,False,0.1638122507224142,0.3554338235081714,False,0.12752453686288903,0.3141265859694707,False
soh60,43,171,0.06841088415546265,0.20374403802184532,0.11004829270064877,0.32969382496021477,False,0.6,0.13333333333333333,0.13333333333333333,0.13333333333333333,0.020825274389535655,0.05980142437799459,False,0.1465854556188598,0.5199783713339178,False,0.15666751803202877,0.3782103137631376,False,0.11611492276217084,0.36078519036580897,False
soh60,43,172,0.06199793045260686,0.18195383188393077,0.10198155335888745,0.2910700101380152,False,0.6,0.13333333333333333,0.13333333333333333,0.13333333333333333,0.016302361416857643,0.057249628164977105,False,0.1371181495685737,0.4267025823454125,False,0.15020527883553117,0.32935824369401034,False,0.10430042361458723,0.350969586347661,False
soh60,43,173,0.0774943473744828,0.20926427444514298,0.12006899830883655,0.3473126855316229,False,0.6,0.13333333333333333,0.13333333333333333,0.13333333333333333,0.02883760344950709,0.05149466177488022,False,0.15134812035549935,0.4976990661346909,False,0.16637171735113113,0.49762959130418055,False,0.13371855207920863,0.34242742291274003,False
soh60,43,174,0.07250331946435543,0.18114275161255794,0.11454247131508319,0.30618675043483035,False,0.6,0.13333333333333333,0.13333333333333333,0.13333333333333333,0.024458574492095115,0.03823532438710377,False,0.14612827373632875,0.4816350453305207,False,0.16039306433851255,0.38613117176246864,False,0.12718997269339635,0.3187454602592284,False
soh60,43,175,0.08747028081208263,0.18125295427838822,0.1348817901102057,0.2929317578464788,False,0.6,0.13333333333333333,0.13333333333333333,0.13333333333333333,0.03328569875708487,0.05362003591485614,False,0.15758768344414986,0.4259865770124694,False,0.1820028020938519,0.34646354766763926,False,0.16665097614573618,0.3456568707909504,False
soh60,43,176,0.07552195190168189,0.22268685085011086,0.1164555688043584,0.3541712586357276,False,0.6,0.13333333333333333,0.13333333333333333,0.13333333333333333,0.028740675441480176,0.07241895623797737,False,0.14772045677894133,0.5437073704592197,False,0.16073207714681845,0.4280144897080427,False,0.1286290658501936,0.37254421813767086,False
soh60,43,177,0.07135137398363971,0.20048486829082784,0.11346666401003003,0.33723400853579255,False,0.6,0.13333333333333333,0.13333333333333333,0.13333333333333333,0.023219613953479344,0.04420013658229678,False,0.14842785792538774,0.5612400864258106,False,0.15792985443979052,0.411664230598614,False,0.1242893297214625,0.3318315805364488,False
soh60,43,178,0.08345609051050105,0.16867420798828975,0.12898934336678045,0.2807656069740431,False,0.6,0.13333333333333333,0.13333333333333333,0.13333333333333333,0.03141808724618173,0.04056975200457155,False,0.15285432260738155,0.40465579880066144,False,0.1710161555854953,0.3606838128284049,False,0.16066880802806324,0.3171530642625347,False
soh60,43,179,0.06709885853555626,0.18519330080617666,0.10867292014187428,0.30422931321084057,False,0.6,0.13333333333333333,0.13333333333333333,0.13333333333333333,0.019585645271192834,0.049152143772275066,False,0.14221272387999442,0.47521412140088803,False,0.15913945352196224,0.3478420110654256,False,0.1137538578943476,0.34470897660477345,False
soh60,43,180,0.06908336789906787,0.18193928209379157,0.11164315244937537,0.2955444336444484,False,0.6,0.13333333333333333,0.13333333333333333,0.13333333333333333,0.02044361412728786,0.05210482317875519,False,0.1429892982076809,0.4568455605958938,False,0.16353746849073944,0.33749296234504983,False,0.1196022289717933,0.33573438845809483,False
soh60,43,181,0.074790115818941,0.1936727573080554,0.1178639476080948,0.32246617775828124,False,0.6,0.13333333333333333,0.13333333333333333,0.13333333333333333,0.02556287948847952,0.04648027679351161,False,0.14791914409213092,0.5083131638890189,False,0.16742966447510013,0.38762022538322766,False,0.1305441023766686,0.3474510449673666,False
soh60,43,182,0.0741575809604298,0.1982462882023415,0.11692860245171258,0.32271932510950063,False,0.6,0.13333333333333333,0.13333333333333333,0.13333333333333333,0.025276413541820933,0.05599138887987396,False,0.14898073864838035,0.5362887730116844,False,0.16772504853421213,0.3660043927598234,False,0.1257322090824369,0.33259274578662074,False
soh60,43,183,0.06896169039667543,0.18942183833106374,0.11148375555102777,0.31281498118647033,False,0.6,0.13333333333333333,0.13333333333333333,0.13333333333333333,0.020365044505987046,0.04840110363917048,False,0.1422890391864369,0.5102813731239989,False,0.15985809341544865,0.3613702044971963,False,0.12342284509623848,0.3312072434855156,False
soh60,43,184,0.07387525046858373,0.18903369364096287,0.115599357929767,0.3033472652213152,False,0.6,0.13333333333333333,0.13333333333333333,0.13333333333333333,0.026190556227231432,0.058389611834845874,False,0.1465894622673873,0.4811413515432951,False,0.16699768285249753,0.35426792033639604,False,0.12261973037195174,0.31959017717072397,False
soh60,43,185,0.06656602353603194,0.17396800068825619,0.10846940501934758,0.28686658060741765,False,0.6,0.13333333333333333,0.13333333333333333,0.13333333333333333,0.018676444697956922,0.0449410522092145,False,0.1435133192939182,0.4407891466239766,False,0.16011489853739083,0.3364770356939774,False,0.11157295754812441,0.3252590879025022,False
soh60,43,186,0.07016881406255213,0.21041044844227832,0.11353461914515948,0.345446996748465,False,0.6,0.13333333333333333,0.13333333333333333,0.13333333333333333,0.020607893968143727,0.05608296466377927,False,0.14430327552092073,0.521094108342434,False,0.16724004305575133,0.4556895041241246,False,0.12198726403582215,0.3489214098635222,False
soh60,43,187,0.06449212497116406,0.17970993984769282,0.10516125081009095,0.30004517257129715,False,0.6,0.13333333333333333,0.13333333333333333,0.13333333333333333,0.018013124012390483,0.042183959592145014,False,0.13934057057882948,0.4975513115803185,False,0.1525711564628588,0.33432301356561295,False,0.11072015218628505,0.32612240554711225,False
soh60,43,188,0.0805277966056407,0.1972205206372512,0.1210860942685398,0.30909177924785775,False,0.6,0.13333333333333333,0.13333333333333333,0.13333333333333333,0.0341754564194703,0.0693676536537009,False,0.148278212494499,0.45756095657043544,False,0.16524183520688054,0.3420367266995934,False,0.1366488729533094,0.36740178006770124,False
soh60,43,189,0.07064397942190796,0.1690905255836966,0.11277969814170226,0.28347666293431106,False,0.6,0.13333333333333333,0.13333333333333333,0.13333333333333333,0.02248887231357161,0.03836351146870869,False,0.14459448088617566,0.45857486119278584,False,0.15854375959429653,0.3389703941622475,False,0.12549167977276526,0.29799788491350215,False
soh60,43,190,0.06992494473160789,0.16913310994436354,0.11257282158068571,0.27937934307491996,False,0.6,0.13333333333333333,0.13333333333333333,0.13333333333333333,0.021184514046947534,0.04313741493801336,False,0.1430514337708505,0.4029823699084874,False,0.16429686337534438,0.3352857517324222,False,0.12175847512960043,0.3361118357207569,False
soh60,43,191,0.0651665180528539,0.18768979357169666,0.10726247062673222,0.30911985677777054,False,0.6,0.13333333333333333,0.13333333333333333,0.13333333333333333,0.01705685796842155,0.048912578479040784,False,0.14136131832045742,0.48276801159541877,False,0.15700699549846253,0.35792676738904916,False,0.11362471071958735,0.3468720696475735,False
soh60,43,192,0.0699696813679269,0.19312073039660219,0.11147672162353793,0.30758809873231785,False,0.6,0.13333333333333333,0.13333333333333333,0.13333333333333333,0.022533063932942864,0.062300880870069984,False,0.14337562271496238,0.45769827261441814,False,0.16213595910065162,0.3440540818074576,False,0.11786224074559487,0.36629915963732573,False
soh60,43,193,0.07142724770044863,0.16818166494224288,0.11286251126711677,0.27552944240971255,False,0.6,0.13333333333333333,0.13333333333333333,0.13333333333333333,0.02407266076711362,0.04549849069370604,False,0.14560798471365613,0.3909039194649231,False,0.15900227963983582,0.32531897518020875,False,0.12276711994786149,0.34039638430001246,False
soh60,43,194,0.06619392617508478,0.18335838193518422,0.10782632119569951,0.29749117571997,False,0.6,0.13333333333333333,0.13333333333333333,0.13333333333333333,0.018614046151525065,0.05292090332400042,False,0.14302988149854612,0.44608270817313606,False,0.1567237950244789,0.35395391238368273,False,0.11293756210824801,0.337007178999061,False
soh60,43,195,0.06784752209917144,0.1903352057038335,0.1088700490152818,0.3141385431295259,False,0.6,0.13333333333333333,0.13333333333333333,0.13333333333333333,0.0209646341950453,0.04884567721732794,False,0.14232439304923794,0.445320056776852,False,0.1583521015768804,0.4067184522900334,False,0.11383906723996358,0.3556699862338901,False
soh60,43,196,0.06582826885509306,0.1702922907284343,0.10700873870271448,0.27565815113743036,False,0.6,0.13333333333333333,0.13333333333333333,0.13333333333333333,0.018764874743525735,0.04987416454672453,False,0.14482015018470681,0.39282693483587194,False,0.15383212868709326,0.32280107870588975,False,0.11061780119553209,0.3371304264612352,False
soh60,43,197,0.06659534394046773,0.159035144164677,0.10775298930805391,0.2651784932871366,False,0.6,0.13333333333333333,0.13333333333333333,0.13333333333333333,0.019558034948940692,0.037728459453294644,False,0.14043094872053352,0.38985047135920387,False,0.15552896208465172,0.3250155806469866,False,0.11549401147808969,0.3081194616890613,False
soh60,43,198,0.07547710150098433,0.1844184105352773,0.11800168458282534,0.2990994939824261,False,0.6,0.13333333333333333,0.13333333333333333,0.13333333333333333,0.02687757797888033,0.05335431516710725,False,0.1421460609398187,0.45923084693517097,False,0.15851097001553469,0.3404433929557289,False,0.14447212939706763,0.34336942087169725,False
soh60,43,199,0.0687533472369917,0.17352904234014851,0.11005377112919448,0.2835812240517708,False,0.6,0.13333333333333333,0.13333333333333333,0.13333333333333333,0.02155286278875995,0.047755120384008864,False,0.1435569355423425,0.44904931282842325,False,0.1609159952962519,0.33447124672392947,False,0.1141892908894236,0.30304921627072134,False
soh60,43,200,0.07149082059367652,0.18487557522478837,0.1141746794357163,0.2985471932346715,False,0.6,0.13333333333333333,0.13333333333333333,0.13333333333333333,0.022709267631345356,0.054965154642064765,False,0.14621976036827164,0.4294244281232906,False,0.15873533285598748,0.34312875312894325,False,0.1290343568872607,0.3666704370443874,False
soh60,44,1,0.23850352732335786,0.36236317078980373,0.3357369544812861,0.5732880425684954,True,0.6,0.13333333333333333,0.13333333333333333,0.13333333333333333,0.12737961057143987,0.1213061744712991,True,0.30506999823155606,0.8500135839172724,True,0.4796970131348883,0.7893630470023948,True,0.43080119598726024,0.5324693648830151,True
soh60,44,2,0.17300959713865374,0.27372218003084375,0.2462267519216194,0.4277775897855231,True,0.6,0.13333333333333333,0.13333333333333333,0.13333333333333333,0.08933284881526439,0.09765885459692457,True,0.25313364598493565,0.6538182673838334,True,0.31942443025468414,0.5057252059334129,True,0.3230160826315936,0.4539080312279215,True
soh60,44,3,0.17995871508369682,0.29989432426941853,0.24793381239695006,0.46057445014058623,False,0.6,0.13333333333333333,0.13333333333333333,0.13333333333333333,0.10227288958283597,0.1162598947023697,False,0.2525101386914792,0.6571623854264875,False,0.31294835234194457,0.5778587932250218,False,0.3240038689715405,0.49101672720846584,False
soh60,44,4,0.15324102280313684,0.23715594858814776,0.2107117231422762,0.3592469650725552,True,0.6,0.13333333333333333,0.13333333333333333,0.13333333333333333,0.087560222415549,0.0976233583202535,True,0.2198172049513126,0.4954003553996998,True,0.2534894557884216,0.41114125623510245,True,0.2819800094138217,0.43282289033516513,True
soh60,44,5,0.1653728137975383,0.27446130318084466,0.22951692421991976,0.40374651829650443,False,0.6,0.13333333333333333,0.13333333333333333,0.13333333333333333,0.09206525902910236,0.12670677162009064,False,0.2243524848636699,0.530186848327623,False,0.26884246577440724,0.41139466824779164,False,0.3328074872124996,0.5466977849905126,False
soh60,44,6,0.14320190562804935,0.19476951938481496,0.20440957563018958,0.3079726037906062,True,0.6,0.13333333333333333,0.13333333333333333,0.13333333333333333,0.07325028276846057,0.0653945657781964,True,0.21426273462660914,0.43900014075777277,True,0.26282286100766367,0.36423166773611254,True,0.2673024241180248,0.3632640408903432,True
soh60,44,7,0.1244406262529233,0.18467461481529548,0.18324758193715096,0.29916645631010674,True,0.6,0.13333333333333333,0.13333333333333333,0.13333333333333333,0.057232676899520274,0.05382679596408256,True,0.20093152293137254,0.46567442125267505,False,0.23832219718672454,0.3392805637519176,True,0.2365039307309865,0.3378840442717519,True
soh60,44,8,0.12865371754524096,0.18028894668565273,0.1836377736264162,0.2915986634488121,True,0.6,0.13333333333333333,0.13333333333333333,0.13333333333333333,0.06581479630961216,0.05307784181347066,True,0.19333541156327802,0.45106252315815615,False,0.21628596356843507,0.3292414224486066,True,0.25911492306433953,0.33301286637501487,True
soh60,44,9,0.12036335843662195,0.1934090770882133,0.17528788606829906,0.3056491674648174,False,0.6,0.13333333333333333,0.13333333333333333,0.13333333333333333,0.05759246971470527,0.06513468808638005,False,0.19193149320946237,0.46265274891006625,False,0.21192312341515385,0.3498065500132726,False,0.23970445793387474,0.34500268284955066,False
soh60,44,10,0.1347583968718235,0.20606851143823224,0.1922525907743141,0.32170749499665796,False,0.6,0.13333333333333333,0.13333333333333333,0.13333333333333333,0.06905074669754854,0.07390967308574573,False,0.19401743806807872,0.445343134409081,False,0.23650047259467702,0.34174729022336886,False,0.2694417057369522,0.42582988226843627,False
soh60,44,11,0.12092583708315023,0.18856669963160427,0.1748422975406828,0.3055156840721263,False,0.6,0.13333333333333333,0.13333333333333333,0.13333333333333333,0.05930702513168444,0.05491071741386483,False,0.18957503622098928,0.4631085034584273,False,0.21697288639418266,0.3768015655190986,False,0.23351424241587482,0.3272419498971146,True
soh60,44,12,0.13823183521121413,0.2020671035078618,0.19885213724581463,0.32221678326490905,False,0.6,0.13333333333333333,0.13333333333333333,0.13333333333333333,0.0689514900288136,0.0647531837855221,False,0.19624853944808196,0.4274050756106449,True,0.23195522585167827,0.34328966234530994,False,0.2982532936546846,0.4534192113181592,False
soh60,44,13,0.1057609859535657,0.18256307356632748,0.1564611831770531,0.2988740919325831,False,0.6,0.13333333333333333,0.13333333333333333,0.13333333333333333,0.047817903412437246,0.04963619543346393,True,0.18116662246866674,0.4771793178832388,False,0.19370398127726107,0.3367145496340851,False,0.20315622554984739,0.3319663047795444,False
soh60,44,14,0.12089953613596041,0.19938978186258516,0.17788965720649097,0.3197956166724743,False,0.6,0.13333333333333333,0.13333333333333333,0.13333333333333333,0.05576796919821123,0.06178311350842617,False,0.19003112159149893,0.4583871135035789,False,0.23438074368775874,0.3873565822799446,False,0.23137879434849493,0.3716556573979475,False
soh60,44,15,0.12695482512677958,0.1934473989267282,0.1802125840029256,0.3093043397894691,False,0.6,0.13333333333333333,0.13333333333333333,0.13333333333333333,0.06608881498261274,0.061039466512167205,False,0.2015071758275712,0.4807392088879465,False,0.21738954673366315,0.3779894871969249,False,0.23586479846785532,0.3174491965608377,True
soh60,44,16,0.11310857008262029,0.18110473651945866,0.16467754458735775,0.29602935890276894,False,0.6,0.13333333333333333,0.13333333333333333,0.13333333333333333,0.0541725992200632,0.04976231093853262,False,0.1831518915531347,0.46590941613367765,False,0.20182759902796135,0.3516768772117344,False,0.21955808854827177,0.3167688313271312,True
soh60,44,17,0.1085519315691106,0.18293814259014146,0.15693113344638948,0.293178063476136,False,0.6,0.13333333333333333,0.13333333333333333,0.13333333333333333,0.05326141513793472,0.056949661577576235,False,0.1829371374257384,0.46167335733354103,False,0.19759941344491813,0.3292060756318237,True,0.19392656777696674,0.3248831593616031,False
soh60,44,18,0.11345607204126235,0.2243651601657698,0.1648919825052301,0.3611223365077086,False,0.6,0.13333333333333333,0.13333333333333333,0.13333333333333333,0.054672174368156336,0.06807124434641121,False,0.18616314718302163,0.5586567961611507,False,0.21085812060252454,0.4550988383424341,False,0.20787448786721788,0.3626624671808383,False
soh60,44,19,0.10883277809605404,0.20243927722820876,0.16103986100177448,0.32868378253489877,False,0.6,0.13333333333333333,0.13333333333333333,0.13333333333333333,0.04916754048951641,0.0581598425919916,False,0.18175046738394837,0.4917066214915024,False,0.20763292417795975,0.40860965779330205,False,0.20560851195567342,0.356259008262799,False
soh60,44,20,0.10853586093761079,0.18021726781232378,0.1609201214456491,0.2964349165799758,True,0.6,0.13333333333333333,0.13333333333333333,0.13333333333333333,0.0486681346427099,0.04739709779215003,True,0.17986619777570623,0.4600396495369144,False,0.21434134216397324,0.34984608321198546,False,0.20080481120020696,0.3284568357788534,False
soh60,44,21,0.10032781298689404,0.18223483429460752,0.14921950740263173,0.30144363747994574,False,0.6,0.13333333333333333,0.13333333333333333,0.13333333333333333,0.04445159079747955,0.04599620208279244,True,0.17306663616886367,0.47030437422968235,False,0.19118233941332166,0.3774716900519493,False,0.18817746323086204,0.31200228355535875,True
soh60,44,22,0.09917397153163224,0.18232137140302618,0.14817622780061898,0.2930101182163977,False,0.6,0.13333333333333333,0.13333333333333333,0.13333333333333333,0.04317139293850455,0.05581994647345874,False,0.1730888338713216,0.45010431481705054,False,0.19073750660881172,0.3324117794353151,False,0.18570717778383802,0.33370443213976647,False
soh60,44,23,0.10024704022612194,0.18985271219408806,0.1471109320664376,0.311258005877702,False,0.6,0.13333333333333333,0.13333333333333333,0.13333333333333333,0.04668830669433257,0.051103805127100645,False,0.17536110165044594,0.49417390840128056,False,0.18546745600157952,0.36945207904112065,False,0.18092686391939242,0.33030223094130623,False
soh60,44,24,0.10737880181437656,0.2076074871398322,0.1556302016300939,0.3231803427939882,False,0.6,0.13333333333333333,0.13333333333333333,0.13333333333333333,0.052234344882128206,0.0755242235350825,False,0.18792708569157288,0.491379676545963,False,0.18802584777975292,0.35054806608014183,False,0.19433352816692154,0.3752694050147656,False
soh60,44,25,0.11420054368462901,0.21765658212435046,0.16721183878668222,0.3517338444095716,False,0.6,0.13333333333333333,0.13333333333333333,0.13333333333333333,0.053616206425139645,0.0644254252269549,False,0.18890499838758754,0.5630813260499089,False,0.20902787029459127,0.4187603873397004,False,0.21729828003941043,0.3606682390217221,False
soh60,44,26,0.10330178653665212,0.17743981400814574,0.1523468150994198,0.2952015459366644,True,0.6,0.13333333333333333,0.13333333333333333,0.13333333333333333,0.04725032532206046,0.04285497751841012,True,0.17700548204635572,0.469908949949458,False,0.19055099822009178,0.34978732705683657,False,0.1945804548091713,0.31825492922195303,False
soh60,44,27,0.09462599011217107,0.16433912133240514,0.14311367901570152,0.2745169507067302,True,0.6,0.13333333333333333,0.13333333333333333,0.13333333333333333,0.03921148850813627,0.03842160204746212,True,0.1682569436723078,0.4619758220791917,False,0.18262081901315486,0.3052086608326146,True,0.18236546486920713,0.29246171786765257,True
soh60,44,28,0.10090846092393713,0.19022084562850403,0.14838708892327182,0.3157936272156094,False,0.6,0.13333333333333333,0.13333333333333333,0.13333333333333333,0.04664717178184034,0.046709095243240774,False,0.17957736762528795,0.5266641991470663,False,0.18784064210502693,0.37297656119246564,False,0.1794831741809321,0.31682465327966486,False
soh60,44,29,0.10267160807774263,0.19086193311548272,0.1538169029109864,0.3116901174446084,False,0.6,0.13333333333333333,0.13333333333333333,0.13333333333333333,0.04421984255403546,0.05277257959648202,False,0.17729741717592581,0.48831547886064547,False,0.20666277838768699,0.35449243580659556,False,0.18708757352629735,0.3511799755147104,False
soh60,44,30,0.11333009529445703,0.22739074846970658,0.15916302201152793,0.35307652297895026,False,0.6,0.13333333333333333,0.13333333333333333,0.13333333333333333,0.06094960761780456,0.08374986331628528,False,0.17890692030902222,0.5161547779377668,False,0.197346823369471,0.4247701706232389,False,0.199448736749814,0.38763128003851005,False
soh60,44,31,0.09458728945421485,0.18102019465780095,0.14107673439233254,0.296931848807032,False,0.6,0.13333333333333333,0.13333333333333333,0.13333333333333333,0.04145649523922324,0.04854973277296545,False,0.16845283376936504,0.4681359130657606,False,0.17812060205836333,0.34476709019063273,False,0.1762770065023785,0.32627465919876936,False
soh60,44,32,0.09311833393670141,0.19163092022971,0.141028316882457,0.30371948513760105,False,0.6,0.13333333333333333,0.13333333333333333,0.13333333333333333,0.03836406771298073,0.06352970319212023,False,0.1660031744193378,0.43923376260284336,False,0.18481114800223994,0.36025609869340774,False,0.17493487739526958,0.35185837606203285,False
soh60,44,33,0.0905864033973121,0.18498541360527726,0.1364593047268506,0.29812905615761065,False,0.6,0.13333333333333333,0.13333333333333333,0.13333333333333333,0.0381602304492681,0.055678393545467685,False,0.1648697740797415,0.45799931228089674,False,0.17561321941632027,0.3372814187143183,False,0.16719399496207252,0.34155710008975987,False
soh60,44,34,0.09519657124656432,0.20407794221638192,0.14488985646003932,0.33396589235798924,False,0.6,0.13333333333333333,0.13333333333333333,0.13333333333333333,0.03840424528830718,0.055634570625973614,False,0.16783542445580216,0.5208111025502755,False,0.18940044471504414,0.40214138455740667,False,0.18391931138100379,0.357276511698301,False
soh60,44,35,0.10929737348634395,0.1967003467023959,0.15683297378455666,0.32177772965785023,False,0.6,0.13333333333333333,0.13333333333333333,0.13333333333333333,0.054970973145529435,0.053754766181876655,False,0.177126567722499,0.5121239364389023,False,0.19903384139433164,0.3871674524532737,False,0.1962005128758666,0.33406476355734815,False
soh60,44,36,0.09828974408876716,0.18027502709130483,0.14428810812649107,0.29405385479041274,False,0.6,0.13333333333333333,0.13333333333333333,0.13333333333333333,0.04572018518851127,0.05024208114946717,False,0.16719533436877163,0.46140527459125397,False,0.1840182386128114,0.3379875382673975,False,0.1802186743358699,0.32658052515353236,False
soh60,44,37,0.09153598446398123,0.17306727884946832,0.13737299792761823,0.2847832899114374,False,0.6,0.13333333333333333,0.13333333333333333,0.13333333333333333,0.03915082621982464,0.04539183763578939,False,0.16506854697851228,0.4542648654577733,False,0.178558517567275,0.32368476766247456,False,0.16671410094486103,0.3157916888897124,False
soh60,44,38,0.09869905678856877,0.1838562416437543,0.14513594511473207,0.29918497375991127,False,0.6,0.13333333333333333,0.13333333333333333,0.13333333333333333,0.04562832727295358,0.05205197636814636,False,0.1694128951399789,0.4812217916203778,False,0.1854054084125215,0.342462360808387,False,0.1800971496334743,0.3210037662427339,False
soh60,44,39,0.1052798306745854,0.1683841064831611,0.15261623005290534,0.2798886722484912,False,0.6,0.13333333333333333,0.13333333333333333,0.13333333333333333,0.05118108852793405,0.04095031703706955,False,0.17295235396500774,0.4491529036062927,False,0.18624323035104998,0.3269149401676004,False,0.20008824736762962,0.30253652818300214,False
soh60,44,40,0.09331215466257015,0.19330528978300576,0.13934905488286378,0.3136805863660061,False,0.6,0.13333333333333333,0.13333333333333333,0.13333333333333333,0.040698554410806,0.055733522259576805,False,0.16521122131273772,0.5202539210942064,False,0.1852252828225629,0.340565861337422,False,0.16626116098534852,0.33816904077281906,False
soh60,44,41,0.09648417645878617,0.17070174889999262,0.1421332670189182,0.2784732917917761,False,0.6,0.13333333333333333,0.13333333333333333,0.13333333333333333,0.04431378724720671,0.04753427130938297,False,0.16752564127409175,0.4376907285378031,False,0.18101743592797434,0.3165996390676534,False,0.1756762036264,0.3120685282522649,False
soh60,44,42,0.0926195897690103,0.23460654038491044,0.14212428142049863,0.3880437864220274,False,0.6,0.13333333333333333,0.13333333333333333,0.13333333333333333,0.03604279931016651,0.05924968777106247,False,0.16971456576322874,0.6027257256962827,False,0.20283731929864138,0.5358417934658766,False,0.1599024413099579,0.3543579387548879,False
soh60,44,43,0.09313659558744117,0.2104157974219338,0.13862660212980177,0.3335377797459532,False,0.6,0.13333333333333333,0.13333333333333333,0.13333333333333333,0.04114801668188619,0.06970496048019732,False,0.16538099189170455,0.4956018778686629,False,0.1797324875819404,0.4099711201418251,False,0.16824491236367592,0.3588731604931277,False
soh60,44,44,0.09320617473517856,0.17544450901380693,0.14169825971092045,0.2838552566692476,False,0.6,0.13333333333333333,0.13333333333333333,0.13333333333333333,0.03778664904861641,0.05154651169330332,False,0.16602252594647213,0.4453496922459408,False,0.18880130241675597,0.3260185472003669,False,0.17418256143183727,0.3125062755373793,False
soh60,44,45,0.09248291663681525,0.18634333704748499,0.14122164343221616,0.3089405185344145,False,0.6,0.13333333333333333,0.13333333333333333,0.13333333333333333,0.03678151458492849,0.04623227249099409,False,0.1665740111821616,0.5050412951477582,False,0.1832507922156331,0.35501419076940505,False,0.17828025574614148,0.32947431572950087,False
soh60,44,46,0.1315205300565673,0.213492468954073,0.17969287463333794,0.3414731680664486,False,0.6,0.13333333333333333,0.13333333333333333,0.13333333333333333,0.07646642196882944,0.06722881282564376,False,0.20541003353299966,0.5124127733434494,False,0.21148023560307716,0.4278292732165994,False,0.22541480742844544,0.35842181288010194,False
soh60,44,47,0.09173936138336487,0.19832258217414814,0.13732094305659265,0.32452210455567215,False,0.6,0.13333333333333333,0.13333333333333333,0.13333333333333333,0.03964612518539028,0.05409455659526352,False,0.1650291662546152,0.5293418382904539,False,0.17947254086332812,0.3776372448766329,False,0.16513593992303696,0.33701477846033834,False
soh60,44,48,0.09161065804316738,0.18300017790807854,0.13889282999641092,0.30025309196103805,False,0.6,0.13333333333333333,0.13333333333333333,0.13333333333333333,0.037573890096603356,0.04899684756183913,False,0.1654379479526049,0.4598958625899694,False,0.1857464736295147,0.35412384308996087,False,0.16681300830692067,0.33799581460238287,False
soh60,44,49,0.08908270894147721,0.17853140634611261,0.1336814943554801,0.29160564922709464,False,0.6,0.13333333333333333,0.13333333333333333,0.13333333333333333,0.03811266846833106,0.04930370019641888,False,0.15980195763946092,0.43742329339482033,False,0.18207061333567462,0.35737236999433236,False,0.1547407379784538,0.322323233322807,False
soh60,44,50,0.08407960305493081,0.21668493603151054,0.12903358361720987,0.34655305179546236,False,0.6,0.13333333333333333,0.13333333333333333,0.13333333333333333,0.032703625269469044,0.06826423230127986,False,0.15978752456518094,0.5456154773158413,False,0.17098145205299034,0.4164132079922825,False,0.15266173258119917,0.35591928957244595,False
soh60,44,51,0.09983665866086627,0.19666603377889666,0.14779951693536406,0.3213171859062874,False,0.6,0.13333333333333333,0.13333333333333333,0.13333333333333333,0.04502196349001165,0.05420757420473588,False,0.1750943009463215,0.4706451097695579,False,0.192914630760626,0.40929939281720734,False,0.17816717254449713,0.3511166668336482,False
soh60,44,52,0.09768436511010306,0.23902200737760815,0.14909361887162775,0.3870131119952947,False,0.6,0.13333333333333333,0.13333333333333333,0.13333333333333333,0.03893093223978911,0.06988931638596642,False,0.17021055888029835,0.5839943063354213,False,0.21258312524038311,0.511749337689258,False,0.1746498591260405,0.38241948757053307,False
soh60,44,53,0.08353916658836114,0.20526949853283835,0.12821511030795352,0.33155438944240806,False,0.6,0.13333333333333333,0.13333333333333333,0.13333333333333333,0.03248094519454126,0.06094390892190155,False,0.15853585426886385,0.48876607684275847,False,0.17106321797223326,0.4158769829162219,False,0.15078042379617576,0.3606305890887503,False
soh60,44,54,0.09245630324640203,0.208563185286255,0.13868715380069532,0.32633189009881286,False,0.6,0.13333333333333333,0.13333333333333333,0.13333333333333333,0.039621045470066826,0.07397037978618887,False,0.17618858257560274,0.4989978294169784,False,0.17864304893618874,0.37623701892843076,False,0.16029593822092303,0.3561223322636535,False
soh60,44,55,0.0839041985669842,0.19616468675932547,0.12810927875143943,0.32045294277845027,False,0.6,0.13333333333333333,0.13333333333333333,0.13333333333333333,0.0333841069276068,0.0541209655946115,False,0.16202243003282635,0.511796303122718,False,0.1670218363827334,0.3789560904995765,False,0.15000874166259112,0.33693841189689494,False
soh60,44,56,0.08247280980412054,0.18785361116673785,0.12866360141331895,0.3121422429558264,False,0.6,0.13333333333333333,0.13333333333333333,0.13333333333333333,0.029683333679322372,0.045809460550636685,False,0.15846041817064285,0.514854727632612,False,0.17413714453837292,0.3721687740486428,False,0.15237350926493765,0.31573600959141407,False
soh60,44,57,0.08073152643171916,0.18551929502544626,0.12551434083017615,0.30426772616510683,False,0.6,0.13333333333333333,0.13333333333333333,0.13333333333333333,0.029551167119196885,0.04980680229440557,False,0.15481346189761716,0.4812316087578065,False,0.17454971040376913,0.3671057072635108,False,0.1431430239001214,0.3189267863447045,False
soh60,44,58,0.08282232733078498,0.19791683959728507,0.12748139327148694,0.32163868508954757,False,0.6,0.13333333333333333,0.13333333333333333,0.13333333333333333,0.03178339482712559,0.056520444748985085,False,0.1578039505967437,0.4888306204874388,False,0.1727655067283521,0.40929466375122453,False,0.14757272093372642,0.33190901137054185,False
soh60,44,59,0.09204324784960478,0.16792068137341992,0.1395914508426794,0.2787855125573331,False,0.6,0.13333333333333333,0.13333333333333333,0.13333333333333333,0.03770244442894808,0.04121801716323346,False,0.16488035559752678,0.43130625417424384,False,0.18738972878108529,0.32530247804573104,False,0.16839327456315745,0.3173153008461241,False
soh60,44,60,0.08131074291225439,0.18084085635419012,0.12719630007314073,0.29012354932865725,False,0.6,0.13333333333333333,0.13333333333333333,0.13333333333333333,0.028870106156955712,0.05594635009765625,False,0.15638779290032548,0.4374096839694508,False,0.1785448306309941,0.3373700621959794,False,0.14498247060428762,0.3297681010515425,False
soh60,44,61,0.08852600339238852,0.19715726211060858,0.13492506635446608,0.3120428007930594,False,0.6,0.13333333333333333,0.13333333333333333,0.13333333333333333,0.03549850286429987,0.0658595036163791,False,0.16392515592365267,0.47936304963788806,False,0.17669132498594278,0.35121758003262404,False,0.163585281643969,0.35173106988534636,False
soh60,44,62,0.09564252750132352,0.18312423541149253,0.14210095579156068,0.29453960452365247,False,0.6,0.13333333333333333,0.13333333333333333,0.13333333333333333,0.04254718088390962,0.05579238499759547,False,0.17352013457323737,0.46462470740226464,False,0.17887290801761327,0.3400501089611769,False,0.1734635996914824,0.31769121673357287,False
soh60,44,63,0.0815667133183036,0.19213929103981148,0.12561549226684474,0.311183191672322,False,0.6,0.13333333333333333,0.13333333333333333,0.13333333333333333,0.031225251662828017,0.05608911888837094,False,0.1559418921518013,0.48581248392003973,False,0.17040439914359365,0.35211650330673433,False,0.144890426109156,0.3507146605741429,False
soh60,44,64,0.08246911997341146,0.17505664378709834,0.1285767524737511,0.2932216479131652,False,0.6,0.13333333333333333,0.13333333333333333,0.13333333333333333,0.029774682830166155,0.04001092478587908,False,0.1538211885182088,0.4662150667870428,False,0.18220570510802117,0.3539307849669316,False,0.1485054334386083,0.31272981511280723,False
soh60,44,65,0.09322613179068326,0.17470856579274632,0.14095135192473765,0.2892260944394941,False,0.6,0.13333333333333333,0.13333333333333333,0.13333333333333333,0.03868302306604967,0.043831390196463135,False,0.16354221818628342,0.4658664107822122,False,0.19608171567090982,0.33334144248333425,False,0.1654984507757077,0.3138651342959669,False
soh60,44,66,0.08262379455807783,0.19150340783381886,0.128488870116438,0.3183457156883359,False,0.6,0.13333333333333333,0.13333333333333333,0.13333333333333333,0.03020656534852335,0.04654077028579942,False,0.15827571178563585,0.504014475198065,False,0.17339395474551145,0.40894235051106254,False,0.15207924858608135,0.31388526675841666,False
soh60,44,67,0.08794689532884366,0.18556081094612067,0.13334863580428064,0.30811900172051515,False,0.6,0.13333333333333333,0.13333333333333333,0.13333333333333333,0.036059191928344246,0.045494307203955524,False,0.16048772438106831,0.4995932618950663,False,0.1780454001228635,0.3731461188343415,False,0.1588022267848465,0.31424231894869736,False
soh60,44,68,0.08450912597966163,0.1853553065586329,0.12985985290758553,0.3000153156358938,False,0.6,0.13333333333333333,0.13333333333333333,0.13333333333333333,0.03267972377632004,0.05431529618462047,False,0.16228513592380833,0.45307195292105584,False,0.18110170923056812,0.369053638638402,False,0.14337284269964565,0.3236203747994967,False
soh60,44,69,0.0859958205880991,0.18933300552379087,0.13308618207151748,0.3105078782216187,False,0.6,0.13333333333333333,0.13333333333333333,0.13333333333333333,0.03217826460704953,0.050847436726273364,False,0.16300116014355218,0.45260505872347645,False,0.1894874361621337,0.40044079028006613,False,0.14767786737333455,0.3381382271566588,False
soh60,44,70,0.08250538928459442,0.20022056661962465,0.1269514800494947,0.33094272782380013,False,0.6,0.13333333333333333,0.13333333333333333,0.13333333333333333,0.03170985698185127,0.050823810957709825,False,0.15702626975443898,0.5124013148458512,False,0.17171371480051867,0.4312317412371845,False,0.14735607866116984,0.32931404425445504,False
soh60,44,71,0.09190001243243122,0.1858937646782199,0.14087289975940262,0.3022490923676435,False,0.6,0.13333333333333333,0.13333333333333333,0.13333333333333333,0.03593099834446392,0.05291624731887863,False,0.16088622988925297,0.4570205796143827,False,0.18457541241644418,0.34720713318566526,False,0.18209895838744936,0.3518524093516476,False
soh60,44,72,0.08827133989645775,0.17593016055007696,0.13347825669643962,0.2855107809855405,False,0.6,0.13333333333333333,0.13333333333333333,0.13333333333333333,0.036606292125049886,0.05069516576669007,False,0.16332740788038738,0.4390723354812138,False,0.1901507112565115,0.33434603032174315,False,0.14382861552380974,0.3179295923725149,False
soh60,44,73,0.08067246673932785,0.18611032052529286,0.12471984779228232,0.29676353921872894,False,0.6,0.13333333333333333,0.13333333333333333,0.13333333333333333,0.030332602678808475,0.05964949916136589,False,0.1598638736365276,0.4485462810112064,False,0.1695278995051427,0.3609201469679684,False,0.1391550153486505,0.3179382297343752,False
soh60,44,74,0.0772272123809255,0.16960987250046666,0.12127985891548781,0.2760369107359126,False,0.6,0.13333333333333333,0.13333333333333333,0.13333333333333333,0.026881330627140005,0.047978971659957105,False,0.15198234873616362,0.41051945381503524,True,0.1697027117964589,0.32134712512649855,False,0.13655304450218872,0.3243020923421593,False
soh60,44,75,0.07937942488969069,0.1861913871423828,0.12472978220878661,0.309734495068716,False,0.6,0.13333333333333333,0.13333333333333333,0.13333333333333333,0.027550445096438204,0.04499926379800203,False,0.16433073344279023,0.5101253431479408,False,0.1702920737726188,0.37540473932459434,False,0.13674587652329925,0.3084086340043268,False
soh60,44,76,0.09125204026539807,0.18738227346870961,0.13602348711663398,0.31160643399884075,False,0.6,0.13333333333333333,0.13333333333333333,0.13333333333333333,0.0400846724354142,0.04541180429141687,False,0.16537866865911097,0.4997292858397893,False,0.17903584380939083,0.38378676725986677,False,0.1595947635626199,0.3174978786042901,False
soh60,44,77,0.07495519403208786,0.16797652502910257,0.11815384249970737,0.27432704195146806,False,0.6,0.13333333333333333,0.13333333333333333,0.13333333333333333,0.025585310069094144,0.04643307711782772,False,0.1499722695576245,0.4291579374124677,False,0.16823615134706196,0.3129267735622611,False,0.12882163902504887,0.30879037971331574,False
soh60,44,78,0.08107652647373784,0.20477612470616935,0.12552026311358278,0.33223453178815787,False,0.6,0.13333333333333333,0.13333333333333333,0.13333333333333333,0.030283684599629337,0.059109373755325365,False,0.15934224878860215,0.5450327908688887,False,0.16675026781774283,0.3915911436037698,False,0.14570485124835678,0.3332048189246476,False
soh60,44,79,0.07571730107401432,0.19303953358940418,0.11953095800642535,0.31378447976939233,False,0.6,0.13333333333333333,0.13333333333333333,0.13333333333333333,0.025644550294116015,0.0550453093837035,False,0.1539929215483027,0.4611679843713625,False,0.16440007193578962,0.40245904154684253,False,0.13408628824749305,0.33646558377566066,False
soh60,44,80,0.07866893618595253,0.19404123113366395,0.1222128866376074,0.3139757727052732,False,0.6,0.13333333333333333,0.13333333333333333,0.13333333333333333,0.028904421384061244,0.0569731836232534,False,0.15420444600365604,0.4582337533509211,False,0.16532994963241374,0.3899866682351565,False,0.1404127295302986,0.3507094856117618,False
soh60,44,81,0.09630352573943428,0.18670673323809667,0.14444766472024087,0.30941732145019774,False,0.6,0.13333333333333333,0.13333333333333333,0.13333333333333333,0.04128165261851245,0.04646606099569545,False,0.16718387303395096,0.5089460848721808,False,0.1802784451326281,0.36206140696598615,False,0.189046688095872,0.32019573296692855,False
soh60,44,82,0.09506754199435377,0.22334437890133874,0.1406842435222222,0.3457323614612703,False,0.6,0.13333333333333333,0.13333333333333333,0.13333333333333333,0.04293416881964699,0.08347239883284555,False,0.1678576289207884,0.48611752347345866,False,0.19515813930055137,0.4351313722596178,False,0.156787037047902,0.3782081512791591,False
soh60,44,83,0.08025995101653936,0.18090053601364242,0.12603888173325678,0.2878221808745491,False,0.6,0.13333333333333333,0.13333333333333333,0.13333333333333333,0.027941173054576586,0.05870437045832055,False,0.15927056893496214,0.4209977383174517,False,0.17466002233103797,0.3400136301744438,False,0.14228376261245046,0.3315729845479803,False
soh60,44,84,0.09372027003612282,0.18308366845775864,0.13519188925456166,0.30241776800516756,False,0.6,0.13333333333333333,0.13333333333333333,0.13333333333333333,0.046324133786478455,0.04670184040357699,False,0.16421065782471325,0.46618212415608706,False,0.17578288448796509,0.356013801992449,False,0.15444988091908984,0.3407733054685573,False
soh60,44,85,0.08379252161207146,0.21560297407373463,0.1312860542875432,0.3390043945351108,False,0.6,0.13333333333333333,0.13333333333333333,0.13333333333333333,0.02951419855438947,0.07457277926073334,False,0.15936291618522522,0.48424722597472064,False,0.17765814117245193,0.41514979080566333,False,0.15860896123810614,0.3820477820993258,False
soh60,44,86,0.08288170999960473,0.20770052113271895,0.12541969367058686,0.32843290206480436,False,0.6,0.13333333333333333,0.13333333333333333,0.13333333333333333,0.03426687151848227,0.06972065721033563,False,0.15342069643748443,0.46594413518107397,False,0.17569242087938275,0.421913069789187,False,0.13829878584699806,0.35615374607862077,False
soh60,44,87,0.08862869662968957,0.17101711738135444,0.13194096155345356,0.2822965411641883,False,0.6,0.13333333333333333,0.13333333333333333,0.13333333333333333,0.03912896528824504,0.043840633058115794,False,0.16192334332710373,0.42259490440175956,False,0.17464798840256704,0.3454877508344629,False,0.15206354919589837,0.31726287636241474,False
soh60,44,88,0.07560766915239221,0.18582723570687323,0.11974447907648456,0.3040810424611834,False,0.6,0.13333333333333333,0.13333333333333333,0.13333333333333333,0.025165600667715254,0.05068002798766168,False,0.1557776209643426,0.46458981996715737,False,0.16483702436463613,0.3705495293311964,False,0.1331976703092442,0.33050479255871806,False
soh60,44,89,0.0813735067287657,0.1787915243213674,0.12749079606199418,0.2894323345702842,False,0.6,0.13333333333333333,0.13333333333333333,0.13333333333333333,0.028668033205076,0.05234488403689105,False,0.15674438315511166,0.4407984349671285,False,0.18114547575811932,0.3372308945063474,False,0.14340529212966976,0.32735512477077006,False
soh60,44,90,0.07503267320148749,0.21471210757345158,0.11805309130037418,0.3428389074769319,False,0.6,0.13333333333333333,0.13333333333333333,0.13333333333333333,0.025866481088474134,0.06828147911233123,False,0.15107117797437333,0.4930344465488287,False,0.16504620013255888,0.4491280859004971,False,0.13022850600609037,0.3609116183460705,False
soh60,44,91,0.08006047063848719,0.20944135629680755,0.12459153517213797,0.34396031645298597,False,0.6,0.13333333333333333,0.13333333333333333,0.13333333333333333,0.029167825457172,0.05570540183260361,False,0.1569186519931248,0.5382770455699695,False,0.17412627179095508,0.45367997770371365,False,0.13815339144730002,0.3281788407056572,False
soh60,44,92,0.0763128869820076,0.18101496137875162,0.11879564208633187,0.2963163610197753,False,0.6,0.13333333333333333,0.13333333333333333,0.13333333333333333,0.027761166862779876,0.04924193321758166,False,0.1527309054902009,0.44890694484523347,False,0.16368693004567703,0.3640274825011425,False,0.13100356594666962,0.3230890835151437,False
soh60,44,93,0.07701881366168002,0.19259822271100205,0.1210619721229996,0.30794997960701775,False,0.6,0.13333333333333333,0.13333333333333333,0.13333333333333333,0.02668377542017194,0.060767643401269826,False,0.15558749014762663,0.4226252124076884,False,0.16402626698126796,0.3810382805163275,False,0.13795035594293187,0.36736878210278534,False
soh60,44,94,0.0837091875749123,0.18523377183396966,0.12753103070014454,0.30350059562909737,False,0.6,0.13333333333333333,0.13333333333333333,0.13333333333333333,0.03362708114607549,0.05007168749668087,False,0.15514694204993412,0.4774165746065398,False,0.1756231773468849,0.3531411886483489,False,0.14572692225768363,0.3333729317648199,False
soh60,44,95,0.07651759214452389,0.18982775856012357,0.12003681832047364,0.30967194496976747,False,0.6,0.13333333333333333,0.13333333333333333,0.13333333333333333,0.026781333657724185,0.05286297409195914,False,0.15660900904323213,0.4646904798916622,False,0.17131265410476482,0.39979344108590187,False,0.12544427647617337,0.32134088480954665,False
soh60,44,96,0.0832077185395728,0.18740968654823997,0.1278321578565361,0.29770363202922157,False,0.6,0.13333333333333333,0.13333333333333333,0.13333333333333333,0.03220835932018622,0.06135946314140389,False,0.15866544006689615,0.4695358167973874,False,0.16853337085084263,0.32446337930064845,False,0.15192146118821934,0.33545586887744644,False
soh60,44,97,0.07696061361579981,0.2129547329931144,0.12078586613798772,0.3500494523859943,False,0.6,0.13333333333333333,0.13333333333333333,0.13333333333333333,0.026874610733299328,0.05627505368696599,False,0.1583645746679791,0.5441266168082742,False,0.16709814555628935,0.43690757739609826,False,0.13080613359438312,0.36288856165263866,False
soh60,44,98,0.08040705577216223,0.18767766480256343,0.12507237637479351,0.29951639798954655,False,0.6,0.13333333333333333,0.13333333333333333,0.13333333333333333,0.02936097508344075,0.0598619697317256,False,0.15226469142767687,0.42836078756548535,False,0.1704760652835956,0.36175306285886877,False,0.14818777370446082,0.34808977180210654,False
soh60,44,99,0.07817272556180119,0.17228556668640746,0.12054359421158556,0.28718634602733617,False,0.6,0.13333333333333333,0.13333333333333333,0.13333333333333333,0.029748875676333355,0.04097039029677469,False,0.15840280574337817,0.47505608557953316,False,0.16800902481907698,0.32287159085550227,False,0.12601367060755372,0.3098473173775344,False
soh60,44,100,0.07119094261025943,0.17849501030925213,0.11398798525637714,0.29319903073088305,False,0.6,0.13333333333333333,0.13333333333333333,0.13333333333333333,0.02228003672898205,0.047404701255959684,False,0.14824395331153384,0.4549340636862044,False,0.16082866125596726,0.3633296391765464,False,0.12459928972902538,0.30712771880482154,False
soh60,44,101,0.08296514399586805,0.18337883338407887,0.12764684750427566,0.2999056348796735,False,0.6,0.13333333333333333,0.13333333333333333,0.13333333333333333,0.03190033998625935,0.05020534596054215,False,0.15841239831733822,0.4600116724568195,False,0.17128244802109238,0.3499691009903598,False,0.14899220369241264,0.33943642011097247,False
soh60,44,102,0.07844302852972491,0.19490428681292585,0.12471591947382893,0.31237378391795734,False,0.6,0.13333333333333333,0.13333333333333333,0.13333333333333333,0.025559724593606045,0.060653432978604135,False,0.1575795763727866,0.4801359387341953,False,0.17890003096043114,0.3664891013561596,False,0.13682434596849188,0.3422166626028704,False
soh60,44,103,0.085999798686587,0.18362974129704746,0.13223666381169635,0.296902574860835,False,0.6,0.13333333333333333,0.13333333333333333,0.13333333333333333,0.03315766711503346,0.054175074367004576,False,0.15734166980311118,0.45091321607749696,False,0.18009337309551812,0.3481850124768073,False,0.15835394523312263,0.33433699652203114,False
soh60,44,104,0.07300329672453928,0.18825524822093498,0.11560760751331506,0.30889210386291643,False,0.6,0.13333333333333333,0.13333333333333333,0.13333333333333333,0.024312655823081234,0.05038455605867046,False,0.14881741553606553,0.48119703791308877,False,0.16182600587016935,0.36968882105448925,False,0.12747435282394415,0.33429800042541724,False
soh60,44,105,0.07126213435238135,0.19225780534986803,0.11468386910060546,0.314887121831228,False,0.6,0.13333333333333333,0.13333333333333333,0.13333333333333333,0.02163729464012525,0.052110015085456596,False,0.14789880266898006,0.4622715487518069,False,0.16236566624801094,0.41457315242969234,False,0.1268337128453056,0.33059377105795623,False
soh60,44,106,0.06859403737226304,0.18761801155545127,0.11023462674413538,0.3053955835089141,False,0.6,0.13333333333333333,0.13333333333333333,0.13333333333333333,0.021004792375837515,0.05301507218006515,False,0.144139622683064,0.44999531718909863,False,0.15727942404848358,0.3826596064389692,False,0.11851466786915642,0.3359123382275235,False
soh60,44,107,0.07709431131361047,0.17731580329013127,0.11924193624210566,0.2835233018486475,False,0.6,0.13333333333333333,0.13333333333333333,0.13333333333333333,0.028925597109615946,0.05593580493754131,False,0.14967230946497498,0.42592583632030845,False,0.1670989628224708,0.32364693146501716,False,0.13127087557136094,0.32858463467172316,False
soh60,44,108,0.07499700672493254,0.1699984501047208,0.11818414959303325,0.28121882434569945,False,0.6,0.13333333333333333,0.13333333333333333,0.13333333333333333,0.025640272018531734,0.04288945097217387,False,0.15028298579257976,0.4158260748563705,False,0.16678207660754063,0.34520571129925703,False,0.13003126395348089,0.32095406025499623,False
soh60,44,109,0.08855735628870987,0.17976452139460902,0.13360258562479274,0.29133498244842454,False,0.6,0.13333333333333333,0.13333333333333333,0.13333333333333333,0.03707709419032945,0.05225542304739131,False,0.15686594588873126,0.4256663148566198,False,0.17645020453862273,0.3663489477270045,False,0.16401709788148752,0.3210692441626825,False
soh60,44,110,0.07254244547158625,0.17746116365082631,0.1157285747586592,0.2875597889624596,False,0.6,0.13333333333333333,0.13333333333333333,0.13333333333333333,0.023186869143502885,0.051634163294674046,False,0.14791598105322087,0.457015418561697,False,0.16684711214372874,0.32008892310421005,False,0.12496433669418434,0.3215006508892572,False
soh60,44,111,0.07295030820310387,0.18441881397966547,0.11516265314976332,0.2979907195221062,False,0.6,0.13333333333333333,0.13333333333333333,0.13333333333333333,0.02470762826406453,0.0546223505025904,False,0.14821568481007738,0.45434332670727073,False,0.160986545469922,0.3596916813179867,False,0.12674075405498933,0.3233055195605769,False
soh60,44,112,0.08089568449753644,0.1823818590589416,0.12382163571558412,0.298744993200613,False,0.6,0.13333333333333333,0.13333333333333333,0.13333333333333333,0.031837454534053386,0.049395420039888595,False,0.15478940034546645,0.4624906518132474,False,0.16788909512804576,0.3608514997338288,False,0.14077059285477084,0.32224240121548725,False
soh60,44,113,0.08705557126820221,0.1965021575328005,0.1338322991261794,0.3087700656042971,False,0.6,0.13333333333333333,0.13333333333333333,0.13333333333333333,0.03359645371622832,0.06819597687966154,False,0.16424910643414162,0.4565027446051335,False,0.17499582352054274,0.35917577292800923,False,0.16248781283380484,0.3512057680043841,False
soh60,44,114,0.08116776930759066,0.20101112931576354,0.12296591439312798,0.31128714634189475,False,0.6,0.13333333333333333,0.13333333333333333,0.13333333333333333,0.03339846063840515,0.0749813955716136,False,0.15409190969445197,0.4182485246804635,False,0.1729783677057999,0.4171265349948909,False,0.13139491953385488,0.334792130120611,False
soh60,44,115,0.07108487145845178,0.1771962545633438,0.11472844893204592,0.2896248567612829,False,0.6,0.13333333333333333,0.13333333333333333,0.13333333333333333,0.021206497202915616,0.04870642347998489,False,0.14852293665223754,0.4403234523923143,False,0.16229977341234617,0.3399876853432114,False,0.12688458846068443,0.32948186582962097,False
soh60,44,116,0.06947508505129686,0.18154504011144681,0.11227284399947256,0.29747039021329424,False,0.6,0.13333333333333333,0.13333333333333333,0.13333333333333333,0.020563360539096066,0.04905892570933547,False,0.145298546139315,0.4299807788719879,False,0.16077114799507872,0.3853503021875487,False,0.12245832132440045,0.325491554084305,False
soh60,44,117,0.07677274821485672,0.1774594871802267,0.11978229426922732,0.2954279827475313,False,0.6,0.13333333333333333,0.13333333333333333,0.13333333333333333,0.027618981295576026,0.04263834938902149,False,0.15426082532546997,0.4387093708404211,False,0.16771824703619995,0.35035239264115337,False,0.12953112341966333,0.35001181811952914,False
soh60,44,118,0.07753610821484991,0.17265787063687116,0.1211618433769342,0.28249699879521206,False,0.6,0.13333333333333333,0.13333333333333333,0.13333333333333333,0.027678125172467878,0.04712743845591012,False,0.1521525731977809,0.41802927912456117,False,0.16802789942108623,0.336565972961556,False,0.13678877571640177,0.32826530463882087,False
soh60,44,119,0.09692899067662418,0.17892734583431463,0.14108297712157974,0.2965891198115467,False,0.6,0.13333333333333333,0.13333333333333333,0.13333333333333333,0.04646729188238925,0.04445674700319227,False,0.16827458834210848,0.44847632908102436,False,0.1753198687563581,0.36734659098681144,False,0.17427015950546312,0.3260768121751587,False
soh60,44,120,0.07224429859806038,0.17698712214587212,0.11557887228593758,0.29440332584707285,False,0.6,0.13333333333333333,0.13333333333333333,0.13333333333333333,0.0227190715262007,0.042797175058785525,False,0.14765789745479221,0.44311976490157984,False,0.16529170488704834,0.3706107274128374,False,0.12664681527570912,0.3210856360150887,False
soh60,44,121,0.07205928339567641,0.1779237839863113,0.11482611405297946,0.291574264669724,False,0.6,0.13333333333333333,0.13333333333333333,0.13333333333333333,0.023182905501615798,0.048037520348125355,False,0.14806722886568838,0.45034201672666224,False,0.1601442640353967,0.33426287732225024,False,0.1279100578092169,0.3336546442818582,False
soh60,44,122,0.0700474524398227,0.16728869288356576,0.11132188374356243,0.2734842769870483,False,0.6,0.13333333333333333,0.13333333333333333,0.13333333333333333,0.022876673806977294,0.045922311051014325,False,0.14619746051943974,0.41264943491007305,False,0.15561282496434184,0.30981830909611463,False,0.12060057568349088,0.3255470528909911,False
soh60,44,123,0.07945120940336359,0.1819081726398815,0.1244956712346694,0.298824124872501,False,0.6,0.13333333333333333,0.13333333333333333,0.13333333333333333,0.027971824453299834,0.048289941516887744,False,0.153060144626626,0.47592699563291774,False,0.16928471785610014,0.35192425359868534,False,0.14766599800265154,0.3191553087415132,False
soh60,44,124,0.07465908591687909,0.1979532443410989,0.11769484239562678,0.32212708073844476,False,0.6,0.13333333333333333,0.13333333333333333,0.13333333333333333,0.02547536422688171,0.05604028845841791,False,0.15127773965871544,0.4907623751176767,False,0.161901911942848,0.3953853907815157,False,0.13212435375406198,0.3463202685961688,False
soh60,44,125,0.07051931301534892,0.19720998960585118,0.11204449772686387,0.3173857607267385,False,0.6,0.13333333333333333,0.13333333333333333,0.13333333333333333,0.02306195905933182,0.05986625118197991,False,0.14543877963717297,0.45747457032855116,False,0.15742580140353582,0.41320561386284677,False,0.12225145080741485,0.3389966075335762,False
soh60,44,126,0.07229083702617173,0.18800523775398525,0.11533795356167517,0.3038425800696618,False,0.6,0.13333333333333333,0.13333333333333333,0.13333333333333333,0.023094132414167797,0.05561970367892631,False,0.15047324359710554,0.4747849271172337,False,0.1621472860212725,0.36205178774516816,False,0.12563715221415486,0.32291390173731904,False
soh60,44,127,0.07188467418974533,0.1949529892811532,0.11541769157470752,0.313432465342696,False,0.6,0.13333333333333333,0.13333333333333333,0.13333333333333333,0.022132654321217117,0.05954787378224721,False,0.14424475073112122,0.4353641507710841,False,0.16408686442577536,0.3924522999495122,False,0.13120649682071636,0.3663655368679404,False
soh60,44,128,0.07125091234529356,0.17559700591764674,0.11518542342402827,0.28899762859978817,False,0.6,0.13333333333333333,0.13333333333333333,0.13333333333333333,0.021040042541025337,0.04599629428091366,False,0.14765118109160877,0.43926348991759845,False,0.16693997820572304,0.34312570576184726,False,0.12511049185775588,0.32760502443879336,False
soh60,44,129,0.07191606511849283,0.17998500042214988,0.11481933515216639,0.29737937583670804,False,0.6,0.13333333333333333,0.13333333333333333,0.13333333333333333,0.02288375650858018,0.04581999994836905,False,0.14813615709365788,0.4460497703428948,False,0.1603692605700544,0.3798182095357463,False,0.12788816643637307,0.3178295235198222,False
soh60,44,130,0.07052444967371506,0.1901784652229616,0.11311660676033147,0.3144669891649589,False,0.6,0.13333333333333333,0.13333333333333333,0.13333333333333333,0.021847698717582003,0.04813443786067905,False,0.14589985640040778,0.477182264721145,False,0.15722839183597345,0.40957984284490645,False,0.12749048008736266,0.3229714112331051,False
soh60,44,131,0.06627054052412251,0.18761661271050323,0.1074917709524286,0.31221295510264313,False,0.6,0.13333333333333333,0.13333333333333333,0.13333333333333333,0.019160562891772696,0.04522079283377195,False,0.1410172203088589,0.4851163442530923,False,0.15558667865147957,0.4030821400825695,False,0.11420262195760322,0.31543254324113873,False
soh60,44,132,0.07314158556980854,0.19771104997926656,0.1173317412699626,0.32903185875656743,False,0.6,0.13333333333333333,0.13333333333333333,0.13333333333333333,0.022638550483918184,0.0476301256623513,False,0.14693834294690045,0.5048052380188605,False,0.1618796556479127,0.4302010622631467,False,0.13787041600111907,0.33349100908191126,False
soh60,44,133,0.07101176213437663,0.19663493045561542,0.11306218401354623,0.31061062451857707,False,0.6,0.13333333333333333,0.13333333333333333,0.13333333333333333,0.022954137129611377,0.06637699438365925,False,0.14633549483385958,0.4579630670988864,False,0.15999623708164687,0.3736446013772193,False,0.1229628670090671,0.3444578352145434,False
soh60,44,134,0.07355053293707868,0.2032340135888659,0.11718704785407297,0.3375987359579379,False,0.6,0.13333333333333333,0.13333333333333333,0.13333333333333333,0.023680230174799484,0.04967433088135503,False,0.15022660681293545,0.5012331089117192,False,0.1629717886232719,0.47344536464219855,False,0.13186956580528506,0.3260421393964788,False
soh60,44,135,0.07673703814831345,0.1953958262486097,0.11959202690356062,0.3243861462903004,False,0.6,0.13333333333333333,0.13333333333333333,0.13333333333333333,0.027759908142316703,0.047978317629534674,False,0.14781647682912566,0.4667403079252768,False,0.16974821883088395,0.4539869531654945,False,0.13304350381191615,0.3288390064408954,False
soh60,44,136,0.07423387090838253,0.18811128423867463,0.11662817541908133,0.3019423418822597,False,0.6,0.13333333333333333,0.13333333333333333,0.13333333333333333,0.025783237181869628,0.058018646931720284,False,0.1496136824973016,0.4669127720472108,False,0.16551272138040227,0.35931380359189874,False,0.12560306061675183,0.3235241449582089,False
soh60,44,137,0.07769694424953903,0.18934318004977885,0.12108457220889055,0.3123187207803441,False,0.6,0.13333333333333333,0.13333333333333333,0.13333333333333333,0.02811108372456589,0.04879970492913284,False,0.148063465309612,0.4743423840495824,False,0.16185992897062287,0.39145263535966396,False,0.14630381083076135,0.33468015878299723,False
soh60,44,138,0.08362656183399295,0.20482824869226568,0.12937996450749228,0.33416023175312315,False,0.6,0.13333333333333333,0.13333333333333333,0.13333333333333333,0.031336958778565134,0.05702026805128576,False,0.1620159549610066,0.5044420414151355,False,0.17894480964701356,0.410431888592863,False,0.1452221346433839,0.3647467289532083,False
soh60,44,139,0.07925403537690331,0.1908564152501948,0.12441885568353922,0.31526243485361166,False,0.6,0.13333333333333333,0.13333333333333333,0.13333333333333333,0.02763709788360512,0.04867810713200411,False,0.15326928628640155,0.47314028743289444,False,0.17340706190202926,0.41172104868614223,False,0.143361976662121,0.3275102961634059,False
soh60,44,140,0.07052710658746691,0.19026572183495424,0.11227362630468166,0.30168629818459175,False,0.6,0.13333333333333333,0.13333333333333333,0.13333333333333333,0.022816798339221504,0.06292792029251144,False,0.1445197034024097,0.41401490623606346,False,0.16250405549920008,0.39246513211233175,False,0.11925394797789533,0.33733723409746025,False
soh60,44,141,0.07556271076261462,0.17872838327075438,0.11804234474382015,0.28258306447832776,False,0.6,0.13333333333333333,0.13333333333333333,0.13333333333333333,0.027014557641236857,0.060037319033527665,False,0.14936241628727778,0.42203375794763803,False,0.16122365130730767,0.3350464384994991,False,0.13456875373945826,0.3132147424326462,False
soh60,44,142,0.08038461164634964,0.2144204856881562,0.1231783605264109,0.3395779521345326,False,0.6,0.13333333333333333,0.13333333333333333,0.13333333333333333,0.03147747006913675,0.07138338117801171,False,0.15173936366046503,0.4901098334978582,False,0.16668841296161838,0.4426552621564133,False,0.1428081954144235,0.3541633317058472,False
soh60,44,143,0.0841723376310283,0.2043144566695785,0.1287204098282193,0.3198822132891806,False,0.6,0.13333333333333333,0.13333333333333333,0.13333333333333333,0.03326025511995286,0.07223702053289038,False,0.15844437482135584,0.46177342964258195,False,0.16844765192940214,0.36426792651407314,False,0.1547293574421664,0.38125047646717697,False
soh60,44,144,0.07272758880138966,0.20779393585200406,0.11497836894434275,0.33201196103908387,False,0.6,0.13333333333333333,0.13333333333333333,0.13333333333333333,0.024440982923728982,0.06583047849534142,False,0.14953637383054738,0.49798107865037156,False,0.16153308681718456,0.4151958351164255,False,0.1244030322059101,0.349040451894197,False
soh60,44,145,0.0975286579145607,0.23032133023005436,0.13955721051246642,0.36306162261015396,False,0.6,0.13333333333333333,0.13333333333333333,0.13333333333333333,0.049496026374097016,0.07861813893851197,False,0.1642642803763397,0.5258931783092874,False,0.17462575720749907,0.46847562797432607,False,0.1698427780919299,0.3792595452184903,False
soh60,44,146,0.07073008168937144,0.20172400453484532,0.11255044560964082,0.3275343765497137,False,0.6,0.13333333333333333,0.13333333333333333,0.13333333333333333,0.022935380066206407,0.05794072223213864,False,0.14693037719395105,0.4912349676161432,False,0.15880340606794585,0.4123841048616879,False,0.12153261911045998,0.348577711488885,False
soh60,44,147,0.07913677116608855,0.22835281164895824,0.12523748793626832,0.364764929687193,False,0.6,0.13333333333333333,0.13333333333333333,0.13333333333333333,0.026450237714454546,0.07245324817668995,False,0.15865449461394254,0.5846837698472845,False,0.17745725211209637,0.41835003747328486,False,0.13838796730457978,0.3835726632515126,False
soh60,44,148,0.08218474453506983,0.2089512091070585,0.12559915689848722,0.32474632291879985,False,0.6,0.13333333333333333,0.13333333333333333,0.13333333333333333,0.03256827326259283,0.07661393617935411,False,0.1560969398236253,0.47757139568792134,False,0.1683598379164045,0.36475586885697703,False,0.1453715765913262,0.3800440909509469,False
soh60,44,149,0.06456664918039018,0.18575172099997567,0.10651271149184979,0.3108411159815666,False,0.6,0.13333333333333333,0.13333333333333333,0.13333333333333333,0.016628292253007763,0.042792412449586065,False,0.14109462298970685,0.48856325737799544,False,0.15342219151243489,0.386247535327654,False,0.11490573921224966,0.3257612587710309,False
soh60,44,150,0.0684345949175636,0.20367092630050482,0.11088291514856344,0.3290769104870475,False,0.6,0.13333333333333333,0.13333333333333333,0.13333333333333333,0.01992222893927806,0.06034980151588463,False,0.14079418490187323,0.4509412050980852,False,0.15933188482684787,0.4583849486314792,False,0.1234833619262546,0.346631686702741,False
soh60,44,151,0.08001572405956908,0.2071088600374108,0.12169146172037426,0.3330041468367295,False,0.6,0.13333333333333333,0.13333333333333333,0.13333333333333333,0.03238630959007744,0.06322853226676088,False,0.15475607521451368,0.4715846505943278,False,0.16160130878389592,0.44417813108812454,False,0.13802215329301004,0.3530252733977048,False
soh60,44,152,0.06681314948483277,0.19289374984207805,0.10980202637873429,0.31167644161105873,False,0.6,0.13333333333333333,0.13333333333333333,0.13333333333333333,0.017683004463231046,0.05714210210610012,False,0.1451498709330192,0.4550445826911975,False,0.1638805832064915,0.4016620624591139,False,0.11249464691219546,0.33285701918782334,False
soh60,44,153,0.07681499135126006,0.22300192052216627,0.12068582694148172,0.36268505045430693,False,0.6,0.13333333333333333,0.13333333333333333,0.13333333333333333,0.02667689353386388,0.06336405774257695,False,0.1563798118137498,0.5921304194682601,False,0.1696402445493261,0.4596150078157979,False,0.13004635786898708,0.3356307167905929,False
soh60,44,154,0.06830158023609476,0.20738648531105264,0.11000683520484514,0.3346179392095989,False,0.6,0.13333333333333333,0.13333333333333333,0.13333333333333333,0.020638431700380017,0.06197910942699974,False,0.14350856527634356,0.4991951765853491,False,0.15981611003566065,0.4198464994111757,False,0.11606423380699633,0.35745097141487103,False
soh60,44,155,0.06524258941319072,0.19711284262995588,0.10581808246483262,0.32586381928984454,False,0.6,0.13333333333333333,0.13333333333333333,0.13333333333333333,0.018870597354171403,0.04996886930436886,False,0.1407207317067822,0.46789598935653737,False,0.1521782422230046,0.44594577287292386,False,0.11150275857537228,0.3396446456255479,False
soh60,44,156,0.08061869688661377,0.20993538359159658,0.125234619688137,0.3349059016168791,False,0.6,0.13333333333333333,0.13333333333333333,0.13333333333333333,0.0296290708277301,0.06711193441984517,False,0.15535029073044546,0.5069841604950542,False,0.17279626234273615,0.4107230963145329,False,0.1431628548516363,0.354804415238084,False
soh60,44,157,0.07001120769973616,0.19356897344180846,0.11101966868312248,0.31307731624897106,False,0.6,0.13333333333333333,0.13333333333333333,0.13333333333333333,0.023144395147294678,0.05698801023362266,False,0.14081600157825425,0.46407627719818506,False,0.15805849989814594,0.3973549848371339,False,0.12205977810879502,0.3338899927269425,False
soh60,44,158,0.06650199441648971,0.18344805402939074,0.10804811183912162,0.2994234607209053,False,0.6,0.13333333333333333,0.13333333333333333,0.13333333333333333,0.019020717362053265,0.05090473209623123,False,0.14153108368484593,0.41933291834395964,False,0.15727293040764245,0.3889220509883757,False,0.11436771590194483,0.33853414145505467,False
soh60,44,159,0.0803202354268282,0.21282360928476055,0.12722388794102008,0.35613606564384837,False,0.6,0.13333333333333333,0.13333333333333333,0.13333333333333333,0.026716061124894643,0.04903794487437453,False,0.15317798174731864,0.5772150927597312,False,0.1720629175471825,0.4864628415903452,False,0.1569385913446845,0.3118283833509425,False
soh60,44,160,0.06477543229083224,0.19698332933264912,0.10657219305501442,0.3201832648806408,False,0.6,0.13333333333333333,0.13333333333333333,0.13333333333333333,0.01700770570319548,0.05618340299208719,False,0.14087964935119712,0.46768091037573006,False,0.15596059572575252,0.4278162169320856,False,0.1124408214399125,0.32905252922266043,False
soh60,44,161,0.068685267248114,0.1765914698627909,0.11100904556505571,0.28686914426525173,False,0.6,0.13333333333333333,0.13333333333333333,0.13333333333333333,0.020315234885894904,0.050559841974264184,False,0.14299890127486692,0.42047648799682097,False,0.16283749919047716,0.3488814077360303,False,0.11788454690898387,0.3275588393538916,False
soh60,44,162,0.07093817913604238,0.18651060374182882,0.11428215529369555,0.3034016016915982,False,0.6,0.13333333333333333,0.13333333333333333,0.13333333333333333,0.021402206384438738,0.05292089179923527,False,0.14445599827852873,0.45239632872521124,False,0.16392287926598645,0.33548087877724014,False,0.1273475372458283,0.3728083074647061,False
soh60,44,163,0.073833973166236,0.21739112824090784,0.11663289474550292,0.35023501245012784,False,0.6,0.13333333333333333,0.13333333333333333,0.13333333333333333,0.024920919932788062,0.06556954628751357,False,0.1466653872722526,0.5591731189140879,False,0.16401204340628253,0.4210267974075071,False,0.13093322837068855,0.3551705871914028,False
soh60,44,164,0.0640591599377984,0.18753986434841102,0.10548836647126221,0.30845752258208303,False,0.6,0.13333333333333333,0.13333333333333333,0.13333333333333333,0.016711495328125492,0.04934825493850017,False,0.1419841022809812,0.45009170967883333,False,0.15143432759187256,0.39282959339109486,False,0.11182354068406958,0.34156053231990385,False
soh60,44,165,0.06506103516962825,0.20721746496905682,0.10552549876434981,0.3388486587813289,False,0.6,0.13333333333333333,0.13333333333333333,0.13333333333333333,0.018815933918517873,0.056781814897888735,False,0.1415190527910659,0.5033558924167792,False,0.15494398385258676,0.4598075011995069,False,0.1068230244952287,0.3354494266111407,False
soh60,44,166,0.0730764074632538,0.20645466228769233,0.11495015750540125,0.3355809722696518,False,0.6,0.13333333333333333,0.13333333333333333,0.13333333333333333,0.025220693129371016,0.05888173659402438,False,0.1481479679708645,0.48775713130505394,False,0.16697006233064218,0.4596479278559549,False,0.1194619065907273,0.33603709332357384,False
soh60,44,167,0.06249115512536471,0.18235260288211458,0.10438285310814217,0.30049667902093313,False,0.6,0.13333333333333333,0.13333333333333333,0.13333333333333333,0.014614928859333335,0.04733080158060771,False,0.139703249996716,0.48363598693564636,False,0.15511889938398418,0.35385269953463516,False,0.10809433419253517,0.31716722803284325,False
soh60,44,168,0.06940566001667749,0.18067777927359915,0.11151265038827277,0.29030646874111654,False,0.6,0.13333333333333333,0.13333333333333333,0.13333333333333333,0.021283385306282904,0.05538784845357935,False,0.1436871645960913,0.43324284969392624,False,0.16339234329592303,0.3444859002585681,False,0.11768770835479381,0.3281092765583923,False
soh60,44,169,0.0638429082909544,0.17559736107808083,0.10465254725828697,0.2868547479918735,False,0.6,0.13333333333333333,0.13333333333333333,0.13333333333333333,0.017203320899717208,0.04844606174803212,False,0.14012132173297795,0.42629679779883506,False,0.15159750694959284,0.35446375893698945,False,0.10968803945085985,0.31821237348363723,False
soh60,44,170,0.07892701996894397,0.18025093514442317,0.12338315203400321,0.2953111335554308,False,0.6,0.13333333333333333,0.13333333333333333,0.13333333333333333,0.028120011894590537,0.04875356553184302,False,0.14917253144620854,0.43596441630706256,False,0.17880772084326177,0.3720254101410802,False,0.13743234395195206,0.32450114224173743,False
soh60,44,171,0.06942543663168821,0.18187699489483544,0.1111093044478904,0.29728914250105715,False,0.6,0.13333333333333333,0.13333333333333333,0.13333333333333333,0.021786730556028578,0.049977397630582045,False,0.14346048630399819,0.4650509254060274,False,0.15746142796683396,0.3640961992500307,False,0.12172857296470087,0.31003204771758847,False
soh60,44,172,0.06313186486976272,0.21807010971160032,0.10450251025309422,0.3641940333285439,False,0.6,0.13333333333333333,0.13333333333333333,0.13333333333333333,0.015851127288812418,0.05107133986366479,False,0.1411843745413321,0.5834839045352348,False,0.1546249397017073,0.5005980691610149,False,0.1063495994805251,0.32162281975426116,False
soh60,44,173,0.07002592307787163,0.1955767821470389,0.11253084503343856,0.31818523449695574,False,0.6,0.13333333333333333,0.13333333333333333,0.13333333333333333,0.021448869414366578,0.055452836604276814,False,0.14658342281349454,0.4553197991304853,False,0.16279450280374344,0.43550632459337396,False,0.1192965851021497,0.32646197765968693,False
soh60,44,174,0.06649240794859577,0.20207516506555287,0.10567161127998634,0.32964152458893703,False,0.6,0.13333333333333333,0.13333333333333333,0.13333333333333333,0.021716175569863688,0.056285039895971015,False,0.1412310957653873,0.5425943447158674,False,0.15229149484294727,0.39518568520924796,False,0.10744767894174712,0.3245010285346616,False
soh60,44,175,0.07304207694861237,0.21835460354663216,0.11589368477682066,0.35152450823555864,False,0.6,0.13333333333333333,0.13333333333333333,0.13333333333333333,0.024068810859231453,0.06616042675928767,False,0.14680586625924721,0.48678543775235744,False,0.17666443657684636,0.49723877547798745,False,0.1160356254119576,0.3559133929526019,False
soh60,44,176,0.062312074285474965,0.18111448467257368,0.1042144512920297,0.29416207850676,False,0.6,0.13333333333333333,0.13333333333333333,0.13333333333333333,0.014423643420840975,0.051917234576360695,False,0.13814218043843302,0.4288248522077683,False,0.1543083537458366,0.36334224278480765,False,0.10998362756300822,0.3325639844581035,False
soh60,44,177,0.06727492302344569,0.21485304902022065,0.10789370464716509,0.3384817994871185,False,0.6,0.13333333333333333,0.13333333333333333,0.13333333333333333,0.020853458310623532,0.07356304848662316,False,0.14069462440579997,0.4866233595342782,False,0.1575613135257955,0.43989885850238303,False,0.11246542234644137,0.3538419314251895,False
soh60,44,178,0.07092462139017568,0.17911756711408153,0.11432323417086268,0.2963266217453524,False,0.6,0.13333333333333333,0.13333333333333333,0.13333333333333333,0.02132620678367622,0.04516436182120055,False,0.1424225590024924,0.45905256007731715,False,0.16698801918743467,0.3597537181957387,False,0.1265561517098475,0.32133584688715316,False
soh60,44,179,0.06341546887125689,0.20519593963755328,0.10481512135371136,0.33189090147871514,False,0.6,0.13333333333333333,0.13333333333333333,0.13333333333333333,0.016101580319880352,0.06040169753336835,False,0.14035643118101246,0.4575902553696496,False,0.1562962828600027,0.46767993704927585,False,0.10650619105394994,0.3418917159625668,False
soh60,44,180,0.06407131302415654,0.2071218219621727,0.10688473612755148,0.34401000515699126,False,0.6,0.13333333333333333,0.13333333333333333,0.13333333333333333,0.015141686620276621,0.05067818402523721,False,0.142545621986039,0.546033989142867,False,0.1608127342492565,0.4463111481740189,False,0.1090389016546338,0.3330166992858419,False
soh60,44,181,0.06534104107917807,0.1992899406661278,0.10879275521215494,0.3288758267127462,False,0.6,0.13333333333333333,0.13333333333333333,0.13333333333333333,0.015681939212918782,0.05119178518427823,False,0.1434920666869112,0.4908063608324249,False,0.1682063015872917,0.4336689843290173,False,0.10779071336149808,0.33983617650526426,False
soh60,44,182,0.06658071972681125,0.2082814326333902,0.10737934261959645,0.3368234985984971,False,0.6,0.13333333333333333,0.13333333333333333,0.13333333333333333,0.019953722135056716,0.061376214387553696,False,0.14002408628638405,0.4720629904907349,False,0.153881101104797,0.4715523307234562,False,0.11565846095214805,0.34230245879224364,False
soh60,44,183,0.08924041888003152,0.23162145610638993,0.13486754955091299,0.3592322035831743,False,0.6,0.13333333333333333,0.13333333333333333,0.13333333333333333,0.037095126684738404,0.0857806018472078,False,0.16141727736223596,0.4969959739653853,False,0.17392139143140717,0.44068161225243513,False,0.16703640272527046,0.41347062626766906,False
soh60,44,184,0.07248136280647999,0.19896216582543153,0.11442126090414609,0.3258114309984746,False,0.6,0.13333333333333333,0.13333333333333333,0.13333333333333333,0.02455005069486158,0.05399157705623938,False,0.14607113589028903,0.5198637382928987,False,0.1602021350456506,0.3900945956560435,False,0.12686172198578316,0.33929581298871697,False
soh60,44,185,0.06461635755191161,0.19543315131777733,0.10645795047630964,0.31997825532459484,False,0.6,0.13333333333333333,0.13333333333333333,0.13333333333333333,0.016797394209742435,0.05309588959570018,False,0.14023656806523144,0.5272038500548363,False,0.15951459723104136,0.3736020856614632,False,0.10928324239922332,0.3260111959863796,False
soh60,44,186,0.07967984090893329,0.18910806567055544,0.12572205108690068,0.3002772846522439,False,0.6,0.13333333333333333,0.13333333333333333,0.13333333333333333,0.02706017213411341,0.06205752969148296,False,0.1591654695314704,0.4610568221248535,False,0.1924524673780916,0.35638257608272234,False,0.12421009530392735,0.32161221070991675,False
soh60,44,187,0.06399992008611587,0.2033028922788228,0.10539958853258312,0.33870243781127923,False,0.6,0.13333333333333333,0.13333333333333333,0.13333333333333333,0.016686013290153297,0.04856055452744406,False,0.14112170748071814,0.48014901175966057,False,0.15770086073518666,0.48462201674321337,False,0.1060897726242744,0.3414781682147989,False
soh60,44,188,0.07450861434878059,0.19313326731473826,0.1166923572716464,0.31207143026079703,False,0.6,0.13333333333333333,0.13333333333333333,0.13333333333333333,0.026298622436933948,0.057203938233528255,False,0.14948560430469107,0.45153626817255715,False,0.15954311380040576,0.4144557225016714,False,0.13144208854455477,0.32508979213543127,False
soh60,44,189,0.07808695852298445,0.20962992370043898,0.12029931022997195,0.33656948017208366,False,0.6,0.13333333333333333,0.13333333333333333,0.13333333333333333,0.02984427085785586,0.06455614487570219,False,0.14795365867431964,0.5052699785550282,False,0.16946216965017358,0.4341106716359067,False,0.13393714173753876,0.3423411256216975,False
soh60,44,190,0.09294252746666957,0.20375329680811566,0.13683163001243137,0.3246929293226073,False,0.6,0.13333333333333333,0.13333333333333333,0.13333333333333333,0.04278355312865612,0.065536573934411,False,0.16727440325345685,0.5059233273016718,False,0.17233758849341907,0.371507342391661,False,0.16493097517419336,0.35580447366268525,False
soh60,44,191,0.06437941495266992,0.1868787767417393,0.10579552744222391,0.3031348224120933,False,0.6,0.13333333333333333,0.13333333333333333,0.13333333333333333,0.01704671496460823,0.05401472454704907,False,0.14025207218508226,0.4517631452377591,False,0.1559193378414163,0.3693983238120954,False,0.10996398477778883,0.3373630960514696,False
soh60,44,192,0.06804924239055611,0.21009295274818524,0.11049725326334771,0.34078539718806367,False,0.6,0.13333333333333333,0.13333333333333333,0.13333333333333333,0.019537229964508584,0.06073015910260987,False,0.1418425847273367,0.508592114122101,False,0.15969770497075766,0.46636856251424624,False,0.12091149339078787,0.32745075301329757,False
soh60,44,193,0.06300190886915058,0.19329616823751442,0.10421157728457392,0.31939259260709046,False,0.6,0.13333333333333333,0.13333333333333333,0.13333333333333333,0.01590514496580964,0.04918596895799896,False,0.13981634691804976,0.4995399205777804,False,0.15484742677254748,0.40569496451372533,False,0.10627739048188878,0.3231495163788571,False
soh60,44,194,0.06646594423416605,0.18582664138074562,0.1088504434244408,0.3026407708903265,False,0.6,0.13333333333333333,0.13333333333333333,0.13333333333333333,0.01802651658813777,0.052324779084081736,False,0.1413887273568841,0.45747866505006846,False,0.16128384438573137,0.3729192191347752,False,0.11470268536700994,0.32784042029238053,False
soh60,44,195,0.06595537602041607,0.19075946339990418,0.1080865878084507,0.318820803058039,False,0.6,0.13333333333333333,0.13333333333333333,0.13333333333333333,0.017805419691233646,0.044403646647750074,False,0.14206567468931555,0.519396371685033,False,0.1589811988862698,0.40837347316633715,False,0.1134940579669838,0.3031097207330358,False
soh60,44,196,0.0659178314161734,0.2034620490048854,0.10755369405353903,0.3273490172982311,False,0.6,0.13333333333333333,0.13333333333333333,0.13333333333333333,0.018333988402041253,0.06187694238391888,False,0.14254153001308367,0.4370556518533326,False,0.15573531742918914,0.443243422613057,False,0.11360394036984205,0.36722005234261607,False
soh60,44,197,0.0672934331276314,0.21030456233358033,0.10714958433406872,0.35098427540626026,False,0.6,0.13333333333333333,0.13333333333333333,0.13333333333333333,0.02174354603456019,0.04952774739337472,False,0.14123676534469404,0.5205051060850739,False,0.15386151082660987,0.49688189054966886,False,0.11175651513041078,0.3370223575969235,False
soh60,44,198,0.06431230407643856,0.18236371204157326,0.10530654570533643,0.30094688759051924,False,0.6,0.13333333333333333,0.13333333333333333,0.13333333333333333,0.017461742214840995,0.04684008284277786,False,0.13664287114194934,0.4491944077258685,False,0.15738905095923147,0.3834077095463663,False,0.10973251850532394,0.3243453502470643,False
soh60,44,199,0.0642030103215476,0.19709206817547215,0.1057500219268174,0.32482340327168113,False,0.6,0.13333333333333333,0.13333333333333333,0.13333333333333333,0.0167207113440964,0.05111339949409047,False,0.14209536837813383,0.47850745697815095,False,0.15285453424649711,0.4341968676802488,False,0.1113294737385423,0.33547588893423425,False
soh60,44,200,0.06839976785589279,0.23660639258053986,0.11265174506813783,0.3844468539819733,False,0.6,0.13333333333333333,0.13333333333333333,0.13333333333333333,0.017826079613327037,0.06764586526461598,False,0.14516791162574627,0.568558216696151,False,0.1763481924044846,0.5363111824156122,False,0.11126479662899336,0.365272151551514,False
soh60,45,1,0.23942507427205692,0.39444401141271745,0.3249185440829585,0.5760670371738515,True,0.6,0.13333333333333333,0.13333333333333333,0.13333333333333333,0.14171825163102653,0.18687483911427846,True,0.3015438542614224,0.8153345665484059,True,0.42518730767895535,0.7302722775703966,True,0.43122476276042976,0.5717864654623256,True
soh60,45,2,0.1644234024715808,0.2944284640748397,0.2334677660157699,0.44088186525815726,True,0.6,0.13333333333333333,0.13333333333333333,0.13333333333333333,0.08551555842107902,0.1270531484367624,True,0.23463366907208472,0.6098368009454171,True,0.29659193079524077,0.5340214752493836,True,0.317129905774675,0.49261603640106594,True
soh60,45,3,0.1526482713903279,0.2515946080082668,0.21727264452183154,0.38132509510515,True,0.6,0.13333333333333333,0.13333333333333333,0.13333333333333333,0.07879184495432381,0.10333119418325741,True,0.22072244570921376,0.5205437334990748,True,0.2702166540141272,0.4480774659106414,True,0.2993596334096613,0.4533479868276265,True
soh60,45,4,0.15102019366183506,0.24909464413676896,0.21027423107127122,0.37872691116909996,True,0.6,0.13333333333333333,0.13333333333333333,0.13333333333333333,0.08330129376533663,0.10094348181410498,True,0.21947169161124883,0.5600917839277503,False,0.2562012745292257,0.41389767762846147,True,0.2821226643792737,0.4399747013060831,True
soh60,45,5,0.16859956172417243,0.26914792386707953,0.2250088211650627,0.3909734236202371,False,0.6,0.13333333333333333,0.13333333333333333,0.13333333333333333,0.10413183664886924,0.12991878129204235,False,0.2401457622012717,0.5466465001170235,False,0.2553233718123223,0.4217208497041978,False,0.3004343139977877,0.4656075633676848,False
soh60,45,6,0.13252222178869194,0.20207030046559732,0.18848870974441279,0.3191241643748382,True,0.6,0.13333333333333333,0.13333333333333333,0.13333333333333333,0.06856052126786813,0.06829445599789345,True,0.1944531977271232,0.45749589331457363,True,0.22760764493150187,0.35627257085705977,True,0.263333475051158,0.39443373732982606,True
soh60,45,7,0.1192862291293729,0.20747880120543755,0.1739218430007387,0.33094822174224847,False,0.6,0.13333333333333333,0.13333333333333333,0.13333333333333333,0.05684552756209768,0.06637089202051076,True,0.19600200043304236,0.507225051249382,False,0.21289451658713934,0.3836815676827807,False,0.22994532742067544,0.3665153760163204,True
soh60,45,8,0.132451301243667,0.20876240218125558,0.19080292524473985,0.31954494040755166,False,0.6,0.13333333333333333,0.13333333333333333,0.13333333333333333,0.06576373095672661,0.08215378706548869,False,0.20217804735823441,0.461806299977193,False,0.2380132941100255,0.34933426898333936,True,0.2572566285539729,0.3848854056041855,False
soh60,45,9,0.11234348089625784,0.1849914674521163,0.16430187416060044,0.2948860187261213,True,0.6,0.13333333333333333,0.13333333333333333,0.13333333333333333,0.05296246002272346,0.05939769456753918,True,0.18427990781216155,0.449726062844064,True,0.20162830015515443,0.3319124162592982,True,0.21833682865236234,0.3385079012335838,True
soh60,45,10,0.1234307498369008,0.1989607540476505,0.18215788945113356,0.3134878346833853,False,0.6,0.13333333333333333,0.13333333333333333,0.13333333333333333,0.05631401884920625,0.06807266189252502,False,0.18997176074568092,0.42571775266171524,True,0.2275592094936306,0.35433556068449107,False,0.25478656871601646,0.40582536349480985,False
soh60,45,11,0.11362267710510417,0.18561706421311777,0.16493829655815445,0.30220352402854156,False,0.6,0.13333333333333333,0.13333333333333333,0.13333333333333333,0.0549762548730467,0.052375395852633476,True,0.186284268971637,0.4853322736778511,False,0.20098965100543964,0.33391096916704743,False,0.2175030113824945,0.3371954574166342,True
soh60,45,12,0.1494506452528106,0.206584045561096,0.2005351386595604,0.3157933800118997,False,0.6,0.13333333333333333,0.13333333333333333,0.13333333333333333,0.09106836707366796,0.08177337761732026,False,0.21688761470518045,0.43457522191058984,False,0.22236887183008403,0.3407203371068881,False,0.27181570102930924,0.40610458341280076,False
soh60,45,13,0.11951203179967673,0.1815228826131775,0.1740483609702304,0.28851163061702767,True,0.6,0.13333333333333333,0.13333333333333333,0.13333333333333333,0.057184798461901096,0.05925002775163449,False,0.18852567326155908,0.42164084496369886,True,0.2142863564159775,0.31781351879753916,True,0.23619661574148396,0.3553421309552381,False
soh60,45,14,0.10966682373511118,0.1840171467842256,0.15856017022185095,0.294685623005566,False,0.6,0.13333333333333333,0.13333333333333333,0.13333333333333333,0.053788713464551434,0.05753888824555089,False,0.17950472018664168,0.43872483434337034,False,0.20063706998204037,0.3418039141981613,False,0.20031017725417033,0.34067485523518143,False
soh60,45,15,0.11247575712584584,0.1702562825869443,0.16613556200433466,0.27737882383550133,True,0.6,0.13333333333333333,0.13333333333333333,0.13333333333333333,0.05115026583614433,0.04783052116002201,True,0.1847658425041844,0.4321615478882855,False,0.20699835128420108,0.3135715870408611,True,0.22162778839280883,0.3159516392528367,True
soh60,45,16,0.11487614069694593,0.1917239087570476,0.16665124316668317,0.30279372632213253,False,0.6,0.13333333333333333,0.13333333333333333,0.13333333333333333,0.05570459501724623,0.06478697439695053,False,0.18823684369458005,0.44601185027625156,False,0.21274156501461827,0.34287698988552423,False,0.20992196894028817,0.35749909072980385,False
soh60,45,17,0.1052868289158379,0.1654679319155659,0.1534993584729722,0.2690168771518004,True,0.6,0.13333333333333333,0.13333333333333333,0.13333333333333333,0.05018679513625587,0.04712628021701225,True,0.17701586915261758,0.39261054156459335,True,0.1976708562560963,0.311391668151512,True,0.18912391334691903,0.324939018674084,False
soh60,45,18,0.10416485675423182,0.18067329803263768,0.1553692526240681,0.294698162685287,False,0.6,0.13333333333333333,0.13333333333333333,0.13333333333333333,0.04564554718870465,0.05035916700103852,False,0.17764275406959448,0.45055589293614223,False,0.19974813009359157,0.343258641722097,False,0.19844057914438165,0.33461894908187,False
soh60,45,19,0.1188909648916808,0.20150709548989804,0.17124506614368648,0.3133346156254499,False,0.6,0.13333333333333333,0.13333333333333333,0.13333333333333333,0.059057706317960014,0.07370421533498159,False,0.19118054910884483,0.4494807035923613,False,0.20915965075349055,0.3455394574436434,False,0.22558235839445054,0.38461408613081344,False
soh60,45,20,0.10018058613356721,0.18379614470473346,0.14937828146358784,0.2899327721954134,False,0.6,0.13333333333333333,0.13333333333333333,0.13333333333333333,0.04395464861354363,0.06249714185824207,False,0.17488802800805592,0.4262561596010088,False,0.19333158287646776,0.3376666037218268,False,0.18533886635628408,0.333311183600576,False
soh60,45,21,0.09664844736446038,0.176244533029633,0.1459112647149398,0.28774162461357516,False,0.6,0.13333333333333333,0.13333333333333333,0.13333333333333333,0.040348084678198205,0.048819285505127694,False,0.17156575936479546,0.4414645035459102,False,0.1868237598944705,0.31992014901770877,False,0.18490745492229496,0.3407625603855539,False
soh60,45,22,0.10108385940853454,0.18071138331817946,0.14974138793365382,0.2908504912102757,False,0.6,0.13333333333333333,0.13333333333333333,0.13333333333333333,0.045475255379826794,0.05483811715578384,False,0.1727794646281825,0.4347023721950067,False,0.1902953615605704,0.31960925303572824,False,0.19041547016603555,0.3542522224545838,False
soh60,45,23,0.09308651748131207,0.1662914533897431,0.140444542553185,0.27409094597349,False,0.6,0.13333333333333333,0.13333333333333333,0.13333333333333333,0.03896306025631443,0.04309203329403235,True,0.16715498348143054,0.43459341057330736,False,0.17988230871868352,0.30668626850641695,True,0.1757778177563115,0.31199207152020336,True
soh60,45,24,0.10975944724749136,0.1800223363961771,0.15923214716041273,0.29241341712448726,False,0.6,0.13333333333333333,0.13333333333333333,0.13333333333333333,0.0532192187755812,0.05157538699239402,False,0.18598639847961093,0.45790495666905334,False,0.20283549496005057,0.3477559997149546,False,0.19488747642640827,0.31241732512154713,False
soh60,45,25,0.10015919096668623,0.18458984955862337,0.151160693475417,0.2910738716819632,False,0.6,0.13333333333333333,0.13333333333333333,0.13333333333333333,0.041871759528136786,0.06289382427480646,False,0.17887952843193133,0.4337666574579713,False,0.19904615371129586,0.3245197052779947,False,0.18484533223030394,0.3431152997170803,False
soh60,45,26,0.10241773752998784,0.16599485486590038,0.15175538053515364,0.2792944853927348,False,0.6,0.13333333333333333,0.13333333333333333,0.13333333333333333,0.04603185980979838,0.03650956283523237,True,0.17585804115706338,0.4506461980507392,False,0.1942355820896525,0.33044461689671484,False,0.19089603908410024,0.299577563788253,True
soh60,45,27,0.09440923277777678,0.16475375782050924,0.14259959742859893,0.2734309227910926,True,0.6,0.13333333333333333,0.13333333333333333,0.13333333333333333,0.039334530319694326,0.040551283568413955,False,0.16690637834083563,0.42238115770059353,False,0.18506159661465638,0.3266299262788215,False,0.1790958844392094,0.3041613236165415,False
soh60,45,28,0.09703578674095992,0.19732243221644524,0.14709314687491118,0.31981494152474754,False,0.6,0.13333333333333333,0.13333333333333333,0.13333333333333333,0.039827375159301334,0.057330993006956904,False,0.17228570315531544,0.5037039620668916,False,0.18952047254407547,0.36805985599205004,False,0.1867390366409525,0.3501649550330916,False
soh60,45,29,0.10408108720025604,0.1728073509575161,0.15274049764662756,0.281005637076263,False,0.6,0.13333333333333333,0.13333333333333333,0.13333333333333333,0.04847033240440286,0.04915216682180537,False,0.17277465567989614,0.4248294710599338,False,0.20219826613848793,0.33253318616135935,False,0.18751873636372332,0.31750772426195356,False
soh60,45,30,0.09708565823851938,0.18531202614704592,0.14655139089267089,0.3080585869548196,False,0.6,0.13333333333333333,0.13333333333333333,0.13333333333333333,0.04055339234806052,0.04503024236673315,False,0.17590239338748961,0.5013896415659603,False,0.19408123260225862,0.3578620553794787,False,0.17566854523287476,0.3279524085071062,False
soh60,45,31,0.10832067045365867,0.18844100461401578,0.15623173857579437,0.3105241572571794,False,0.6,0.13333333333333333,0.13333333333333333,0.13333333333333333,0.05356516402836076,0.0489174015932573,False,0.17503513258853554,0.4949042210244495,False,0.1918191715642011,0.37888419679617286,False,0.20450748612208006,0.3193908096148382,False
soh60,45,32,0.10526732968191854,0.19266707776737801,0.1540780920335193,0.3090251947472951,False,0.6,0.13333333333333333,0.13333333333333333,0.13333333333333333,0.049483601280089114,0.05968637264747274,False,0.178192585984659,0.464587191140845,False,0.19417588235654548,0.34832468401430955,False,0.1944602985127836,0.36350253118655323,False
soh60,45,33,0.0953786251121675,0.1733959257003052,0.14346421164271075,0.2835515837363487,False,0.6,0.13333333333333333,0.13333333333333333,0.13333333333333333,0.04042366907726096,0.0475037450876841,False,0.168668494834175,0.4424420475180091,False,0.18456134176219674,0.3304113640483463,False,0.18020334089721027,0.3138491782913552,False
soh60,45,34,0.10003456076702898,0.15626387632622557,0.14773455439819672,0.2596049988197231,True,0.6,0.13333333333333333,0.13333333333333333,0.13333333333333333,0.04552028233140871,0.038159736333656886,False,0.1746976880403449,0.3918762166619594,True,0.1874304806370238,0.3033443203870629,True,0.18328976658400944,0.3050397218962134,False
soh60,45,35,0.09207135928451358,0.17491662643384262,0.140367532464274,0.2869296063903893,False,0.6,0.13333333333333333,0.13333333333333333,0.13333333333333333,0.03687573279335882,0.04690179219778931,False,0.1655792207260852,0.43038847827168175,False,0.18289135762713016,0.32699090867800534,False,0.17612381871052188,0.3434372464140807,False
soh60,45,36,0.09694464299205457,0.17706729115417844,0.14500027425453113,0.287261063789779,False,0.6,0.13333333333333333,0.13333333333333333,0.13333333333333333,0.04202392154922422,0.05113155099920636,False,0.16958002563240682,0.4429849433803483,False,0.18143735816102435,0.3187586949500225,False,0.1869597916754692,0.3361690658295389,False
soh60,45,37,0.10324053651040178,0.19654535081020003,0.1507923182481719,0.3221361950566729,False,0.6,0.13333333333333333,0.13333333333333333,0.13333333333333333,0.04889564309580735,0.05301295738565958,False,0.17765315150834193,0.5055812327708672,False,0.19466128246193978,0.40533594791140676,False,0.1819591959265986,0.32461464215875807,False
soh60,45,38,0.09130407737071283,0.16257054931504133,0.13720932409362302,0.2734075011881795,False,0.6,0.13333333333333333,0.13333333333333333,0.13333333333333333,0.038840938258815454,0.035899747174311984,True,0.16603018302136885,0.4532364379334397,False,0.18324652029936903,0.3083671967380293,False,0.1607196547949388,0.2961266229069371,True
soh60,45,39,0.08779919011306409,0.18066893018197105,0.13339854498566764,0.2924726355211776,False,0.6,0.13333333333333333,0.13333333333333333,0.13333333333333333,0.03568564168723145,0.05289326693716366,False,0.15986773163447718,0.4529375136379765,False,0.1765071660905055,0.33887856032973,False,0.1615336405304564,0.32518120117984,False
soh60,45,40,0.09946966384614722,0.19854583383008934,0.1499352420313409,0.31639562323093456,False,0.6,0.13333333333333333,0.13333333333333333,0.13333333333333333,0.04179471734878302,0.06386036022912339,False,0.1682440684417319,0.44498185813501734,False,0.192996882646945,0.3650319257569888,False,0.19670529968790373,0.39170834880260874,False
soh60,45,41,0.09015736035346025,0.18631298623894693,0.13748229772686893,0.30344774171571465,False,0.6,0.13333333333333333,0.13333333333333333,0.13333333333333333,0.036071717640993185,0.05244469426549814,False,0.16207999518670788,0.45872510357708235,False,0.1825842584796471,0.3774332753221327,False,0.16919321960012756,0.32518789369814527,False
soh60,45,42,0.09513253230823077,0.1792794533210171,0.1433425193367753,0.2950170063922414,False,0.6,0.13333333333333333,0.13333333333333333,0.13333333333333333,0.04003540427560846,0.04700796409676082,False,0.17230270768209466,0.4454934880813865,False,0.1901529939416354,0.3345301860047283,False,0.17087897144776265,0.35303638738608983,False
soh60,45,43,0.09255484744019653,0.20930923652120062,0.13648677126687367,0.3377921204921581,False,0.6,0.13333333333333333,0.13333333333333333,0.13333333333333333,0.04234693449542266,0.06247165484010633,False,0.1662405500812892,0.533884042497244,False,0.17479805822257355,0.40819267802506154,False,0.16256154226820926,0.34662010660622067,False
soh60,45,44,0.09972810398115098,0.1752072747288178,0.1462082381910334,0.28521686504777205,False,0.6,0.13333333333333333,0.13333333333333333,0.13333333333333333,0.04660795059842821,0.04948202865001298,False,0.1735970993704318,0.4333335504915545,False,0.18574030917985018,0.34082899869795974,False,0.17888759361542342,0.3172228823515611,False
soh60,45,45,0.08714797768045995,0.17917977072929372,0.13441611396936554,0.2862533313294088,False,0.6,0.13333333333333333,0.13333333333333333,0.13333333333333333,0.033127250493139304,0.05680998718630511,False,0.1615488065762788,0.42421376805266586,False,0.17612865312168666,0.32776071845242166,False,0.1668597456863574,0.3362288516262424,False
soh60,45,46,0.08568730150753379,0.1981800512775331,0.13226499610780987,0.3270557220793416,False,0.6,0.13333333333333333,0.13333333333333333,0.13333333333333333,0.03245565053578969,0.050893570361180605,False,0.1632394627290653,0.5306453758253796,False,0.175375180872591,0.38546822387290686,False,0.15798969029379348,0.34121571825789915,False
soh60,45,47,0.09894234248484182,0.22037606160296852,0.15052812031307644,0.3667439330870193,False,0.6,0.13333333333333333,0.13333333333333333,0.13333333333333333,0.039987167824002294,0.05309849419262474,False,0.1858011601270325,0.6023912174094449,False,0.20127873940235189,0.47994900457418427,False,0.17504541389891903,0.3315370161718234,False
soh60,45,48,0.08971232144131225,0.17397085054540498,0.13486480817495353,0.28534462619661216,False,0.6,0.13333333333333333,0.13333333333333333,0.13333333333333333,0.0381094794600079,0.04668653551545388,False,0.1621711899926904,0.4332517200271681,False,0.1787309606784179,0.34982801865100516,False,0.16044760256869797,0.31161223059282156,False
soh60,45,49,0.09972486028407666,0.16745674858307108,0.14560926424195267,0.27488944485293165,False,0.6,0.13333333333333333,0.13333333333333333,0.13333333333333333,0.04728554147507554,0.044676524274658944,False,0.1691470240727296,0.42364110669828753,False,0.18518236275835223,0.3522106089998396,False,0.18082212866165323,0.27902953943894065,True
soh60,45,50,0.08933188475987598,0.17667929395135176,0.13636869248318426,0.2963659897725609,False,0.6,0.13333333333333333,0.13333333333333333,0.13333333333333333,0.03557553307609509,0.03989449872711274,False,0.16752252714332505,0.5154459618647248,False,0.18227274021886739,0.35499417599950417,False,0.16010396949444952,0.27512932249890193,True
soh60,45,51,0.09254831665345459,0.1883014349250511,0.138099993522353,0.3077076347032245,False,0.6,0.13333333333333333,0.13333333333333333,0.13333333333333333,0.040489257374713546,0.05183720660713864,False,0.16524678321611436,0.487448030781084,False,0.19113287912566745,0.35891069124962455,False,0.15553105437291667,0.3326346101750508,False
soh60,45,52,0.09196519176672721,0.22254577852147533,0.14022249730193181,0.37272366714463495,False,0.6,0.13333333333333333,0.13333333333333333,0.13333333333333333,0.036813985440779115,0.05091390580929298,False,0.16365277385213564,0.5691903543691995,False,0.1953368384085219,0.5297688583976451,False,0.1650863915062906,0.34102155000240203,False
soh60,45,53,0.08068256292916798,0.18968767236868467,0.1260963490351188,0.3092557468379628,False,0.6,0.13333333333333333,0.13333333333333333,0.13333333333333333,0.02878109309379564,0.05303844440379532,False,0.1596922480978836,0.5056926446201516,False,0.17357969393695083,0.36179097567429525,False,0.1423323610118451,0.31650092265360913,False
soh60,45,54,0.08564913273374247,0.21296817405170543,0.12996279110660552,0.3369595314115195,False,0.6,0.13333333333333333,0.13333333333333333,0.13333333333333333,0.03500495173618472,0.07126376564048928,False,0.15979164843338167,0.48401472114724836,False,0.1789132702417805,0.4567036720532158,False,0.14614129401507522,0.33585596680512464,False
soh60,45,55,0.08561857496100271,0.19880609022348025,0.12996661051526995,0.328934458804168,False,0.6,0.13333333333333333,0.13333333333333333,0.13333333333333333,0.034935105756125885,0.05008795470269425,False,0.1605683315490932,0.5242519445187592,False,0.17333222396399373,0.41486440087404275,False,0.15103078079186696,0.3265335351211758,False
soh60,45,56,0.08805699446961304,0.1909111908177547,0.13411715864490756,0.3113093264030141,False,0.6,0.13333333333333333,0.13333333333333333,0.13333333333333333,0.03541680684070502,0.053313321577458224,False,0.16554036163660588,0.4615107796776628,False,0.17342415267105163,0.37384173163482454,False,0.16208731343126773,0.35657147272211104,False
soh60,45,57,0.10238625839831715,0.2024037348454622,0.14533984659101604,0.3314635385894887,False,0.6,0.13333333333333333,0.13333333333333333,0.13333333333333333,0.05329644332094702,0.054906816280860554,False,0.18294167397875563,0.5644864413836721,False,0.18358963420581453,0.35625336788499745,False,0.1615316348585469,0.3502075288084246,False
soh60,45,58,0.07795136518357951,0.1953422256884312,0.12198773539279878,0.31895249605893394,False,0.6,0.13333333333333333,0.13333333333333333,0.13333333333333333,0.02762408494447176,0.05407334526499953,False,0.15446712226007978,0.5035119766451607,False,0.16774406861072877,0.3922322800133658,False,0.1381156657559148,0.3259923823122098,False
soh60,45,59,0.09194859212767323,0.1807972942601263,0.1381924289992451,0.29690264269074546,False,0.6,0.13333333333333333,0.13333333333333333,0.13333333333333333,0.03909849284587682,0.048105467482275836,False,0.16718637142860793,0.4734101684368666,False,0.17975670682399605,0.3412867960184127,False,0.16672814489849963,0.32480813882542664,False
soh60,45,60,0.09996142211727063,0.18315295183631616,0.14411084589517348,0.2899438792797447,False,0.6,0.13333333333333333,0.13333333333333333,0.13333333333333333,0.049504937799667394,0.061106177615255025,False,0.1669930560949137,0.4057748675945221,False,0.18910870553386216,0.3333457550899099,False,0.1708366841522507,0.3595487168192916,False
soh60,45,61,0.11127431373590257,0.21094506869366259,0.1557131777150094,0.33696224321424467,False,0.6,0.13333333333333333,0.13333333333333333,0.13333333333333333,0.06048704061692334,0.0669254406701402,False,0.17956747956437313,0.5112744549757264,False,0.19442605100952395,0.4135317104640676,False,0.1883721396692172,0.3561173667470445,False
soh60,45,62,0.08109053321119301,0.1737330765840346,0.12527560839479218,0.2905259103043839,False,0.6,0.13333333333333333,0.13333333333333333,0.13333333333333333,0.030593304429936803,0.0402555523322068,False,0.15967036023496262,0.46555341685406376,False,0.16715424162378226,0.34964141358823847,False,0.14368452729048714,0.3066532584430267,False
soh60,45,63,0.07859645315805186,0.16243447130687488,0.12248545025429475,0.2679669236988857,False,0.6,0.13333333333333333,0.13333333333333333,0.13333333333333333,0.028437599333774245,0.041825954287433915,False,0.15462373089860762,0.42563566784463475,False,0.16740329419871422,0.30925877236481947,False,0.13947717658608294,0.2951473002986547,False
soh60,45,64,0.0893437631834208,0.20414116836973775,0.13500507789475816,0.3266838307397151,False,0.6,0.13333333333333333,0.13333333333333333,0.13333333333333333,0.03715940351332096,0.06409241137547796,False,0.16070413393222893,0.5333878537481981,False,0.18608917865438435,0.35840642688460367,False,0.15606759547909835,0.35084863095058066,False
soh60,45,65,0.07519188488229173,0.1591408166303451,0.1189267383022184,0.2656471143179571,False,0.6,0.13333333333333333,0.13333333333333333,0.13333333333333333,0.025209195259518386,0.03741933355878847,False,0.15023973492624132,0.4312991209644637,False,0.16603543470800616,0.3029273977596824,True,0.13422258831510772,0.29094260498889396,False
soh60,45,66,0.09263895987664827,0.18972924835049282,0.14084882356553613,0.31454315856168963,False,0.6,0.13333333333333333,0.13333333333333333,0.13333333333333333,0.037541972803633604,0.04708477953769649,False,0.1639628750318298,0.5221064777598591,False,0.18106990068980577,0.3731233194217747,False,0.18082054573687537,0.3158580575274282,False
soh60,45,67,0.09564600667499364,0.19715069371969718,0.14154032075062234,0.3223310558045026,False,0.6,0.13333333333333333,0.13333333333333333,0.13333333333333333,0.04319536201713228,0.05408742276563385,False,0.17112100614421522,0.4830346565542967,False,0.18608864661179536,0.3882265404652723,False,0.16575626822934647,0.3639756034328076,False
soh60,45,68,0.07692778181296159,0.16355771587504975,0.1206960525725628,0.27403022697869817,False,0.6,0.13333333333333333,0.13333333333333333,0.13333333333333333,0.02690690094484591,0.037303417470880146,False,0.15298721304275031,0.4531048634514064,False,0.1688936131755824,0.327460917996573,False,0.13399648312707257,0.27825170899593304,False
soh60,45,69,0.07868580751827058,0.20179555702071936,0.1236118889368035,0.32940667012769276,False,0.6,0.13333333333333333,0.13333333333333333,0.13333333333333333,0.027341714468518664,0.05595428489846405,False,0.1611598167149728,0.5111377748009143,False,0.16975761291768054,0.4172275808542225,False,0.13618841164604203,0.3333070399571702,False
soh60,45,70,0.07579695010501755,0.18268782212219498,0.11899109787681891,0.3029833292118651,False,0.6,0.13333333333333333,0.13333333333333333,0.13333333333333333,0.026432209794387436,0.04520724259114337,False,0.15080480552277548,0.47853903644858176,False,0.16661301821173458,0.37795464694757097,False,0.13211435797837817,0.3102323908601644,False
soh60,45,71,0.08318836031517321,0.18473726205811436,0.1305901813270143,0.3028950912440118,False,0.6,0.13333333333333333,0.13333333333333333,0.13333333333333333,0.029014850587354837,0.04969974298851728,False,0.16358294760205683,0.5024571650490729,False,0.1854477507107526,0.3410419475581506,False,0.14431517640789296,0.31838150938030646,False
soh60,45,72,0.07991571350467783,0.18414729743086106,0.12585718792606165,0.3017184797280622,False,0.6,0.13333333333333333,0.13333333333333333,0.13333333333333333,0.027411171308810586,0.04978023194834545,False,0.15750061720011835,0.505875798796449,False,0.17298626188866803,0.3224388688711664,False,0.14553070130664975,0.328779019296288,False
soh60,45,73,0.09220570287775975,0.1664473937012747,0.13700158782594946,0.2796099918875879,False,0.6,0.13333333333333333,0.13333333333333333,0.13333333333333333,0.041010405794114406,0.037118710059773886,False,0.1680815582593562,0.47802164511638656,False,0.17713636072740488,0.32551077695835184,False,0.16177802652292234,0.2777888354158394,False
soh60,45,74,0.07493874643266406,0.17784734284318726,0.1178131611386938,0.28293042633388327,False,0.6,0.13333333333333333,0.13333333333333333,0.13333333333333333,0.02593941534005865,0.057752390282391784,False,0.15198971265516528,0.4290228565418619,False,0.16313364574349098,0.3168929526298117,False,0.1301898708160603,0.3280535058814677,False
soh60,45,75,0.08803195556026042,0.16808772962517857,0.13075204271053295,0.27165068648227947,False,0.6,0.13333333333333333,0.13333333333333333,0.13333333333333333,0.039208998817091806,0.049730064645634675,False,0.16116972413047098,0.4149458346818254,False,0.17369856901192035,0.3218832894936882,False,0.1489308788826487,0.30004355710796965,False
soh60,45,76,0.08039158659503355,0.1730618460308154,0.12389957985323363,0.275305243013422,False,0.6,0.13333333333333333,0.13333333333333333,0.13333333333333333,0.030668165728519187,0.05621224947926501,False,0.15931209240783073,0.41574946170186017,False,0.17154340517735958,0.3140012155605942,False,0.134074656099225,0.31525804531196866,False
soh60,45,77,0.09006638215724752,0.19148895465767812,0.13527762532826437,0.308599392568769,False,0.6,0.13333333333333333,0.13333333333333333,0.13333333333333333,0.0383963899617997,0.057648454187859945,False,0.16183255519166295,0.47339126827580397,False,0.17301706253785412,0.3319725463949955,False,0.1678644936217407,0.37138530141641657,False
soh60,45,78,0.08407827741173993,0.18423978103290076,0.1314750464598263,0.3058410136503404,False,0.6,0.13333333333333333,0.13333333333333333,0.13333333333333333,0.029910541356784073,0.04526694375582692,False,0.15898440084847734,0.48110708232431426,False,0.1850106433294357,0.3976228767071293,False,0.15199460030460812,0.29936715181409107,False
soh60,45,79,0.07994914098550408,0.190536926265833,0.1262855563183583,0.3104895249957211,False,0.6,0.13333333333333333,0.13333333333333333,0.13333333333333333,0.026993237747956415,0.05344824200310376,False,0.15489047086937668,0.47794540933804114,False,0.1856031240145879,0.3853696499511958,False,0.1376553926415122,0.3251947986905436,False
soh60,45,80,0.08784693843325571,0.1812420653461927,0.1319395837819533,0.29128376622405694,False,0.6,0.13333333333333333,0.13333333333333333,0.13333333333333333,0.0374553437490299,0.05548012148577641,False,0.1588339390013758,0.44897685366351947,False,0.17992338712465092,0.33603374059655294,False,0.15154566525275656,0.3246443491503789,False
soh60,45,81,0.07694919579211597,0.1862127923843705,0.12143455552578922,0.29846583884346345,False,0.6,0.13333333333333333,0.13333333333333333,0.13333333333333333,0.026108784667917977,0.05792359643112137,False,0.15464324450972852,0.4671511016464045,False,0.17510167989689554,0.3498800523450661,False,0.12988451302861484,0.318908604951262,False
soh60,45,82,0.08150108695224478,0.16038734986847134,0.1273000135348055,0.26544471142740844,False,0.6,0.13333333333333333,0.13333333333333333,0.13333333333333333,0.0291594565721754,0.04032179380111464,False,0.15439264741410613,0.4324624421146723,False,0.1775559291317642,0.31161576049034995,False,0.14809202102117625,0.277378849303497,False
soh60,45,83,0.1222871376649183,0.19164087894590764,0.17559444170699318,0.3174494063703188,False,0.6,0.13333333333333333,0.13333333333333333,0.13333333333333333,0.06136450447397558,0.04785970474658056,False,0.18829559504285887,0.5180169550860118,False,0.24650796250725324,0.40576759914606625,False,0.20620970480388504,0.2981533665026168,False
soh60,45,84,0.09650486149571584,0.19333842634705878,0.14783944956479297,0.30802857319227595,False,0.6,0.13333333333333333,0.13333333333333333,0.13333333333333333,0.03783676084534198,0.062263972809667674,False,0.1696249588041928,0.5038919548246427,False,0.2090034746371403,0.3295358497481002,False,0.1748926039724968,0.3364225153866934,False
soh60,45,85,0.08339759023739726,0.18075557278477944,0.12631971202397752,0.2988197518978851,False,0.6,0.13333333333333333,0.13333333333333333,0.13333333333333333,0.03434373676701983,0.0458250823698015,False,0.16010323367149612,0.4833254077399675,False,0.1680842125821852,0.35376547077669146,False,0.14274766507520886,0.31236304670507997,False
soh60,45,86,0.08172494229518742,0.1708799455173644,0.12588109749092563,0.2829327988166467,False,0.6,0.13333333333333333,0.13333333333333333,0.13333333333333333,0.031260764928629475,0.042819541746756104,False,0.15381007279396655,0.43497624875906543,False,0.17810268817764607,0.3378632373884452,False,0.14035086406346045,0.31607216737232,False
soh60,45,87,0.07647489215863827,0.18093278238745603,0.11984573231257495,0.29042708551800167,False,0.6,0.13333333333333333,0.13333333333333333,0.13333333333333333,0.026908217696996365,0.055796435952546734,False,0.15209863728890236,0.43336256218355773,False,0.167378600529101,0.35004728776549204,False,0.13299747373530005,0.32250205617041017,False
soh60,45,88,0.08054818476654202,0.19448508755110458,0.12511334983283312,0.3207485877456246,False,0.6,0.13333333333333333,0.13333333333333333,0.13333333333333333,0.029616567547923623,0.050183944471653134,False,0.16053664878511822,0.5645730657902878,False,0.17169086571290115,0.34689624459338947,False,0.13860931728538947,0.32134109612716805,False
soh60,45,89,0.08402816381862319,0.19124030538198145,0.13054932727068297,0.31425841066236415,False,0.6,0.13333333333333333,0.13333333333333333,0.13333333333333333,0.030861119873412012,0.05064818506154409,False,0.15964812140023213,0.47205552584382593,False,0.18615080175738494,0.40360273224405757,False,0.14553726605170283,0.330727199500029,False
soh60,45,90,0.07135861475596168,0.18900056228432846,0.1139548291015582,0.30267311046971124,False,0.6,0.13333333333333333,0.13333333333333333,0.13333333333333333,0.022677226932422804,0.05908907864389103,False,0.1505261453893091,0.4494763646124454,False,0.15988476240666502,0.383804655931794,False,0.12273118167783588,0.31832234269071447,False
soh60,45,91,0.07264036705560042,0.19754178776145695,0.11611864315434067,0.32376583717426,False,0.6,0.13333333333333333,0.13333333333333333,0.13333333333333333,0.022950908657040147,0.05328573128968207,False,0.14943359917974422,0.5350070197265567,False,0.16540574177465509,0.3757828361803708,False,0.12668432300592325,0.3309877615004303,False
soh60,45,92,0.0724674273219154,0.17560504451190978,0.11618561390563348,0.28584655913709056,False,0.6,0.13333333333333333,0.13333333333333333,0.13333333333333333,0.022503785511951903,0.04961474208313173,False,0.14743077853483136,0.41636806729958237,False,0.1645080047402893,0.35467681288742675,False,0.13029988683546134,0.3227266142782215,False
soh60,45,93,0.08421069427499181,0.19989942750362305,0.1269542447009505,0.3268138352106359,False,0.6,0.13333333333333333,0.13333333333333333,0.13333333333333333,0.035360922359610435,0.05485439012417981,False,0.16624284490321461,0.544409864981659,False,0.16648543924563927,0.3750069448871897,False,0.13972777229533773,0.33298414084951505,False
soh60,45,94,0.08403108053306282,0.1633787460997214,0.12825815520012487,0.2701062144933684,False,0.6,0.13333333333333333,0.13333333333333333,0.13333333333333333,0.033485852342134755,0.041404496506981976,False,0.15913519324565462,0.40973889138762204,False,0.1747111554802442,0.32150824864334493,False,0.14570041973246597,0.3077732214355246,False
soh60,45,95,0.0763175124464636,0.1749987283381958,0.12031013465867639,0.2821849276651975,False,0.6,0.13333333333333333,0.13333333333333333,0.13333333333333333,0.026040229918220432,0.052500214821622454,False,0.15286126366131783,0.4137389988963888,False,0.16779200216979506,0.33217515851792956,False,0.13454704288537223,0.33032533842484907,False
soh60,45,96,0.07802415922584961,0.1920441841638391,0.12069711464200927,0.31213294702823297,False,0.6,0.13333333333333333,0.13333333333333333,0.13333333333333333,0.029255067321667154,0.05479988374738895,False,0.15293397953832044,0.4950593160461374,False,0.16778450648389467,0.37018611789444544,False,0.13281490522415482,0.3284864704249601,False
soh60,45,97,0.07687350003337512,0.17049845052405604,0.12086665182361403,0.28392375231134137,False,0.6,0.13333333333333333,0.13333333333333333,0.13333333333333333,0.02659561227310206,0.04086953419572997,False,0.15269874700827513,0.46022380209162894,False,0.17040617190060803,0.33747450012085983,False,0.13376607611247093,0.2971271728371467,False
soh60,45,98,0.07217918170266252,0.2004437280796981,0.1149521664018314,0.312380010693803,False,0.6,0.13333333333333333,0.13333333333333333,0.13333333333333333,0.023295770617898105,0.0725165479492925,False,0.14771783049870035,0.4518291376059363,False,0.1633606385811685,0.3653855501018511,False,0.1254344259095586,0.3597888071181321,False
soh60,45,99,0.09106528628342304,0.1969702930550259,0.13444093005112778,0.3142449505674759,False,0.6,0.13333333333333333,0.13333333333333333,0.13333333333333333,0.04149312197747476,0.0629421130407973,False,0.16790644365530638,0.4784696521197866,False,0.1708785578654081,0.3690020946329546,False,0.1574855967063219,0.34656594247636524,False
soh60,45,100,0.0739881248788085,0.2120982604868423,0.1196789746861014,0.3471668551139842,False,0.6,0.13333333333333333,0.13333333333333333,0.13333333333333333,0.021770010813330905,0.05773415234153725,False,0.15723563541662008,0.5691784829432032,False,0.17567175182931669,0.4237996925583218,False,0.12403850068513796,0.3379550926128747,False
soh60,45,101,0.07664425881312453,0.1746826234520991,0.12044567229599745,0.2926220409872414,False,0.6,0.13333333333333333,0.13333333333333333,0.13333333333333333,0.026585500546984067,0.03989471769765064,False,0.15359889072632857,0.44302401677235603,False,0.17021316984118426,0.36761897433143015,False,0.1313851280694929,0.319950455147529,False
soh60,45,102,0.07277278882149717,0.18320316215905477,0.11596281303484338,0.30307484301797644,False,0.6,0.13333333333333333,0.13333333333333333,0.13333333333333333,0.023412761149101506,0.04620695546314436,False,0.1490882244748394,0.4893820290974708,False,0.1657623534975131,0.35465759443036643,False,0.1255879130179195,0.322052793080924,False
soh60,45,103,0.08066416721107525,0.16591478080367578,0.1234168101897132,0.27675255294945156,False,0.6,0.13333333333333333,0.13333333333333333,0.13333333333333333,0.03180400380691758,0.03924304120850347,False,0.15378012442913694,0.44345055415315104,False,0.16908214510288425,0.31465284491844336,False,0.1390009674199141,0.30966377151770846,False
soh60,45,104,0.07085638420761647,0.18447107686570297,0.11382444350089443,0.2965676616834777,False,0.6,0.13333333333333333,0.13333333333333333,0.13333333333333333,0.02175003072958452,0.056360694216817525,False,0.15236269085737622,0.46041428614878527,False,0.16211630344790084,0.340493602703363,False,0.11906874896871618,0.32900206366494505,False
soh60,45,105,0.07155196671266598,0.21725984445936242,0.11497496882317061,0.36073195475677283,False,0.6,0.13333333333333333,0.13333333333333333,0.13333333333333333,0.021925678586374963,0.053291718405179024,False,0.15205420726159066,0.609209717605054,False,0.16498727729386906,0.44861114547712316,False,0.12093271215084776,0.33181523753973524,False
soh60,45,106,0.08274469403047675,0.1951208534791376,0.12781144665499988,0.31445089918849695,False,0.6,0.13333333333333333,0.13333333333333333,0.13333333333333333,0.031239833888164606,0.05874365838272694,False,0.16007148875535404,0.5148412779329556,False,0.1703784136905365,0.3607553005250222,False,0.1495560502859444,0.323463359913283,False
soh60,45,107,0.07897832068495564,0.19777784615339522,0.12349650869583961,0.31068428457410957,False,0.6,0.13333333333333333,0.13333333333333333,0.13333333333333333,0.028100391529659652,0.06874191652972172,False,0.1556500498852524,0.46424538825291406,False,0.17161543335901838,0.35003283413092673,False,0.13862016000942803,0.35971699938287577,False
soh60,45,108,0.07844991906805923,0.17359498354892267,0.12192074980609872,0.28513728984444264,False,0.6,0.13333333333333333,0.13333333333333333,0.13333333333333333,0.02876896965315697,0.0461180620683284,False,0.15032973545086037,0.4465960150412122,False,0.16805242855484834,0.3316025006378874,False,0.1405318655655292,0.31623258163034257,False
soh60,45,109,0.0712451116320746,0.17271875715718926,0.11271258069353572,0.28435782489517825,False,0.6,0.13333333333333333,0.13333333333333333,0.13333333333333333,0.023853718418976183,0.04513125117091614,False,0.1475256530575538,0.4312433130415092,False,0.15793200626868076,0.34216627314020637,False,0.12153894502893216,0.31889046222808126,False
soh60,45,110,0.07046889078612371,0.17401327721630758,0.11241632781163349,0.28450574281924146,False,0.6,0.13333333333333333,0.13333333333333333,0.13333333333333333,0.022528962756969684,0.04773617367009742,False,0.14624326772354887,0.4382470741693221,False,0.1608647453451532,0.33925988871034346,False,0.12002833542086223,0.3127798347272029,False
soh60,45,111,0.0698084741742475,0.172333520462717,0.11211397250066489,0.2828131370275131,False,0.6,0.13333333333333333,0.13333333333333333,0.13333333333333333,0.021459333229770505,0.046071101531521434,False,0.14566003920574996,0.44457784302895975,False,0.16400191929491098,0.3137885809510619,False,0.11733459827222807,0.32681502259850936,False
soh60,45,112,0.06747505972747231,0.18345916751385985,0.10972539660428317,0.30202507698061964,False,0.6,0.13333333333333333,0.13333333333333333,0.13333333333333333,0.019188960439688454,0.04795527098042007,False,0.14483263413542707,0.47288521734684136,False,0.15747512018402962,0.35224232955836765,False,0.11740487165798753,0.3350174900368495,False
soh60,45,113,0.09879621064820601,0.1644116117559416,0.14455044907328618,0.28040930244702594,False,0.6,0.13333333333333333,0.13333333333333333,0.13333333333333333,0.0465056524481144,0.03184282239470237,True,0.16882679138329681,0.46816553976194614,False,0.18367602190641497,0.3269495270012763,False,0.1791933305553185,0.29467932063017904,False
soh60,45,114,0.07607218488890347,0.18907551178322785,0.12012311083042518,0.3047546669376304,False,0.6,0.13333333333333333,0.13333333333333333,0.13333333333333333,0.025728269527164352,0.056870763035339174,False,0.15600256884526847,0.4628056562062724,False,0.17034447806360675,0.3577619642139889,False,0.12841712688566115,0.3415802842949212,False
soh60,45,115,0.07362479968812737,0.1803844318840716,0.11735277669132015,0.291440201210726,False,0.6,0.13333333333333333,0.13333333333333333,0.13333333333333333,0.023649968827335614,0.05346355265360945,False,0.14710893993480584,0.43003382527637396,False,0.16686432164614573,0.34419200466219807,False,0.1317878763569934,0.33807142225072245,False
soh60,45,116,0.06901848075934769,0.20407338833139427,0.11098822929651521,0.32781710300971234,False,0.6,0.13333333333333333,0.13333333333333333,0.13333333333333333,0.021053053859727642,0.0626520001276022,False,0.1437914897914965,0.48453420622130944,False,0.16841930522142615,0.43641818947055216,False,0.11068906831341059,0.32766401621938557,False
soh60,45,117,0.0750621772659176,0.21349560544993754,0.12236827082758162,0.34829254417695266,False,0.6,0.13333333333333333,0.13333333333333333,0.13333333333333333,0.020998070338301585,0.059441961190491645,False,0.1559135697159867,0.4953054933256871,False,0.19018371774646334,0.49268119210088906,False,0.12237772550957482,0.34574153009074293,False
soh60,45,118,0.07033855345641787,0.18797342077804738,0.11248437041873562,0.3041100436144752,False,0.6,0.13333333333333333,0.13333333333333333,0.13333333333333333,0.02217190549948331,0.05524585182212991,False,0.1461266873023259,0.4746898955829166,False,0.1597991768866884,0.3604139736652519,False,0.12183971198644489,0.3260904533876023,False
soh60,45,119,0.08505276055711988,0.17600493227952688,0.1306109791968132,0.2967088068267147,False,0.6,0.13333333333333333,0.13333333333333333,0.13333333333333333,0.032986224968898956,0.03805764708274081,False,0.15530939564841828,0.4765115634900347,False,0.1736297448469978,0.36698169956167753,False,0.16051855132293769,0.30528431717240584,False
soh60,45,120,0.06408636410906489,0.1866273049237239,0.10637357777998153,0.3088354673585229,False,0.6,0.13333333333333333,0.13333333333333333,0.13333333333333333,0.015758119913731577,0.04696083356966785,False,0.14235823839588033,0.5088253699265648,False,0.15854620434495417,0.3568621580808707,False,0.10883174846536008,0.3226935078569883,False
soh60,45,121,0.06685862237223408,0.1953473301235709,0.10875848085633104,0.3201548123601554,False,0.6,0.13333333333333333,0.13333333333333333,0.13333333333333333,0.018973069818980438,0.05271020756747427,False,0.1472271147916371,0.51521433606194,False,0.15500737661042965,0.36835477684636025,False,0.11382636220427694,0.34433992896484716,False
soh60,45,122,0.06986057945933928,0.18744241415835,0.11275894943884128,0.3091502253570342,False,0.6,0.13333333333333333,0.13333333333333333,0.13333333333333333,0.020833870911336996,0.048347772788425225,False,0.14699060728563668,0.4919292538958943,False,0.1667446105207945,0.40108686052477555,False,0.11646670903759698,0.29523701421904164,False
soh60,45,123,0.07836040392267032,0.1952307553118781,0.11980067243219863,0.312107641694291,False,0.6,0.13333333333333333,0.13333333333333333,0.13333333333333333,0.03100009705463796,0.06165717087483478,False,0.1533786745929879,0.4758046379348147,False,0.1739713528944279,0.37851559047452815,False,0.12085256518674081,0.3324531674929865,False
soh60,45,124,0.07655499543531344,0.19841063689214236,0.11848452820104019,0.3057191313679599,False,0.6,0.13333333333333333,0.13333333333333333,0.13333333333333333,0.028635529417340006,0.07577235749120799,False,0.1502403638828326,0.45161650135142145,False,0.1642309736898755,0.33269339151736665,False,0.13083124581411265,0.36279427511184364,False
soh60,45,125,0.06962493104427658,0.18070108767537776,0.1129514379756745,0.2937112307338283,False,0.6,0.13333333333333333,0.13333333333333333,0.13333333333333333,0.020108923122678982,0.05154663846572,False,0.14874851223232263,0.4656082127905397,False,0.1583995013301586,0.33598853729682004,False,0.12454881521753781,0.3217015343822335,False
soh60,45,126,0.07938740194085812,0.17298561144127939,0.1220602351618284,0.2811635436952878,False,0.6,0.13333333333333333,0.13333333333333333,0.13333333333333333,0.030618449688320674,0.04935368886526978,False,0.1526880788953294,0.42993148286795063,False,0.16414779371181568,0.3163898936460721,False,0.14078661835184783,0.3289791094018586,False
soh60,45,127,0.07835781681964173,0.1748829444875245,0.12113056238908859,0.2923584401970505,False,0.6,0.13333333333333333,0.13333333333333333,0.13333333333333333,0.029474679025988187,0.04062523510520912,False,0.15178989088681963,0.47003558658846684,False,0.17581660868078072,0.36584421301669884,False,0.1274410709627658,0.2929287260778271,False
soh60,45,128,0.06856057920564207,0.17550843819354212,0.11070341894506243,0.2928853750492169,False,0.6,0.13333333333333333,0.13333333333333333,0.13333333333333333,0.02039733378916167,0.0413633675013424,False,0.14548424829041842,0.49001179849911775,False,0.15713380853632855,0.32121347876766476,False,0.11979828516434106,0.3189528554287426,False
soh60,45,129,0.07608048085854473,0.1816555609102279,0.11942752616739936,0.2932259247867436,False,0.6,0.13333333333333333,0.13333333333333333,0.13333333333333333,0.02654100050556801,0.054146573622781344,False,0.15431233345857825,0.42076753635340164,False,0.1711489190275707,0.3526206171593626,False,0.1257078516778805,0.3453689720114288,False
soh60,45,130,0.08157472065566404,0.19099854031868505,0.12675501755976679,0.3200829807280649,False,0.6,0.13333333333333333,0.13333333333333333,0.13333333333333333,0.029940095622403767,0.0434734655651081,False,0.15846642917885165,0.47234681992601374,False,0.17162976141572242,0.4242803648794904,False,0.14698378402208934,0.34023127254164737,False
soh60,45,131,0.06684353728135436,0.1699201325229323,0.10887092496291824,0.27989609664697246,False,0.6,0.13333333333333333,0.13333333333333333,0.13333333333333333,0.018812237073852774,0.04423331638117211,False,0.14282921666323697,0.4288111406997915,False,0.15914094787192856,0.3239176596306728,False,0.1147012982426547,0.3226222698762534,False
soh60,45,132,0.06750979967414728,0.1863026442813753,0.10950716368862355,0.30118675563140485,False,0.6,0.13333333333333333,0.13333333333333333,0.13333333333333333,0.019512812229031517,0.05500651702419869,False,0.14348842912175486,0.45950612487159176,False,0.15857148546632957,0.3629623397193089,False,0.11645592793737829,0.32727204091052003,False
soh60,45,133,0.08295374456463799,0.1679381684624712,0.12801677051115284,0.28711132269101614,False,0.6,0.13333333333333333,0.13333333333333333,0.13333333333333333,0.031453143482906724,0.03174027791556275,True,0.15387058880036408,0.4584853196950829,False,0.17609262454329913,0.3774885453021129,False,0.15065072521804146,0.2807311478513059,False
soh60,45,134,0.06628310354261216,0.18861155826457773,0.10782873672348721,0.3067924336105063,False,0.6,0.13333333333333333,0.13333333333333333,0.13333333333333333,0.01880237990732638,0.05354770072637368,False,0.14417845948326677,0.4943562368626914,False,0.15479521185128425,0.34200942127895567,False,0.11353889565207143,0.3372563755740044,False
soh60,45,135,0.07767132607799021,0.18422256488609431,0.12079258675664081,0.2951892104332815,False,0.6,0.13333333333333333,0.13333333333333333,0.13333333333333333,0.028389885302389548,0.057403541403594695,False,0.1506562801176028,0.43273820967342563,False,0.1707326749981302,0.35220367797209956,False,0.13339150660844065,0.33841141268400604,False
soh60,45,136,0.07097417526034845,0.20348864367964833,0.11506504324352149,0.3378195252641553,False,0.6,0.13333333333333333,0.13333333333333333,0.13333333333333333,0.020584611851007854,0.0499676361544975,False,0.14607603927639465,0.5171833833631382,False,0.1725330147145712,0.42459147282051896,False,0.12106650713211224,0.3595356087184666,False
soh60,45,137,0.07421965681819305,0.19324577165503531,0.11667877062793491,0.32029582674614554,False,0.6,0.13333333333333333,0.13333333333333333,0.13333333333333333,0.02569495532134522,0.04804570869376652,False,0.1485920444933593,0.5447692373264313,False,0.16353486255693828,0.35499432456368124,False,0.12889322014009683,0.3333740364007029,False
soh60,45,138,0.0644215863223265,0.19062988136301373,0.10619997299318107,0.31533944940052505,False,0.6,0.13333333333333333,0.13333333333333333,0.13333333333333333,0.01667485869849272,0.048104660748715125,False,0.14004864625408153,0.5246901180281185,False,0.1567681478548522,0.36215073475131576,False,0.11130823916529782,0.32641228407395073,False
soh60,45,139,0.06884815052072453,0.17927307349021998,0.10968283491680589,0.28789554588010363,False,0.6,0.13333333333333333,0.13333333333333333,0.13333333333333333,0.02217993978234582,0.05513310504463864,False,0.14355000397042542,0.454789923564819,False,0.16075360723603524,0.3171614651070818,False,0.1122477886784171,0.3244976898038752,False
soh60,45,140,0.07074514438481293,0.17713392771781877,0.11324342850712249,0.2898050685175687,False,0.6,0.13333333333333333,0.13333333333333333,0.13333333333333333,0.02217567681645914,0.048366909660961695,False,0.14578693725294264,0.4435405121174316,False,0.1617895896063061,0.3303162551101784,False,0.12322151035278206,0.336996597181703,False
soh60,45,141,0.07364819613642112,0.1946591974764068,0.11675479259342424,0.3165732336088423,False,0.6,0.13333333333333333,0.13333333333333333,0.13333333333333333,0.02438351447127469,0.05532887046790915,False,0.14759211967710956,0.4997296654516779,False,0.16349647195217157,0.37477046431555566,False,0.13154706427314117,0.33646393420022647,False
soh60,45,142,0.06821532285737572,0.17378651400526413,0.1111331685471346,0.28504742440791425,False,0.6,0.13333333333333333,0.13333333333333333,0.13333333333333333,0.01916635635479414,0.04663118783080686,False,0.14688318665582167,0.45818453378582635,False,0.1588670951843849,0.3198280191557426,False,0.11961603599353769,0.31554595685928105,False
soh60,45,143,0.07213520917841695,0.1681957960706914,0.11424009743297556,0.2777299616905803,False,0.6,0.13333333333333333,0.13333333333333333,0.13333333333333333,0.02401533688749283,0.04301389250510409,False,0.14723131368430703,0.4171850317278966,False,0.15913558896641625,0.33543846128876953,False,0.12657815019368612,0.3152824612405509,False
soh60,45,144,0.09015893721988996,0.20078328697373088,0.13451645935770876,0.3232419861233027,False,0.6,0.13333333333333333,0.13333333333333333,0.13333333333333333,0.03946462620523989,0.06083048794564884,False,0.1604654396742943,0.4763095553194661,False,0.17834024060290896,0.41552745486782533,False,0.1597955309483919,0.3403004463602704,False
soh60,45,145,0.07278046598435155,0.17738342179724545,0.11630843924296994,0.29821529039480743,False,0.6,0.13333333333333333,0.13333333333333333,0.13333333333333333,0.0230342108316448,0.03928985768574602,False,0.14876719116392115,0.49857358970691995,False,0.16270330587330628,0.3552654318890913,False,0.13072904910300756,0.2997322822974725,False
soh60,45,146,0.07326958247026143,0.17661291701957899,0.11584313749971606,0.29234393848426576,False,0.6,0.13333333333333333,0.13333333333333333,0.13333333333333333,0.024614091008027555,0.04434889248850843,False,0.14880125121477475,0.4638725792708763,False,0.16435272491310063,0.3578759768266168,False,0.12560448286296136,0.3032783053510614,False
soh60,45,147,0.06701117468019567,0.18767567968223248,0.10866882912470155,0.30816757571658926,False,0.6,0.13333333333333333,0.13333333333333333,0.13333333333333333,0.019402426743617526,0.04997065564296757,False,0.14270475549250047,0.5054011281836971,False,0.15716456130220277,0.351199264526787,False,0.11540357296048541,0.3260992545129054,False
soh60,45,148,0.07016147383617913,0.19775191048872523,0.1129502112282422,0.3251526441127101,False,0.6,0.13333333333333333,0.13333333333333333,0.13333333333333333,0.021260059673821316,0.05215107206131396,False,0.14644933014602465,0.46148287735281895,False,0.16568022579881225,0.4425289405760002,False,0.11841122929431058,0.34444768646070734,False
soh60,45,149,0.06692021954666068,0.18846333176860214,0.10911342091054108,0.31399607782022765,False,0.6,0.13333333333333333,0.13333333333333333,0.13333333333333333,0.018699417987940226,0.0449973362810302,False,0.14645710060269182,0.5508511019406135,False,0.15777055315756616,0.34515681059007225,False,0.11352661189396608,0.3149790624691945,False
soh60,45,150,0.07358032776590834,0.1924988879203331,0.11650444374791083,0.3116149216307822,False,0.6,0.13333333333333333,0.13333333333333333,0.13333333333333333,0.024524195215048356,0.05636627796553413,False,0.14753309718677252,0.4754920197892001,False,0.1629260982146943,0.3656251229451679,False,0.13103438437512815,0.3489762658232265,False
soh60,45,151,0.07306110725541183,0.1733493526338252,0.1147711198104362,0.28612854724177844,False,0.6,0.13333333333333333,0.13333333333333333,0.13333333333333333,0.02539252147824113,0.0444588445104501,False,0.15095155572519617,0.41684796385651407,False,0.16087578227800314,0.33835941446020695,False,0.12186461976030434,0.34484796613994256,False
soh60,45,152,0.06937899382067121,0.18902928715059555,0.11138943342264186,0.31666763309013507,False,0.6,0.13333333333333333,0.13333333333333333,0.13333333333333333,0.021367062846990463,0.04315689179112184,False,0.14642991510767997,0.5269793569219963,False,0.16128832503007062,0.37732998485174635,False,0.11647243070582643,0.31920429879567574,False
soh60,45,153,0.0734689477633589,0.1722211756014369,0.11700356110509187,0.29403843275992914,False,0.6,0.13333333333333333,0.13333333333333333,0.13333333333333333,0.023715103944235497,0.033001453134588604,False,0.14746107077738535,0.4606608121481071,False,0.16637021723519727,0.3839055478733678,False,0.13046785246354936,0.2985859178836531,False
soh60,45,154,0.07947747539689846,0.19064887947986556,0.12260849160089304,0.3006636818610166,False,0.6,0.13333333333333333,0.13333333333333333,0.13333333333333333,0.030184885449476076,0.06491767675855009,False,0.15219766013946318,0.44031189447684205,False,0.16215955139942614,0.34208102186302153,False,0.14589186941520685,0.3553441343456527,False
soh60,45,155,0.07573344280967731,0.20003144801395972,0.11898015078385944,0.3123351382403522,False,0.6,0.13333333333333333,0.13333333333333333,0.13333333333333333,0.02630863369632631,0.07168437346951119,False,0.1518276343632595,0.46807178777878633,False,0.16258467766762383,0.34419572578420765,False,0.13519965740822815,0.3653886659289037,False
soh60,45,156,0.0641248525134475,0.19219839722937798,0.10566856974392028,0.31190788455452423,False,0.6,0.13333333333333333,0.13333333333333333,0.13333333333333333,0.016646318535764322,0.055387554572067954,False,0.14211206339932658,0.49256876289321533,False,0.15400231976152634,0.35718929499376384,False,0.10991357727906388,0.34248592575904985,False
soh60,45,157,0.07110883993342365,0.18449044630954387,0.11430127968757593,0.30050928075844774,False,0.6,0.13333333333333333,0.13333333333333333,0.13333333333333333,0.02174605164296391,0.051897492653653704,False,0.14418435770037216,0.4082593567819372,False,0.16150719979152733,0.3996628963508011,False,0.1297675096154403,0.3422173772473991,False
soh60,45,158,0.07063450314727854,0.1873287823539744,0.11259210793485051,0.29801143697489757,False,0.6,0.13333333333333333,0.13333333333333333,0.13333333333333333,0.02268295481862485,0.06083431993006219,False,0.14737189284039656,0.46623665528288666,False,0.16366974342708537,0.33290276163641414,False,0.11664384065329529,0.3320720110502274,False
soh60,45,159,0.06634032859906318,0.17037967595903863,0.10713065759454192,0.2826646015808588,False,0.6,0.13333333333333333,0.13333333333333333,0.13333333333333333,0.019722809747087483,0.04205404667695844,False,0.1415543302759373,0.44239982871063915,False,0.15327708445636928,0.3341378490641629,False,0.11396840589877362,0.3120666818716748,False
soh60,45,160,0.06894748256415142,0.16975246265232963,0.11347410213956868,0.29246337494854174,False,0.6,0.13333333333333333,0.13333333333333333,0.13333333333333333,0.01805991733510312,0.029511420028087234,True,0.1479922235792377,0.5261571488417361,False,0.16945808964418882,0.35165053748913166,False,0.11838617799974509,0.26253439343521195,True
soh60,45,161,0.07698415526751606,0.18037449418042775,0.11984824881649168,0.29310910840493326,False,0.6,0.13333333333333333,0.13333333333333333,0.13333333333333333,0.027996619782972514,0.051534935066707185,False,0.15545978611065117,0.43890129074633877,False,0.16283729009354375,0.3355090262687534,False,0.13309929927879932,0.34649118153793373,False
soh60,45,162,0.07415127042579353,0.17213385699148068,0.11366373813860678,0.28105735024314266,False,0.6,0.13333333333333333,0.13333333333333333,0.13333333333333333,0.028994164468292668,0.04764986470386701,False,0.15046064955179356,0.4197475945678466,False,0.15547075359823248,0.33797005775898953,False,0.1197293849361084,0.3188618839418675,False
soh60,45,163,0.07742016986451827,0.17677963685820558,0.12082527968802526,0.2913191201584976,False,0.6,0.13333333333333333,0.13333333333333333,0.13333333333333333,0.027814330066224555,0.04587737022930041,False,0.1554315589930245,0.469854514418673,False,0.16326305359629298,0.33509863864401707,False,0.13679217609655905,0.31444595734200004,False
soh60,45,164,0.07029024101716776,0.18188186482951801,0.11345711440542963,0.3001550860768869,False,0.6,0.13333333333333333,0.13333333333333333,0.13333333333333333,0.02095667143058274,0.04671246911823929,False,0.14661528394804949,0.4851085869283113,False,0.16660192776191332,0.3441859838419592,False,0.11965457448117299,0.3246133044190377,False
soh60,45,165,0.06637067592483803,0.18953201614078613,0.10773928109989607,0.3056501929733744,False,0.6,0.13333333333333333,0.13333333333333333,0.13333333333333333,0.019092270010486002,0.05682552833211386,False,0.14076441371323745,0.474470407402605,False,0.1540263268177455,0.3497762741919117,False,0.11707411385811532,0.34152856196686704,False
soh60,45,166,0.07533716494173173,0.20652061121819254,0.11930870945102098,0.3335352897170922,False,0.6,0.13333333333333333,0.13333333333333333,0.13333333333333333,0.02508397121682973,0.0613609786480215,False,0.14933554088238926,0.5349424790642661,False,0.1637236722786529,0.3765399126668583,False,0.13909165342621202,0.36129778848922284,False
soh60,45,167,0.0631072047204412,0.21122297142705207,0.10442271905960199,0.3498973924185987,False,0.6,0.13333333333333333,0.13333333333333333,0.13333333333333333,0.01588947404711459,0.05273791886528453,False,0.14030181846439813,0.5594257310283984,False,0.15625531193523026,0.4487933406882612,False,0.10524427179166497,0.3386325790924504,False
soh60,45,168,0.06727463837430028,0.19522941330217275,0.10875627604196338,0.3118760534315309,False,0.6,0.13333333333333333,0.13333333333333333,0.13333333333333333,0.019867052468399607,0.06191896744004909,False,0.1471784630894933,0.4791173602327447,False,0.15455034755321506,0.36235364338623594,False,0.1134292410567455,0.34411424266709395,False
soh60,45,169,0.06549499713499478,0.18038137923105846,0.10609831458931454,0.2966013614015389,False,0.6,0.13333333333333333,0.13333333333333333,0.13333333333333333,0.019091205758629343,0.04755854246479507,False,0.14088459622694083,0.44926318981616015,False,0.1561758197658578,0.3718250071688621,False,0.10824163660583018,0.31775870615633844,False
soh60,45,170,0.07966216461056116,0.20396468632709802,0.12231277938550633,0.3245265678437676,False,0.6,0.13333333333333333,0.13333333333333333,0.13333333333333333,0.03091860486776669,0.06617967887947566,False,0.15269793360367248,0.5312111197093009,False,0.16788928104149492,0.3671503712243525,False,0.13774529802909127,0.33356510156194136,False
soh60,45,171,0.08857790050747223,0.1918907592935241,0.13142195769541046,0.3083313103947531,False,0.6,0.13333333333333333,0.13333333333333333,0.13333333333333333,0.0396132637212571,0.058815843749262416,False,0.16016184870072134,0.49856122078644044,False,0.17682421659060754,0.34144963575227005,False,0.1490885017690559,0.33449854129103934,False
soh60,45,172,0.08407314456550492,0.19624332039510803,0.12873011091252337,0.31341011588151085,False,0.6,0.13333333333333333,0.13333333333333333,0.13333333333333333,0.033036611597483855,0.06233841126779055,False,0.15359336281647226,0.5014733830666531,False,0.18496319817927717,0.34339280716894754,False,0.14332727105686013,0.3464358620226522,False
soh60,45,173,0.06778789433899501,0.18968317253250108,0.10944859916239126,0.3130003501374732,False,0.6,0.13333333333333333,0.13333333333333333,0.13333333333333333,0.020175660255113578,0.048749255269675815,False,0.14813853875063213,0.523655260011693,False,0.15926555871240353,0.35052093465327855,False,0.11021463893141581,0.32907595061524547,False
soh60,45,174,0.06797198019733597,0.19055401969068708,0.11156402440531912,0.31275399348693245,False,0.6,0.13333333333333333,0.13333333333333333,0.13333333333333333,0.01815250110249808,0.050896906780692384,False,0.1451815923792426,0.5400406751019073,False,0.17042980407256766,0.3362274342731005,False,0.11249220006696815,0.3238509577920297,False
soh60,45,175,0.07700643718747988,0.18896094914374337,0.12069464010274228,0.30582578015810846,False,0.6,0.13333333333333333,0.13333333333333333,0.13333333333333333,0.027077062427179988,0.05540114227018327,False,0.1475250241677652,0.45771341176717417,False,0.17040624748481717,0.36812162419671907,False,0.13777022633120672,0.34206694239835733,False
soh60,45,176,0.06862106903238306,0.18489840720648598,0.11145494915326658,0.3044471913761668,False,0.6,0.13333333333333333,0.13333333333333333,0.13333333333333333,0.019668063179944757,0.04827122529827936,False,0.14534957206129037,0.48723502145870906,False,0.16181234373322875,0.3601079708709966,False,0.11898981763860246,0.32217454787668226,False
soh60,45,177,0.07095462620947977,0.20609170462543225,0.11399697079952925,0.3336541191012334,False,0.6,0.13333333333333333,0.13333333333333333,0.13333333333333333,0.02176337524942323,0.060306088081659506,False,0.14748375291606847,0.5097485984805904,False,0.1646712362693381,0.4263457624724209,False,0.1220695187632872,0.33821602737026285,False
soh60,45,178,0.06610715336073753,0.17545464813128053,0.10835204747115622,0.29085294391286565,False,0.6,0.13333333333333333,0.13333333333333333,0.13333333333333333,0.017827274377401867,0.04357088152375466,False,0.14137495805072917,0.47305805269785317,False,0.16014887920122123,0.3460799525622664,False,0.1140570782552726,0.30070288886758834,False
soh60,45,179,0.06377020062336161,0.1757176027112915,0.10515445407251332,0.2890816086976028,False,0.6,0.13333333333333333,0.13333333333333333,0.13333333333333333,0.01647391096718824,0.04615873872693572,False,0.13853658316872142,0.4498797839569302,False,0.15288147731624804,0.3412636831364719,False,0.11272584483789554,0.3190242289700735,False
soh60,45,180,0.07162723474286886,0.1976749326339026,0.11338735375342468,0.318315280943112,False,0.6,0.13333333333333333,0.13333333333333333,0.13333333333333333,0.023901384445090774,0.059800248851949,False,0.14556936430882172,0.5150220458061959,False,0.1601799536027145,0.3587478407469889,False,0.12389871265707175,0.3396909883673142,False
soh60,45,181,0.06890565040070483,0.20881661866139878,0.1116835126755225,0.3430283567811579,False,0.6,0.13333333333333333,0.13333333333333333,0.13333333333333333,0.02001666494377035,0.055431775095959805,False,0.144879153990112,0.5610231801677973,False,0.16763056173123655,0.40733428544515443,False,0.11420767003697108,0.34832418641572005,False
soh60,45,182,0.06934125425835841,0.17936926874586692,0.11285542886699321,0.2977984606536402,False,0.6,0.13333333333333333,0.13333333333333333,0.13333333333333333,0.019610768991347217,0.04402162085126894,False,0.14877127380869243,0.5068100853572693,False,0.16580529911199707,0.31933532192101477,False,0.11723437355593615,0.32102681448500764,False
soh60,45,183,0.06506732265231105,0.19295794082772033,0.10599581144631158,0.3187958436088586,False,0.6,0.13333333333333333,0.13333333333333333,0.13333333333333333,0.018291906887739007,0.049143194792133804,False,0.14211801624253187,0.4962292384279868,False,0.15388791649023326,0.3878404420110251,False,0.10968540616474216,0.3419704992042887,False
soh60,45,184,0.07450686117191656,0.17733711896563228,0.11782812302378648,0.28413270162403637,False,0.6,0.13333333333333333,0.13333333333333333,0.13333333333333333,0.024996847626922357,0.05528502449888477,False,0.1504304009007926,0.4355662877442552,False,0.16772633498517045,0.3313234450329204,False,0.12815890858226056,0.3143560492200851,False
soh60,45,185,0.07210118162005384,0.19128689441307392,0.11369516157625366,0.30672713973715016,False,0.6,0.13333333333333333,0.13333333333333333,0.13333333333333333,0.02456520452725406,0.05935518547127254,False,0.14696117117508165,0.4500748213285825,False,0.16075609283793119,0.390569997772588,False,0.12249817776474774,0.32690855437615757,False
soh60,45,186,0.06344556392314399,0.1924997196295042,0.1058207704478022,0.31892307955000593,False,0.6,0.13333333333333333,0.13333333333333333,0.13333333333333333,0.015016756466391716,0.04801587972035941,False,0.13824643420579807,0.49092379830508,False,0.1646027506964368,0.40405191545552177,False,0.10541714042258228,0.3327007247190625,False
soh60,45,187,0.07815086970670265,0.1762003784981285,0.1230512096863339,0.2922095079570832,False,0.6,0.13333333333333333,0.13333333333333333,0.13333333333333333,0.02683619544426697,0.04361851625932307,False,0.15088766118718205,0.4631276210443335,False,0.17119634092971106,0.332096884641929,False,0.14328464118417547,0.3299950098827474,False
soh60,45,188,0.06605674726654231,0.18475724978549424,0.10775153403688593,0.3034618762061979,False,0.6,0.13333333333333333,0.13333333333333333,0.13333333333333333,0.018405562386149595,0.049094819590404314,False,0.14244473381976733,0.5039901060920087,False,0.1567586044134665,0.3380477385603015,False,0.11339723552816032,0.3227148405820771,False
soh60,45,189,0.06765731336270234,0.20661363729825197,0.11073199487861055,0.3405370291522736,False,0.6,0.13333333333333333,0.13333333333333333,0.13333333333333333,0.01842910591595008,0.05355833232222727,False,0.1447651224359966,0.5578895971164797,False,0.16187168808336924,0.41106670978901816,False,0.11786206307912629,0.3396334773813692,False
soh60,45,190,0.0730564726450042,0.18028198091403572,0.11568804542202157,0.2941316083658561,False,0.6,0.13333333333333333,0.13333333333333333,0.13333333333333333,0.024334675185555776,0.05016812096909814,False,0.14712105680471785,0.4496842860384664,False,0.16237641402096495,0.35487255473544593,False,0.12892003567684773,0.321801471720414,False
soh60,45,191,0.07340653960766175,0.1937125928571421,0.11629487018701495,0.31936370558860483,False,0.6,0.13333333333333333,0.13333333333333333,0.13333333333333333,0.02439130465982952,0.05011132116404185,False,0.1488150707935305,0.5232165581514602,False,0.16141390303054715,0.3760941172116148,False,0.1305592022641526,0.3280328258273025,False
soh60,45,192,0.08164371513848981,0.19378124521106213,0.12321696521097011,0.30930739737995017,False,0.6,0.13333333333333333,0.13333333333333333,0.13333333333333333,0.034131429341369444,0.06175135701804723,False,0.15327041443450085,0.47690014209876685,False,0.16825577522421722,0.35124984073978954,False,0.13721024184379296,0.3473282496631971,False
soh60,45,193,0.072350373604651,0.19167882401229686,0.11424105171815033,0.3150327484152929,False,0.6,0.13333333333333333,0.13333333333333333,0.13333333333333333,0.02447531290350894,0.05070291040887285,False,0.1472846819035882,0.5033116604212903,False,0.15876472352878354,0.35869886863357997,False,0.1264394885367206,0.3474175541974284,False
soh60,45,194,0.08489891566322183,0.17786386144161476,0.12923761301467715,0.29186018921525386,False,0.6,0.13333333333333333,0.13333333333333333,0.13333333333333333,0.03422611869013004,0.04758234398602719,False,0.15305607870486965,0.44736450609532125,False,0.1716047890311492,0.34668576876064106,False,0.15806346563255966,0.32580813801902603,False
soh60,45,195,0.07591653989728733,0.1955809935333902,0.12086063039959824,0.32838823126187366,False,0.6,0.13333333333333333,0.13333333333333333,0.13333333333333333,0.02455186503750343,0.043801293272266215,False,0.15263695741455072,0.5076724882124093,False,0.17719230959959822,0.4392425778803564,False,0.12906138954674065,0.32283656568246283,False
soh60,45,196,0.06566790767819253,0.18123824994108037,0.10747016573720666,0.29418812888631424,False,0.6,0.13333333333333333,0.13333333333333333,0.13333333333333333,0.017893898467890645,0.05215267400367022,False,0.144629878563074,0.4534758015796366,False,0.15394793415922509,0.3436545963980418,False,0.11340895175863695,0.32746944356390834,False
soh60,45,197,0.060630914523009505,0.17692907675941708,0.10068765394394821,0.29279295286552054,False,0.6,0.13333333333333333,0.13333333333333333,0.13333333333333333,0.014851783756222411,0.0445132183524417,False,0.13715979855234803,0.4472305544689326,False,0.14842650333116414,0.3403511230022997,False,0.10231253013605827,0.33907691563840814,False
soh60,45,198,0.06697925016892058,0.1780765436325224,0.10851253720599711,0.2928033420458007,False,0.6,0.13333333333333333,0.13333333333333333,0.13333333333333333,0.01951263641226167,0.04696020258877573,False,0.14042830502941236,0.4442888042523379,False,0.15415572060490154,0.33804689575113683,False,0.11995348677741287,0.3419174655909525,False
soh60,45,199,0.08150106007798745,0.18777531977997414,0.12529904517092258,0.3116905340932484,False,0.6,0.13333333333333333,0.13333333333333333,0.13333333333333333,0.03144621997177585,0.04615793199337501,False,0.15274074764849974,0.49906062811825375,False,0.17380808898087804,0.36140457642961793,False,0.14320112408253674,0.34013899983174684,False
soh60,45,200,0.08379653557898077,0.17289122296884604,0.12669390023339336,0.28101696403845966,False,0.6,0.13333333333333333,0.13333333333333333,0.13333333333333333,0.034770975973937836,0.049318947460716224,False,0.15735594262679128,0.41145234908079115,False,0.1694031044893313,0.33402117786652913,False,0.145245577843513,0.3292753817458021,False
soh60,46,1,0.22038489449668264,0.34122400948763226,0.3067399474850197,0.5305754249256109,True,0.6,0.13333333333333333,0.13333333333333333,0.13333333333333333,0.12169340536715459,0.12482239184422796,True,0.293134148680342,0.7986489017854983,True,0.4027066819095992,0.6854322062618259,True,0.4094255539829829,0.5133981998108919,True
soh60,46,2,0.21532859526172654,0.29948976719455067,0.3178945263576373,0.44959975450585016,True,0.6,0.13333333333333333,0.13333333333333333,0.13333333333333333,0.09811038829497137,0.1279354959816371,False,0.2633212898321604,0.6296047790461922,True,0.4765232287069861,0.535104257512368,True,0.43362319859643145,0.5057544854832032,True
soh60,46,3,0.24610979070271688,0.2644387009100692,0.3397489053292724,0.39071357127539413,True,0.6,0.13333333333333333,0.13333333333333333,0.13333333333333333,0.13909365970093912,0.12012456334969789,True,0.32303879284759085,0.5650647337550386,True,0.4948301348292213,0.450992716971604,True,0.4020330339393383,0.426672271025236,True
soh60,46,4,0.15328827654755442,0.22818609094892106,0.21660543628933998,0.3600372722381837,True,0.6,0.13333333333333333,0.13333333333333333,0.13333333333333333,0.08092580827122804,0.07749902661833519,True,0.2225020542368262,0.5341045032145529,True,0.27039125078824733,0.4236293128292376,True,0.2926026318610584,0.40491624629060907,True
soh60,46,5,0.164615696577748,0.23575756354219077,0.23579733002756514,0.37548014132309265,False,0.6,0.13333333333333333,0.13333333333333333,0.13333333333333333,0.08326525834938554,0.07607461750687429,True,0.22999789548695823,0.5503652410330685,False,0.31786809181507253,0.4749734379214203,False,0.31205807445884426,0.40050726883100757,True
soh60,46,6,0.14550058928691878,0.22478876966198874,0.2031800448997532,0.35516786966894665,True,0.6,0.13333333333333333,0.13333333333333333,0.13333333333333333,0.07958121144367945,0.07578408393975111,True,0.2176855142453098,0.5256905852714678,True,0.24103742671182737,0.43208213141381996,False,0.27441602719819613,0.3871146780507478,True
soh60,46,7,0.1566930368357127,0.2275636457561789,0.21230035450540888,0.3494427898689052,False,0.6,0.13333333333333333,0.13333333333333333,0.13333333333333333,0.09314181664177425,0.08827319534163461,False,0.20973840849486033,0.49493471830545355,True,0.24827792936160406,0.40447047578893636,True,0.29804326352339683,0.4100927700395962,False
soh60,46,8,0.12092853649768127,0.21676630178356637,0.17784082749556487,0.3510454206441318,True,0.6,0.13333333333333333,0.13333333333333333,0.13333333333333333,0.055885918214385745,0.06330445165720591,True,0.19318619200195294,0.5477556200849253,False,0.22166726352398317,0.4068367210190606,False,0.24062393624193765,0.3862848898153355,True
soh60,46,9,0.1242729571356308,0.21469140263253583,0.17810342882950383,0.3423468728824796,True,0.6,0.13333333333333333,0.13333333333333333,0.13333333333333333,0.06275241805691874,0.06879943663260008,False,0.1998131721661867,0.49656957488466474,False,0.22185327660487733,0.41203893499174,False,0.22799484849003263,0.3919795450209136,False
soh60,46,10,0.12053393168350571,0.2035777016965834,0.17423617568671124,0.3196778875269869,True,0.6,0.13333333333333333,0.13333333333333333,0.13333333333333333,0.05915993853698513,0.07089177503326508,False,0.18969943854872298,0.4822963893528578,True,0.21423459849560267,0.34894187584316966,True,0.23385072716553415,0.3765815098786552,True
soh60,46,11,0.13721963283444777,0.21445796414510787,0.1956676312584063,0.3390858351498945,False,0.6,0.13333333333333333,0.13333333333333333,0.13333333333333333,0.07042192034992374,0.07202611156820891,False,0.19806125711900344,0.46417456959236775,True,0.22318828822109227,0.3677535585041298,False,0.2909990593436058,0.45238910093487145,False
soh60,46,12,0.1216418475152714,0.2293495012545053,0.17809572372770127,0.3695876583034755,False,0.6,0.13333333333333333,0.13333333333333333,0.13333333333333333,0.05712313184392299,0.0690773217699679,False,0.19130906110991183,0.5321560012464664,False,0.22887665212986705,0.45130058942783036,False,0.23507404982710323,0.4258167207696373,False
soh60,46,13,0.13714185613296298,0.20491124639048508,0.19154501492961418,0.3232073582001742,False,0.6,0.13333333333333333,0.13333333333333333,0.13333333333333333,0.07496681750821874,0.06971569003655471,False,0.19003087321241663,0.45960944042805113,True,0.22126619625161895,0.3673383350672365,False,0.27991617274620245,0.3961659672688544,False
soh60,46,14,0.1093609826263382,0.19104959237463437,0.16132902621964257,0.3121000583298038,True,0.6,0.13333333333333333,0.13333333333333333,0.13333333333333333,0.049968932805418934,0.052706202711583626,True,0.187474564579178,0.48287598401412235,False,0.21078125006845957,0.37864172312279565,False,0.19709135742551373,0.3341763234707135,True
soh60,46,15,0.11352249461506779,0.18829241539807137,0.16373629493486794,0.30198213523620737,True,0.6,0.13333333333333333,0.13333333333333333,0.13333333333333333,0.05613529424958192,0.05836130701163024,False,0.18858766162335805,0.48860626530254314,False,0.20292342934183272,0.3365454169360886,True,0.20729879452469904,0.32441555169456754,True
soh60,46,16,0.10319678028857551,0.18342181584813833,0.15395840853864934,0.30345280648890227,True,0.6,0.13333333333333333,0.13333333333333333,0.13333333333333333,0.045183490859919725,0.04624354083012238,True,0.17664211182233527,0.4932531247030873,False,0.20218199052460642,0.36151202215797235,False,0.19182604094773592,0.3128025382644271,True
soh60,46,17,0.12805041015483343,0.2185185701296718,0.17356345246851726,0.33770964097930717,False,0.6,0.13333333333333333,0.13333333333333333,0.13333333333333333,0.07603550465348045,0.08230020344437429,False,0.19296117424647105,0.5029594725147603,False,0.19900160488170895,0.38688134677110303,False,0.22625552609240862,0.37869754118699106,False
soh60,46,18,0.11205191781643055,0.21468759750302702,0.16283209623646328,0.33921498186937404,False,0.6,0.13333333333333333,0.13333333333333333,0.13333333333333333,0.05401742819353603,0.07237058679863045,False,0.18164359243495368,0.5137566833158811,False,0.21325668803489983,0.39890093036152446,False,0.20241067628246354,0.37183172700146017,False
soh60,46,19,0.11100405525854709,0.19050058187098998,0.1629259468015916,0.3129738943256343,False,0.6,0.13333333333333333,0.13333333333333333,0.13333333333333333,0.05166475063792482,0.05053108192282501,False,0.18266799405128564,0.4906820680666897,False,0.20916854604558024,0.37923334821906973,False,0.20820249647157565,0.331449079093953,False
soh60,46,20,0.15390593575061232,0.20471774389788983,0.21758905683116664,0.3289657831809589,False,0.6,0.13333333333333333,0.13333333333333333,0.13333333333333333,0.0811252259442645,0.06271998471723943,False,0.2016188281921416,0.46520928090232944,False,0.28627144881204863,0.38387867905996403,False,0.3013407243762119,0.4040551880443029,False
soh60,46,21,0.1280509824026379,0.1856490031198471,0.1771851745266055,0.30770090964576813,False,0.6,0.13333333333333333,0.13333333333333333,0.13333333333333333,0.07189761997524638,0.046161109947365934,True,0.1990798224450362,0.49091335595478885,False,0.2211742001004292,0.37808353846832515,False,0.2165890555857103,0.3156456342125927,False
soh60,46,22,0.1070624155794375,0.17626455569447858,0.16133285781143744,0.2864559526397208,True,0.6,0.13333333333333333,0.13333333333333333,0.13333333333333333,0.04503905302858046,0.05033153061420176,False,0.1789642399027267,0.4360723551294332,True,0.23037173738628877,0.33972654076670944,False,0.19095640092815377,0.31969338404853886,False
soh60,46,23,0.1052359755195286,0.20140508235489157,0.1554032650058092,0.32753598201295625,False,0.6,0.13333333333333333,0.13333333333333333,0.13333333333333333,0.04790193039235078,0.0572554827456748,False,0.17695509939264745,0.5004139067025322,False,0.1906507135791061,0.3633386429854153,False,0.20610531665913245,0.3891358956182028,False
soh60,46,24,0.12923801527253184,0.22837336504207206,0.17748517422471136,0.34565032179441924,False,0.6,0.13333333333333333,0.13333333333333333,0.13333333333333333,0.07409840504146956,0.09434255732510385,False,0.19712202133815104,0.47891065177214864,False,0.209739535105116,0.4108190678077461,False,0.22898073541410882,0.39852901027267845,False
soh60,46,25,0.10832325369759153,0.19555278020260747,0.1541409297390895,0.31308649383886566,False,0.6,0.13333333333333333,0.13333333333333333,0.13333333333333333,0.05596019536445102,0.06122853604688385,False,0.18025697682223507,0.4751390953252574,False,0.19288239570336763,0.3742049235475609,False,0.1874641510663042,0.3417734204357605,False
soh60,46,26,0.10167899892484562,0.17816128265511483,0.15117864427566463,0.2929925104741965,False,0.6,0.13333333333333333,0.13333333333333333,0.13333333333333333,0.04510797566676676,0.046925593719021434,False,0.17047086856328045,0.427530459990753,True,0.19728503420830093,0.35650638908250043,False,0.1918506986643104,0.3410075991045112,False
soh60,46,27,0.09892766871769335,0.20687160127605103,0.1485452699213839,0.3402849504349438,False,0.6,0.13333333333333333,0.13333333333333333,0.13333333333333333,0.04222183877061845,0.05439920223731649,False,0.16906981223967177,0.5322864714260928,False,0.19178775506775636,0.40879994612069664,False,0.19110167360748898,0.36565418195566907,False
soh60,46,28,0.0963424161537769,0.18238166623849894,0.14451588227102594,0.29313058289749816,False,0.6,0.13333333333333333,0.13333333333333333,0.13333333333333333,0.04128702630549229,0.055811475771071324,False,0.16566367453336517,0.4355331368776947,False,0.19097486092817914,0.3346134255934345,True,0.1801379673170671,0.3465642933477921,False
soh60,46,29,0.10050022713199018,0.19004547525871782,0.1486409964353155,0.31818288473750006,False,0.6,0.13333333333333333,0.13333333333333333,0.13333333333333333,0.04548220507104696,0.04360272156868096,True,0.17172584922932174,0.4968747025578553,False,0.19469330815571376,0.39995478998675044,False,0.18266262328517954,0.3322993248367135,False
soh60,46,30,0.11425707869405902,0.2253993829328906,0.16221667555933236,0.3498205812221046,False,0.6,0.13333333333333333,0.13333333333333333,0.13333333333333333,0.05944611084803233,0.0832037277452175,False,0.1805713131244494,0.47023226411586555,False,0.1935771608903891,0.3949720734708644,False,0.21527211737445862,0.4508742595564708,False
soh60,46,31,0.09967400061621005,0.17781061112388696,0.14912115532505774,0.291522151743631,False,0.6,0.13333333333333333,0.13333333333333333,0.13333333333333333,0.04316296666324129,0.04785456470132234,False,0.17280536719594228,0.460946234116544,False,0.19391063542687959,0.3398572969717102,False,0.18660565201416776,0.3174305111849475,False
soh60,46,32,0.11164798223696934,0.17942078616425644,0.15963424065764847,0.2962774768715909,False,0.6,0.13333333333333333,0.13333333333333333,0.13333333333333333,0.05680654404190748,0.04587028249873135,False,0.17939545105070276,0.4769509846869259,False,0.19074022726272852,0.3468854738411365,False,0.21159474027525513,0.31540316645956973,False
soh60,46,33,0.11527576993591422,0.16608795102487123,0.1680735575702038,0.2818005107654157,True,0.6,0.13333333333333333,0.13333333333333333,0.13333333333333333,0.05493544121101182,0.033845025607106186,True,0.18119239237342225,0.44797554717553295,False,0.20855195617459063,0.35797332242517604,False,0.22761444052179058,0.2874081478538474,True
soh60,46,34,0.09402063250736235,0.20354997794931004,0.14029808191131682,0.33011228715262114,False,0.6,0.13333333333333333,0.13333333333333333,0.13333333333333333,0.04113211890284295,0.05890733885981165,False,0.16617351323208493,0.5385324248464919,False,0.17995436091718475,0.3726776478913781,False,0.1739323345931547,0.3503317370128029,False
soh60,46,35,0.09711947281912908,0.17186621949982864,0.14582721704820623,0.2838187243416312,False,0.6,0.13333333333333333,0.13333333333333333,0.13333333333333333,0.04145347941446947,0.04392049968062571,False,0.16944333642635004,0.42416390473155813,True,0.19857170622888928,0.35343435965311776,False,0.17384034612311614,0.31375613330122315,False
soh60,46,36,0.12480460503511591,0.19548204203685443,0.17808756386947466,0.32990787732792193,False,0.6,0.13333333333333333,0.13333333333333333,0.13333333333333333,0.06390979493870588,0.041852515989920167,False,0.17843108691781773,0.522623511172546,False,0.2131527868435319,0.42801406702348993,False,0.25685658677784323,0.3271414151257316,False
soh60,46,37,0.09373467014748108,0.17922516019240323,0.13999134944147879,0.2915021666639378,False,0.6,0.13333333333333333,0.13333333333333333,0.13333333333333333,0.04086989381148369,0.05090858136779232,False,0.16670886163668133,0.46558683752527125,False,0.1791069025263247,0.31898744781546395,True,0.17327973979142539,0.3305257999472236,False
soh60,46,38,0.09519438686424384,0.1912101411552674,0.1446054434715429,0.31160066138081227,False,0.6,0.13333333333333333,0.13333333333333333,0.13333333333333333,0.038724607884473496,0.0536209751832161,False,0.16379846623979658,0.47855392686546794,False,0.18660119460785193,0.36921803806040104,False,0.1892975051540495,0.3450097054141641,False
soh60,46,39,0.10156434377185901,0.21194598113958318,0.14938465628089764,0.3496831522887992,False,0.6,0.13333333333333333,0.13333333333333333,0.13333333333333333,0.046912558047243424,0.0545320712547648,False,0.17255687041653367,0.5544577801148823,False,0.19294577461294682,0.41904171310416233,False,0.1851234220468667,0.3707010446813875,False
soh60,46,40,0.1167403134955094,0.2775650753213587,0.17386281503093795,0.4712172849034756,False,0.6,0.13333333333333333,0.13333333333333333,0.13333333333333333,0.05145745459787677,0.056248264370367965,False,0.20249873613348254,0.8195503812358563,False,0.24668158513916374,0.6319573647028464,False,0.19481348425322872,0.3771131293048318,False
soh60,46,41,0.09608656681783506,0.1992842841769003,0.1433013464044155,0.3167589131116901,False,0.6,0.13333333333333333,0.13333333333333333,0.13333333333333333,0.042126818718885996,0.06502756539428342,False,0.16800332546887012,0.4991980043498758,False,0.1885149959140814,0.36438287995579444,False,0.17456024551582452,0.33842720274680665,False
soh60,46,42,0.09886104465646071,0.1889689366812146,0.14951667642496613,0.3102267906874602,False,0.6,0.13333333333333333,0.13333333333333333,0.13333333333333333,0.04096889406388311,0.05038853210264822,False,0.17507003675459298,0.4656987132891475,False,0.20257745914310454,0.37071686947701354,False,0.17945031573828385,0.35410304788103136,False
soh60,46,43,0.10536357350045235,0.17857346343966884,0.1522675406883565,0.2951506597104681,False,0.6,0.13333333333333333,0.13333333333333333,0.13333333333333333,0.05175903957141906,0.04534238198732681,False,0.171975826869927,0.4724635658351752,False,0.18944990451907065,0.3426722898014177,False,0.19588539179300923,0.32012440121795277,False
soh60,46,44,0.08654597194125757,0.18558433015409875,0.13175897709758352,0.3048929830577702,False,0.6,0.13333333333333333,0.13333333333333333,0.13333333333333333,0.03487396604831363,0.04923158397847432,False,0.1597160303526706,0.4887535165634891,False,0.17497804048037469,0.34900062053898995,False,0.15746787150897518,0.3325862111501274,False
soh60,46,45,0.09239728471391394,0.20128076980616702,0.13867084544832786,0.3320953622485746,False,0.6,0.13333333333333333,0.13333333333333333,0.13333333333333333,0.03951321530315517,0.05177837844341543,False,0.16847774310322436,0.5204245255716771,False,0.17911229104880574,0.4167002851880673,False,0.1675801323381262,0.3394782597911388,False
soh60,46,46,0.0963530675562713,0.19830940930839322,0.14264147580893677,0.3217440288317762,False,0.6,0.13333333333333333,0.13333333333333333,0.13333333333333333,0.04345202955322503,0.05724127271024122,False,0.1660508170018311,0.5070287059808284,False,0.18818817144453762,0.40306448340250967,False,0.17287488523615335,0.3196416532335256,False
soh60,46,47,0.10268089498854487,0.17659149537636995,0.150442691985613,0.2967453630107085,False,0.6,0.13333333333333333,0.13333333333333333,0.13333333333333333,0.04809598413475273,0.03927278950855451,False,0.17762614505638197,0.48878397984704386,False,0.19294131052676344,0.3567776069685116,False,0.1831073282245538,0.3021470757187239,False
soh60,46,48,0.08523142384736179,0.2070015503347394,0.1300519875855071,0.338474116729273,False,0.6,0.13333333333333333,0.13333333333333333,0.13333333333333333,0.03400792243233862,0.05674718874098671,False,0.15747886115112342,0.5274228054931654,False,0.17723610024659528,0.4301529147039826,False,0.15148506651197105,0.3395735579789574,False
soh60,46,49,0.0961368622056495,0.1907714919382852,0.14013340565710888,0.312620990361268,False,0.6,0.13333333333333333,0.13333333333333333,0.13333333333333333,0.04585509826112451,0.051514922312019096,False,0.16493735214561464,0.5183526171804047,False,0.18058916648314685,0.35776407920305636,False,0.16915200573854947,0.3228523427495919,False
soh60,46,50,0.08577041689570859,0.19881029366097858,0.13172813483638673,0.3220216755572642,False,0.6,0.13333333333333333,0.13333333333333333,0.13333333333333333,0.03324731067779071,0.0579972857795093,False,0.16030770763312838,0.5053038523375205,False,0.17765835344449862,0.3923753996735611,False,0.15569916759012928,0.3324101644384658,False
soh60,46,51,0.08882662164443231,0.19268146361296298,0.1340570497383258,0.32251959675514497,False,0.6,0.13333333333333333,0.13333333333333333,0.13333333333333333,0.03713470382283972,0.04429502573618356,False,0.1605629431030516,0.5476667073582843,False,0.17187456254586278,0.3785659911985062,False,0.16665598948154917,0.3195506627276059,False
soh60,46,52,0.10332935018837525,0.18971222591167375,0.15019316977816152,0.314349496452067,False,0.6,0.13333333333333333,0.13333333333333333,0.13333333333333333,0.04977069922861951,0.04726963100836716,False,0.17264458632283616,0.508299577940239,False,0.18595321273505783,0.3805345435946074,False,0.19240418082613261,0.3212942332650545,False
soh60,46,53,0.09120621718107366,0.20452828342431673,0.13874989802355023,0.33155523825753636,False,0.6,0.13333333333333333,0.13333333333333333,0.13333333333333333,0.03687058193252902,0.059354620757780044,False,0.1608234857681767,0.5450828368547406,False,0.18947633676375994,0.36875724817853794,False,0.16782918762973523,0.3530262472390869,False
soh60,46,54,0.08816080619209544,0.19265676443447907,0.133901270424437,0.3199319364219324,False,0.6,0.13333333333333333,0.13333333333333333,0.13333333333333333,0.03588598992656224,0.04719942502024671,False,0.16398065848694038,0.5208124553820298,False,0.1787786094202469,0.37240952100737407,False,0.15695982386399854,0.339306344278079,False
soh60,46,55,0.08800307209952882,0.20589916368065764,0.132262641619474,0.3329448631620479,False,0.6,0.13333333333333333,0.13333333333333333,0.13333333333333333,0.03742070693387722,0.06070407855906876,False,0.16375203029825833,0.5160115005492186,False,0.1787491715536973,0.4190599063652523,False,0.14912865769206307,0.33600396717465203,False
soh60,46,56,0.08553920982328896,0.19302347782735318,0.13015693996992114,0.3210245824333596,False,0.6,0.13333333333333333,0.13333333333333333,0.13333333333333333,0.034547518227137884,0.046736501134774476,False,0.15816002429064965,0.4872311500954029,False,0.17564319077871435,0.4188679412506379,False,0.15227702658318268,0.3312627372526229,False
soh60,46,57,0.0902132720557752,0.20717139542159535,0.13453138511868545,0.34026176413329273,False,0.6,0.13333333333333333,0.13333333333333333,0.13333333333333333,0.039563999983877794,0.055068116893941185,False,0.16807832667032332,0.5673205849270188,False,0.16967751305974252,0.39268919903040356,False,0.16080570076079817,0.34596915568180747,False
soh60,46,58,0.09672220095522667,0.19841605239884794,0.14303123940693982,0.331972787002518,False,0.6,0.13333333333333333,0.13333333333333333,0.13333333333333333,0.04379758558184023,0.04577978428036785,False,0.16846822572689854,0.5634897340890382,False,0.17898855010388628,0.40252236584847917,False,0.18087059621513424,0.3160992637921868,False
soh60,46,59,0.09820741603749028,0.19478369888947228,0.14747317051236974,0.31987321424304216,False,0.6,0.13333333333333333,0.13333333333333333,0.13333333333333333,0.041903696637628024,0.05182425277110673,False,0.18601793739476466,0.4841736000759751,False,0.203444355439678,0.41519968617587305,False,0.15852669257740828,0.3282953179492138,False
soh60,46,60,0.08305185587232927,0.21166766300635548,0.1271000616160101,0.34932113483362753,False,0.6,0.13333333333333333,0.13333333333333333,0.13333333333333333,0.03271104930812261,0.054349409489473186,False,0.1592175244657805,0.6056137782378653,False,0.17066954350630992,0.4005878370604537,False,0.14580212918382734,0.3367335145467179,False
soh60,46,61,0.09995692097200949,0.20280907620542327,0.1451540130200649,0.3304265193383494,False,0.6,0.13333333333333333,0.13333333333333333,0.13333333333333333,0.0483031014885176,0.0569605697677935,False,0.16727009511652072,0.5528263570747337,False,0.18220836097784407,0.37807625511342985,False,0.18283449449737718,0.33384289539744033,False
soh60,46,62,0.10467507803307399,0.20257001640492714,0.1551732397382643,0.33104671005604885,False,0.6,0.13333333333333333,0.13333333333333333,0.13333333333333333,0.046962893227142206,0.055739509375073756,False,0.1696731332420495,0.5012816033079021,False,0.1827387326927233,0.40072590155953725,False,0.2213181997911422,0.3664398259816824,False
soh60,46,63,0.073411357947835,0.19829970827644627,0.1166070938447579,0.3255092130711128,False,0.6,0.13333333333333333,0.13333333333333333,0.13333333333333333,0.024044802637065956,0.052917417082541655,False,0.14875518063519214,0.4989609407919993,False,0.16318439221389439,0.4087104114628944,False,0.13044399989287916,0.34144808294701595,False
soh60,46,64,0.08428125064604658,0.22103497882883893,0.12999460106069277,0.35772590504439145,False,0.6,0.13333333333333333,0.13333333333333333,0.13333333333333333,0.032037421600736644,0.06481677743963604,False,0.15894701203785674,0.5809927001584266,False,0.17391082650104242,0.427848408926326,False,0.1550831441031353,0.3572457336531772,False
soh60,46,65,0.08445866332693845,0.24459159936530056,0.13172224156022883,0.3994655190093944,False,0.6,0.13333333333333333,0.13333333333333333,0.13333333333333333,0.030443145346035146,0.0675928340577647,False,0.15886274007196105,0.6127137868894402,False,0.19017159841374523,0.539969368708453,False,0.14741148240917393,0.37758608638191976,False
soh60,46,66,0.08254819681753106,0.21569499539468356,0.1271899488561033,0.3445343411626753,False,0.6,0.13333333333333333,0.13333333333333333,0.13333333333333333,0.03152905163059138,0.06845002880269307,False,0.155325652927896,0.5507420170984437,False,0.17218446857662817,0.3895893927968004,False,0.14972062228929758,0.36935592595276384,False
soh60,46,67,0.08329284526498751,0.19323747666273283,0.12804983537280837,0.30359845051015977,False,0.6,0.13333333333333333,0.13333333333333333,0.13333333333333333,0.03214199942747794,0.0671106494085306,False,0.15600959213135945,0.45825916591028854,False,0.18182578625784587,0.344792727182514,False,0.14222196367455023,0.344231259539306,False
soh60,46,68,0.07752327655986319,0.19163079135087605,0.12037674347115704,0.3101743724966255,False,0.6,0.13333333333333333,0.13333333333333333,0.13333333333333333,0.02854788580409877,0.056152412898590916,False,0.14977870117705555,0.46677908328769974,False,0.16756221272894256,0.38864746307840753,False,0.1356181741745313,0.3291185307218039,False
soh60,46,69,0.08267414564381928,0.1923324023584432,0.13035872641969798,0.3153444560046986,False,0.6,0.13333333333333333,0.13333333333333333,0.13333333333333333,0.02817748189995792,0.051747198191294135,False,0.1569019551249098,0.4958249544348443,False,0.18588136099469144,0.38201190954449765,False,0.15047410765923272,0.3317937618481584,False
soh60,46,70,0.104519364804016,0.20178086015591326,0.1554109274025312,0.3274536976430981,False,0.6,0.13333333333333333,0.13333333333333333,0.13333333333333333,0.04635757897714148,0.05815476017055915,False,0.16560604597625467,0.5184197516920077,False,0.2001933523048044,0.40379278208364905,False,0.2094867323519243,0.3294474966261765,False
soh60,46,71,0.08731957340398472,0.1943793777997804,0.13208953221514305,0.31397760094939414,False,0.6,0.13333333333333333,0.13333333333333333,0.13333333333333333,0.03615390619123237,0.057695694200221866,False,0.15920751736510938,0.49545919721443904,False,0.1701548712521498,0.35970867496245645,False,0.16284183405208064,0.34304683742045916,False
soh60,46,72,0.079499506229771,0.21482246670476576,0.12366474122503801,0.3526250859896664,False,0.6,0.13333333333333333,0.13333333333333333,0.13333333333333333,0.02902495194946585,0.05733375895059361,False,0.15408070036546417,0.5960935324637043,False,0.17133668741280875,0.40310540448694115,False,0.14021662517241332,0.35396764805742653,False
soh60,46,73,0.09250837178518859,0.20194530964659602,0.1369354463801841,0.3361736395080521,False,0.6,0.13333333333333333,0.13333333333333333,0.13333333333333333,0.04173457224805088,0.04854150409064624,False,0.1647048873413463,0.542279074388644,False,0.17765114765971113,0.43073949029167496,False,0.16365117827162803,0.3231344892612433,False
soh60,46,74,0.08906253595336155,0.22125975065095174,0.13673214465623343,0.35615932878137424,False,0.6,0.13333333333333333,0.13333333333333333,0.13333333333333333,0.03458298315007943,0.0670888042161832,False,0.16158956853946918,0.4896750302082668,False,0.18526924052394,0.48882130664951756,False,0.1654867864114451,0.37905217405152936,False
soh60,46,75,0.09541503200670637,0.21547467147818467,0.1438039810642264,0.3518857519001211,False,0.6,0.13333333333333333,0.13333333333333333,0.13333333333333333,0.04011337594096919,0.05957629385311438,False,0.16936085646685395,0.5746295190658607,False,0.18548204743275343,0.428139535300434,False,0.180259644416329,0.3451976593810755,False
soh60,46,76,0.07488137759125567,0.19171447909639008,0.11774908625970384,0.31440068807764987,False,0.6,0.13333333333333333,0.13333333333333333,0.13333333333333333,0.025889710541600604,0.05150166883209321,False,0.14974990053014872,0.5063856380907964,False,0.16255304007694923,0.3723066821348739,False,0.13280369389011684,0.3274087632528359,False
soh60,46,77,0.07818796295686292,0.20449039340970654,0.12163483644937831,0.3355883909652179,False,0.6,0.13333333333333333,0.13333333333333333,0.13333333333333333,0.02853439325113107,0.0546641104891221,False,0.15330988077688476,0.5499945158091386,False,0.16631803777002205,0.3819416699522375,False,0.1383770339994753,0.35575326761037346,False
soh60,46,78,0.0836076711374341,0.2365153969484457,0.12934514365224695,0.37319307941057733,False,0.6,0.13333333333333333,0.13333333333333333,0.13333333333333333,0.03133627397764801,0.08031233127743816,False,0.15543548020754613,0.6016432810276476,False,0.1699783971136034,0.40820477004280215,False,0.1606304233101902,0.40261193529442135,False
soh60,46,79,0.07607251825307004,0.20842170962137185,0.1179656185800004,0.3343603383555226,False,0.6,0.13333333333333333,0.13333333333333333,0.13333333333333333,0.028194689308006757,0.0644918482109139,False,0.14727935446739226,0.5218774070546746,False,0.1619946140062587,0.40453838660961255,False,0.13439381653834395,0.3465337115468894,False
soh60,46,80,0.08267851254450878,0.20084125807690248,0.12625090924046367,0.31797430696811807,False,0.6,0.13333333333333333,0.13333333333333333,0.13333333333333333,0.03288148774913177,0.0669749164869418,False,0.15459228555995377,0.5002995121947564,False,0.17231136148547654,0.3705734850195265,False,0.14521850216729254,0.33404931417124756,False
soh60,46,81,0.07727723712195345,0.19586539330646863,0.11973899764660344,0.32290169551142317,False,0.6,0.13333333333333333,0.13333333333333333,0.13333333333333333,0.028749510808067744,0.050681047929377714,False,0.15164272427072953,0.5360428459060479,False,0.16628691537959295,0.3710458269837032,False,0.13227684012802354,0.333837061226564,False
soh60,46,82,0.0914338528889272,0.19771497388915282,0.13686654246619484,0.32433617623833144,False,0.6,0.13333333333333333,0.13333333333333333,0.13333333333333333,0.039510779086335636,0.05300502834723435,False,0.15748739114666457,0.5333082219793416,False,0.19470019587345236,0.3822834606297663,False,0.15576780375832677,0.3287479939969836,False
soh60,46,83,0.08476079697402651,0.2187840567696548,0.13118818656375197,0.3648824366441278,False,0.6,0.13333333333333333,0.13333333333333333,0.13333333333333333,0.03170092315719741,0.051814479770257035,False,0.16002638155124307,0.5863579930190833,False,0.18529868935403893,0.4709125579724896,False,0.14772675219252848,0.3504447158146813,False
soh60,46,84,0.0827667956637852,0.2223991536481048,0.12636933107561904,0.35394577683128464,False,0.6,0.13333333333333333,0.13333333333333333,0.13333333333333333,0.032935326621689374,0.0720601557244707,False,0.16216343200800612,0.5840797803328389,False,0.18199696451477088,0.4128898233502924,False,0.12838160115800976,0.34675334791753665,False
soh60,46,85,0.08049787144416723,0.20657362751386726,0.12283089588047079,0.33664920144151883,False,0.6,0.13333333333333333,0.13333333333333333,0.13333333333333333,0.032117272088391755,0.05791582873940828,False,0.15297478287101693,0.5118313512083371,False,0.1659083976623338,0.4119449554025199,False,0.14032313090014065,0.36490467041581015,False
soh60,46,86,0.08774934792212902,0.2202657221792736,0.1301453110333076,0.34611637147631713,False,0.6,0.13333333333333333,0.13333333333333333,0.13333333333333333,0.03929681865221066,0.07643640869693814,False,0.16068394362910485,0.5235967312620667,False,0.17813669979928873,0.44520852193276145,False,0.14246378205262608,0.33922382401350215,False
soh60,46,87,0.07630089930389103,0.22233378801685794,0.11944971175355176,0.37050935542266517,False,0.6,0.13333333333333333,0.13333333333333333,0.13333333333333333,0.026987970789993068,0.052990282410221155,False,0.15082283525124998,0.6253429508682625,False,0.16562238117890873,0.45788481994386615,False,0.1343656597940552,0.34581936846831085,False
soh60,46,88,0.09859201092749023,0.2531304826899669,0.13889973410633097,0.4002089917731698,False,0.6,0.13333333333333333,0.13333333333333333,0.13333333333333333,0.052526041580243675,0.0850407580234493,False,0.16703959790920586,0.672390567984623,False,0.17118751164436752,0.453525461396114,False,0.1648457852915068,0.3898791796884929,False
soh60,46,89,0.070980360770203,0.21806824067807828,0.11376949128833629,0.36322398141160805,False,0.6,0.13333333333333333,0.13333333333333333,0.13333333333333333,0.02207849732090784,0.05217596555404433,False,0.1482289335328781,0.6259518745921248,False,0.16296945125474424,0.44076024281477744,False,0.12180108304481495,0.33400784268548556,False
soh60,46,90,0.07409504018860634,0.2265565771431702,0.11917954496325908,0.370589134031256,False,0.6,0.13333333333333333,0.13333333333333333,0.13333333333333333,0.022569891874717484,0.0619479406996436,False,0.15285309499013874,0.6344196230520418,False,0.17201307435989935,0.4203118790247717,False,0.12928211862828073,0.36567709334856696,False
soh60,46,91,0.07281039416010009,0.21961412595172605,0.11601391274926828,0.358351801496653,False,0.6,0.13333333333333333,0.13333333333333333,0.13333333333333333,0.02343494434390786,0.061056782471809505,False,0.15062005813832857,0.5922055866069892,False,0.16476899850851648,0.43594154514450884,False,0.12523165000632022,0.3442032917633046,False
soh60,46,92,0.07327176218192054,0.21028203611704402,0.11664543333266816,0.3383258351194558,False,0.6,0.13333333333333333,0.13333333333333333,0.13333333333333333,0.02370185229535183,0.06394626582857345,False,0.14915412093845645,0.5561504071892345,False,0.1624082808142551,0.3927781239504357,False,0.1313174792826093,0.3404285435095796,False
soh60,46,93,0.09387101189712356,0.21168658525546938,0.13825240241913941,0.34967065021547517,False,0.6,0.13333333333333333,0.13333333333333333,0.13333333333333333,0.04314942272910544,0.05399051101546273,False,0.16402705178229549,0.5833732762839189,False,0.18511389708590842,0.40988298006975393,False,0.16071923807924832,0.3514358334927652,False
soh60,46,94,0.08058436000687934,0.18246046810927088,0.12498656522490031,0.30035709314384096,False,0.6,0.13333333333333333,0.13333333333333333,0.13333333333333333,0.029838982614855375,0.04772146806976226,False,0.1562155022406799,0.4596911572267752,False,0.17500856303573584,0.36906986773377665,False,0.13888321300833015,0.3249458795450496,False
soh60,46,95,0.0777981310273738,0.21299692126685282,0.11904586995782407,0.34462219548065365,False,0.6,0.13333333333333333,0.13333333333333333,0.13333333333333333,0.030657857964002094,0.06256803645108042,False,0.1518082392814741,0.5942188172108408,False,0.16293277108787532,0.39431406889931964,False,0.1307846114979447,0.32738785936137377,False
soh60,46,96,0.07314593338918146,0.2106480090296164,0.11648024508912691,0.34915455084413444,False,0.6,0.13333333333333333,0.13333333333333333,0.13333333333333333,0.023621005732100943,0.05235481838445289,False,0.1461818100110713,0.60438155239851,False,0.16584088642486955,0.41606130004241787,False,0.13027727818846582,0.323820532551157,False
soh60,46,97,0.07454788432957461,0.2251583809183212,0.11941004841371539,0.3737704312851798,False,0.6,0.13333333333333333,0.13333333333333333,0.13333333333333333,0.02327683966198517,0.05531603764191135,False,0.14957327383942587,0.6115301469643769,False,0.17390094431024905,0.4714132119069048,False,0.13088913584320147,0.35682232862752605,False
soh60,46,98,0.08521895263360041,0.21974468850735399,0.13108483454420172,0.3598624115818815,False,0.6,0.13333333333333333,0.13333333333333333,0.13333333333333333,0.032800801878627515,0.05961014785075116,False,0.15862271436497788,0.5797821922224928,False,0.17482333543696224,0.4550649222705978,False,0.1580924864962392,0.3449923839836841,False
soh60,46,99,0.07800423051040771,0.21002873498437796,0.11973044869169606,0.33436127872134674,False,0.6,0.13333333333333333,0.13333333333333333,0.13333333333333333,0.030317124017506723,0.06793439928498513,False,0.15194165205404955,0.5443878561015124,False,0.1637005922477254,0.38526308290493905,False,0.1329624264475026,0.33985977659395034,False
soh60,46,100,0.0724849232704813,0.19247711640040294,0.11576940070923913,0.3159844166076836,False,0.6,0.13333333333333333,0.13333333333333333,0.13333333333333333,0.023016949054758054,0.05132591616351079,False,0.1481215195650712,0.4871170495623484,False,0.16380210284507968,0.3979309160448263,False,0.12813703137204766,0.3275637846600489,False
soh60,46,101,0.08031426274062721,0.20539438985607636,0.12336684412331661,0.32685108405146546,False,0.6,0.13333333333333333,0.13333333333333333,0.13333333333333333,0.03111131258898219,0.06658673934706028,False,0.15431767537774643,0.48357111967453603,False,0.16947556380446585,0.3793562248831755,False,0.13856282472207196,0.37789025230109,False
soh60,46,102,0.07314616151063622,0.19306365422184413,0.11840750351882487,0.31254547184201376,False,0.6,0.13333333333333333,0.13333333333333333,0.13333333333333333,0.021418913501277746,0.056513005513078855,False,0.15398182671737182,0.47158071480179764,False,0.16426834282436206,0.36800303931680906,False,0.13396093103228784,0.35408512773636946,False
soh60,46,103,0.07312615857690441,0.21119492294986403,0.11615623465787484,0.34337146050690004,False,0.6,0.13333333333333333,0.13333333333333333,0.13333333333333333,0.023948928770081073,0.06013602288468006,False,0.14849988997641464,0.5481750293348078,False,0.16533146269161922,0.4074476088043968,False,0.12684465719338442,0.3577271810037154,False
soh60,46,104,0.07157942127080895,0.22322393448140243,0.11574040046306908,0.36633737695993546,False,0.6,0.13333333333333333,0.13333333333333333,0.13333333333333333,0.021109730765368824,0.059665714505936086,False,0.1472444338091611,0.5886655813432093,False,0.16764953237852806,0.47323794438942063,False,0.1269579048992183,0.34378026760117586,False
soh60,46,105,0.07366003197508272,0.19143870303407506,0.11624473162920773,0.3098955760663904,False,0.6,0.13333333333333333,0.13333333333333333,0.13333333333333333,0.02499180379893987,0.0560594195685718,False,0.14746230489759968,0.46691928980343117,False,0.1652755324669479,0.37572021557594315,False,0.12724928535334346,0.3408833793176156,False
soh60,46,106,0.07678257304102065,0.20476605062582826,0.12183194859774439,0.3388637274358231,False,0.6,0.13333333333333333,0.13333333333333333,0.13333333333333333,0.025297572404764934,0.05151156284297701,False,0.15045745766469373,0.5490568574280406,False,0.16852262745799632,0.41339712588528377,False,0.14305013686352258,0.34148936358699117,False
soh60,46,107,0.07351850928103246,0.20856724504982677,0.11651473381240893,0.33921900849426906,False,0.6,0.13333333333333333,0.13333333333333333,0.13333333333333333,0.02437996695945933,0.05925094397046415,False,0.1489079309239563,0.5623490497733122,False,0.16932211167937794,0.4017169002212242,False,0.12344892568684218,0.3335591400120757,False
soh60,46,108,0.07374931748834512,0.20835376792608126,0.11720424191635233,0.34764922931648196,False,0.6,0.13333333333333333,0.13333333333333333,0.13333333333333333,0.024086546713479755,0.049158954908480455,False,0.14936199884155602,0.5957943452757469,False,0.16481265108393484,0.4198472920980221,False,0.13055577102643873,0.3257963249836784,False
soh60,46,109,0.0797788481388588,0.21188245857439802,0.12385089572828807,0.3536438150635177,False,0.6,0.13333333333333333,0.13333333333333333,0.13333333333333333,0.029410793750939634,0.04986947972968986,False,0.15611473111998644,0.601165527713873,False,0.16717644557032782,0.42506693591692657,False,0.1427016124718984,0.33847331689358134,False
soh60,46,110,0.07683026283573854,0.20063987251448442,0.12232765231244272,0.3323763199749594,False,0.6,0.13333333333333333,0.13333333333333333,0.13333333333333333,0.024833246290933773,0.050083932559655875,False,0.15479187853946944,0.5745882288428495,False,0.1797207233292888,0.3813400505539974,False,0.12996476109007887,0.32349306794333477,False
soh60,46,111,0.07543566487361056,0.193574616232184,0.1184931701684365,0.3198592247068821,False,0.6,0.13333333333333333,0.13333333333333333,0.13333333333333333,0.02622708739380948,0.04924934940395759,False,0.1543214485826009,0.5387975809765617,False,0.16556892969672732,0.39165770729824656,False,0.12785521500060826,0.2997322611487626,False
soh60,46,112,0.07380986296272632,0.17760057343680863,0.11816631590387056,0.2919635171253345,False,0.6,0.13333333333333333,0.13333333333333333,0.13333333333333333,0.023116773887132888,0.046900066364207654,False,0.15150631373813775,0.4340572114422608,False,0.16542454804288467,0.36720368234960654,False,0.13261762794732693,0.319693108345263,False
soh60,46,113,0.07627955361189359,0.21984403361908122,0.12031641808132568,0.35187935172681106,False,0.6,0.13333333333333333,0.13333333333333333,0.13333333333333333,0.025951708503971205,0.06894652721024712,False,0.1513398567121658,0.5714241335518394,False,0.1674258334182088,0.41928178504950736,False,0.1365482736909569,0.3478649610956503,False
soh60,46,114,0.07974781508158081,0.21369378031416286,0.12481690387593508,0.3453190063799917,False,0.6,0.13333333333333333,0.13333333333333333,0.13333333333333333,0.02824028503089021,0.06326495052464419,False,0.15208067162464342,0.5011662456499238,False,0.16830266218752174,0.43850987224614313,False,0.15064399666068498,0.3783349570992556,False
soh60,46,115,0.07739138562417137,0.19970486926378705,0.12038653506365575,0.31229689989600073,False,0.6,0.13333333333333333,0.13333333333333333,0.13333333333333333,0.028254071979046367,0.07102826282697142,False,0.15070263076487536,0.4932310382484224,False,0.17035209543125543,0.33814465609393074,False,0.13223734207944587,0.34678364241467835,False
soh60,46,116,0.0733026241551973,0.1884830916404447,0.11705203584702387,0.3065769002082325,False,0.6,0.13333333333333333,0.13333333333333333,0.13333333333333333,0.02330329650739549,0.05351873899154433,False,0.1473582732911153,0.48442245919232146,False,0.1719146641699346,0.35785628931786745,False,0.1256319094196501,0.33051011333119673,False
soh60,46,117,0.07405248820810284,0.22047225840433843,0.11820357649274785,0.3485258659149359,False,0.6,0.13333333333333333,0.13333333333333333,0.13333333333333333,0.02359410159708,0.07412527839222703,False,0.14704612005727616,0.5367121757551957,False,0.16927846324793597,0.41224131370860184,False,0.1328956210686992,0.3710246958037191,False
soh60,46,118,0.06958536794929042,0.20675622280405986,0.111384630840906,0.3412024495670244,False,0.6,0.13333333333333333,0.13333333333333333,0.13333333333333333,0.02181478178744405,0.053103392217814745,False,0.14483499866226368,0.5308428888113612,False,0.15782180562212045,0.4243527572611249,False,0.12106693729179578,0.3565107599777965,False
soh60,46,119,0.0891652569503407,0.21298516268806872,0.13540500160917587,0.3467685420728319,False,0.6,0.13333333333333333,0.13333333333333333,0.13333333333333333,0.03631983448310047,0.060089871962625094,False,0.16240979705948289,0.5064508533824688,False,0.17566736509150563,0.4402496884171756,False,0.16722300980261454,0.38028375452905827,False
soh60,46,120,0.07897475226876986,0.207151673229753,0.12333596313261994,0.34665614060080946,False,0.6,0.13333333333333333,0.13333333333333333,0.13333333333333333,0.028276225567226924,0.047717996234259936,False,0.1511503172123507,0.5549006820033808,False,0.17628466612532553,0.4479427292992855,False,0.13763264362557656,0.33606315486631155,False
soh60,46,121,0.07401128103792677,0.20652425630960344,0.11718777397611535,0.3332648096019949,False,0.6,0.13333333333333333,0.13333333333333333,0.13333333333333333,0.024666717679996963,0.06167790968972751,False,0.14796306043822657,0.5270441150929285,False,0.16792347182046985,0.3926572007055218,False,0.12819784596576803,0.3516800129198017,False
soh60,46,122,0.07474032970637501,0.21429521355078485,0.11957460714172316,0.3508355360364593,False,0.6,0.13333333333333333,0.13333333333333333,0.13333333333333333,0.023501155494548558,0.058249130710014044,False,0.1500834501141953,0.576734547952158,False,0.17496260460520505,0.4465027905833771,False,0.12975121835294376,0.32185567490028805,False
soh60,46,123,0.07540179501312821,0.19075192201769964,0.12003211147944554,0.3145512594016297,False,0.6,0.13333333333333333,0.13333333333333333,0.13333333333333333,0.024395719051622716,0.04926696500749386,False,0.15267861768438296,0.5208606540857638,False,0.17008039431152322,0.3679466740252342,False,0.1329737148702532,0.3201307444880271,False
soh60,46,124,0.06785803661575236,0.2068027165213711,0.10985984079614915,0.33452838123053485,False,0.6,0.13333333333333333,0.13333333333333333,0.13333333333333333,0.019855974695298897,0.06083052828232687,False,0.1431604081834939,0.5260194444987077,False,0.15905842544072255,0.42333833433400464,False,0.11736455486508124,0.32792521780710016,False
soh60,46,125,0.07075599046306813,0.21227371718238988,0.11202048757487419,0.34788015924437166,False,0.6,0.13333333333333333,0.13333333333333333,0.13333333333333333,0.023596565192432625,0.05729492625441076,False,0.14507232383671895,0.5826069625769977,False,0.16064381997386432,0.4231826978295184,False,0.11876924129648088,0.32843605031655965,False
soh60,46,126,0.07295131813207134,0.20526415368977896,0.11628226206217371,0.3321617812240192,False,0.6,0.13333333333333333,0.13333333333333333,0.13333333333333333,0.0234302393548115,0.060238293650647305,False,0.14801392975311597,0.5487967608753901,False,0.1635907853144851,0.3719766473407373,False,0.1300940938262822,0.347635423029302,False
soh60,46,127,0.08061785686536382,0.24527186033624024,0.12374445690344743,0.3964193265610338,False,0.6,0.13333333333333333,0.13333333333333333,0.13333333333333333,0.03133031396469683,0.07253189893647623,False,0.15435802643922972,0.6249843495610001,False,0.1745871737716765,0.5262637409231791,False,0.1347023134381867,0.36189731682347953,False
soh60,46,128,0.08032605255385869,0.2355728803857094,0.12724536235987047,0.38859466365270084,False,0.6,0.13333333333333333,0.13333333333333333,0.13333333333333333,0.026703984204130945,0.0606908423662906,False,0.15986567524194165,0.6523158153435253,False,0.1914652091029717,0.499446484477416,False,0.1309465808904375,0.3419255124235714,False
soh60,46,129,0.06735892149530179,0.19972329400066374,0.10953836252198063,0.32844361466750943,False,0.6,0.13333333333333333,0.13333333333333333,0.13333333333333333,0.019153846036240253,0.05261435609569722,False,0.14409028619861639,0.5481176747237545,False,0.15663412570225835,0.40306059095203556,False,0.1182751921508075,0.30998183689855047,False
soh60,46,130,0.07188332202132833,0.18459966375821726,0.11361893408105783,0.30532620462003046,False,0.6,0.13333333333333333,0.13333333333333333,0.13333333333333333,0.024185479667351777,0.0466264742018593,False,0.1451190105765473,0.5119272206848753,False,0.15996402427802672,0.359789825886723,False,0.1252072218023055,0.3029612977066643,False
soh60,46,131,0.07204733831676886,0.20255248405130807,0.11382480518983436,0.33143210303381554,False,0.6,0.13333333333333333,0.13333333333333333,0.13333333333333333,0.024301661890408312,0.05526149092844246,False,0.1466031893158411,0.5520062181477626,False,0.16359055192281188,0.39306714243587065,False,0.12080381763027613,0.3253935606231863,False
soh60,46,132,0.07283512952001141,0.1869600704136077,0.11450795586917953,0.2955141130431199,False,0.6,0.13333333333333333,0.13333333333333333,0.13333333333333333,0.025209042263819276,0.06289830740845095,False,0.14802466359183572,0.4731360146447614,False,0.16710785135229766,0.3204519914211757,False,0.11769026626876544,0.3255701386980915,False
soh60,46,133,0.06581644382584431,0.18181173434310674,0.10695656586539319,0.2973619126886464,False,0.6,0.13333333333333333,0.13333333333333333,0.13333333333333333,0.01879916149493131,0.04975438766248997,False,0.1422263683195029,0.4829734859373391,False,0.15338547910174224,0.34127972863430706,False,0.11341525454539629,0.31544004852044955,False
soh60,46,134,0.07664871213703622,0.22322316391982805,0.11913975443858422,0.3724880469963357,False,0.6,0.13333333333333333,0.13333333333333333,0.13333333333333333,0.02808752093526709,0.05263472611810505,False,0.15431065140144865,0.6542811060040661,False,0.17152665201495707,0.4432761692245865,False,0.12263419340266407,0.3397601866385851,False
soh60,46,135,0.06957875085847355,0.19593376268511115,0.11077296171426146,0.3165666564593394,False,0.6,0.13333333333333333,0.13333333333333333,0.13333333333333333,0.022499652737573084,0.05806759837170742,False,0.14648221611279946,0.5325076163736555,False,0.15739462564657783,0.3649389334678029,False,0.11671535236009546,0.31075247762419184,False
soh60,46,136,0.07812937807725133,0.20427734935201441,0.12093240357926924,0.33079352622489355,False,0.6,0.13333333333333333,0.13333333333333333,0.13333333333333333,0.029211634646373698,0.05968743292586681,False,0.15232067751548287,0.5274302530382874,False,0.16290209549103082,0.39098480386770995,False,0.13929520666418962,0.34507161506771,False
soh60,46,137,0.08536294352531706,0.1885166600787289,0.13181088817581757,0.3098625096691379,False,0.6,0.13333333333333333,0.13333333333333333,0.13333333333333333,0.032279578210459375,0.049835689118261424,False,0.15967226293714795,0.5127075180744193,False,0.1761279635831937,0.3770307151012458,False,0.1591637479724692,0.2998761163826252,False
soh60,46,138,0.06619039315856247,0.21428919662573137,0.10636817705097833,0.34827048879472106,False,0.6,0.13333333333333333,0.13333333333333333,0.13333333333333333,0.02027292585294435,0.061167719861171754,False,0.1405446184271322,0.608183018622513,False,0.15175077411126467,0.39835731768070026,False,0.11290438981257207,0.32537389901449915,False
soh60,46,139,0.08458562256453661,0.2134260290316427,0.13235432014757248,0.344916720287963,False,0.6,0.13333333333333333,0.13333333333333333,0.13333333333333333,0.02999282532678131,0.06315095331013383,False,0.16228179866132694,0.5755295007672556,False,0.19489212005029757,0.4302330686739859,False,0.14225053655188416,0.31075335840047663,False
soh60,46,140,0.08248471975205966,0.2039770368727805,0.12555027767995772,0.3386573622918225,False,0.6,0.13333333333333333,0.13333333333333333,0.13333333333333333,0.03326693926303331,0.050056664965304004,False,0.1588600104846678,0.5914879674845547,False,0.16882877575037522,0.39716283537957553,False,0.1412453852217546,0.3159219813378555,False
soh60,46,141,0.09522886057932328,0.19038857143664223,0.13938485060820746,0.31700443190744876,False,0.6,0.13333333333333333,0.13333333333333333,0.13333333333333333,0.044764871974884234,0.04568473089857764,False,0.16749515340421173,0.5463937614871267,False,0.18800212885774079,0.3673557956585393,False,0.15727724819599312,0.30858343958555146,False
soh60,46,142,0.06984249483931977,0.2068879047981366,0.112459031244166,0.3305286263050623,False,0.6,0.13333333333333333,0.13333333333333333,0.13333333333333333,0.021137881805209806,0.06558422307593585,False,0.14750450934382597,0.5335544562900242,False,0.16085036667781108,0.4047277178960818,False,0.12034336714981712,0.31824810795820724,False
soh60,46,143,0.07766174771706988,0.16196188378007986,0.12218255443487477,0.27056534131281856,True,0.6,0.13333333333333333,0.13333333333333333,0.13333333333333333,0.026780825753864285,0.037843646599807046,False,0.15052175817584332,0.4557467751166437,False,0.17326082028436093,0.32582734640932387,False,0.13816681352543056,0.26284359712549965,True
soh60,46,144,0.06831394497458726,0.17908889231492722,0.11090944343605867,0.29757312948174525,False,0.6,0.13333333333333333,0.13333333333333333,0.13333333333333333,0.019633375304334236,0.04367833555284944,False,0.14260049259256,0.4906886464215469,False,0.15985495097316332,0.36196644260805955,False,0.12154895487417709,0.29395909334452514,False
soh60,46,145,0.06948335515165976,0.1930652867970366,0.11148952583612842,0.31523932716513337,False,0.6,0.13333333333333333,0.13333333333333333,0.13333333333333333,0.02147630294083844,0.053437812090640344,False,0.1440584245045813,0.5149391053464941,False,0.1604820110749793,0.37303110895669267,False,0.11994136482411465,0.31954928226670626,False
soh60,46,146,0.07293366618732093,0.19078470549645554,0.11735386798436068,0.3202882704547467,False,0.6,0.13333333333333333,0.13333333333333333,0.13333333333333333,0.022167721276418386,0.04278063125840847,False,0.15008395304739083,0.5197465137189674,False,0.16760095140182255,0.410498315144088,False,0.12956284621181088,0.3081276216975231,False
soh60,46,147,0.07532722449622,0.2038973452183832,0.11823779958057809,0.33047503722955346,False,0.6,0.13333333333333333,0.13333333333333333,0.13333333333333333,0.02628656725695362,0.05923712577704576,False,0.1508605683854577,0.551985148826536,False,0.16258635334377883,0.38286067694337755,False,0.13321770933612218,0.32781719737125453,False
soh60,46,148,0.07979676317698925,0.19450162308272817,0.12223695404293303,0.3083322627812995,False,0.6,0.13333333333333333,0.13333333333333333,0.13333333333333333,0.03129368790162492,0.06440946342721807,False,0.15190914950613268,0.5099084601262172,False,0.16952869666819012,0.3500395199272502,False,0.13621628209578437,0.30897160764451265,False
soh60,46,149,0.06634128824399706,0.19850917286051734,0.1080939831135211,0.3248896446838482,False,0.6,0.13333333333333333,0.13333333333333333,0.13333333333333333,0.01862392267882671,0.05407434791956783,False,0.14191559087407554,0.5092035107017417,False,0.1565872165953932,0.411075271354221,False,0.11524920230578896,0.3252054487598622,False
soh60,46,150,0.06441737781641903,0.19607288380377555,0.1065601953196387,0.3146228418717135,False,0.6,0.13333333333333333,0.13333333333333333,0.13333333333333333,0.01625415781273939,0.06058721744041789,False,0.1407559377021686,0.48772642083458817,False,0.15756625164674262,0.3717125929443054,False,0.1116644341169042,0.3384651362675426,False
soh60,46,151,0.0776094824434203,0.19519500799519593,0.12087361526344237,0.31689682881753894,False,0.6,0.13333333333333333,0.13333333333333333,0.13333333333333333,0.02816475922053792,0.05610721276966107,False,0.1483420047393099,0.5307767071621644,False,0.16787673916827517,0.35859606953165496,False,0.1391109579256465,0.3221073258066753,False
soh60,46,152,0.06894713846062707,0.2025598778344013,0.1110156399993488,0.3220261822922074,False,0.6,0.13333333333333333,0.13333333333333333,0.13333333333333333,0.02086885098780224,0.0660269584540514,False,0.1463988695772389,0.5059778680013313,False,0.15632424949113408,0.372670688885303,False,0.12047058994121994,0.3434292138281441,False
soh60,46,153,0.08667710049208457,0.20460752753994665,0.12751115832001506,0.3273434865837425,False,0.6,0.13333333333333333,0.13333333333333333,0.13333333333333333,0.040009605831592604,0.06433786006132282,False,0.1607178206598915,0.49840445262593863,False,0.1687849716130618,0.41031039265524055,False,0.14053223517551425,0.3363212409924681,False
soh60,46,154,0.07456615292587457,0.193624020912391,0.11692654766596138,0.3143730236374102,False,0.6,0.13333333333333333,0.13333333333333333,0.13333333333333333,0.026154273222918197,0.055625160655226234,False,0.15205934177469435,0.5031502734099821,False,0.15900873781347094,0.37984811091932547,False,0.13048383785276202,0.318868549565107,False
soh60,46,155,0.06513955662643807,0.196609911276293,0.10757600045350715,0.3241266442320589,False,0.6,0.13333333333333333,0.13333333333333333,0.13333333333333333,0.016640763681216246,0.0508765021839891,False,0.14084522300554927,0.5372156027242468,False,0.1595945786242431,0.3868177956351775,False,0.11322343650302001,0.32159667638482214,False
soh60,46,156,0.06949046199782591,0.20381022444174204,0.11236527004685215,0.32700711855156284,False,0.6,0.13333333333333333,0.13333333333333333,0.13333333333333333,0.020490681370367348,0.06301377403051832,False,0.14536825922824825,0.5375272787774023,False,0.15733406349045756,0.3721148667460688,False,0.12626807609833549,0.33537255465226185,False
soh60,46,157,0.07006608233308194,0.20614274518848247,0.11294727578750641,0.3406493383457057,False,0.6,0.13333333333333333,0.13333333333333333,0.13333333333333333,0.021059004099453996,0.05242092443737018,False,0.14601488201335158,0.5857645121785816,False,0.15865655183774344,0.38863995456568984,False,0.1260586651994766,0.33577196220118116,False
soh60,46,158,0.07093571852519977,0.19167562356033158,0.11349536581972226,0.3089605347264668,False,0.6,0.13333333333333333,0.13333333333333333,0.13333333333333333,0.022296121617174078,0.05763572508474851,False,0.14414518137061,0.5084602422664325,False,0.16506208869437902,0.3355257192313917,False,0.12247807159672593,0.3342204523232945,False
soh60,46,159,0.06721196241574945,0.19655519184850462,0.10889838581402347,0.325270443614162,False,0.6,0.13333333333333333,0.13333333333333333,0.13333333333333333,0.019570335674864856,0.04945204697346759,False,0.14363209068596536,0.5776946916354507,False,0.15871830184329838,0.36579749030883413,False,0.11367281505196529,0.30813754553889566,False
soh60,46,160,0.06927586546677739,0.19454503602932002,0.112020769254172,0.31941541535901863,False,0.6,0.13333333333333333,0.13333333333333333,0.13333333333333333,0.020424546852612125,0.05183603108109304,False,0.1463090490373945,0.5134380297871157,False,0.16237978999084812,0.39648637718660057,False,0.11896969113583324,0.31590122338126525,False
soh60,46,161,0.0756652187519637,0.19167620024550452,0.11753586334380922,0.3054468241076271,False,0.6,0.13333333333333333,0.13333333333333333,0.13333333333333333,0.027813053504140248,0.06165263011736452,False,0.1480641639457323,0.49376231951066024,False,0.16442785394143256,0.3625763750066319,False,0.1298383819839318,0.30379597179585155,False
soh60,46,162,0.06572683390699445,0.19848813120563175,0.10597249319859255,0.32135294109025925,False,0.6,0.13333333333333333,0.13333333333333333,0.13333333333333333,0.019731794716596633,0.05807120562320029,False,0.13985241225145245,0.5526976406804323,False,0.15287102610957357,0.3576244882397037,False,0.11143473971674749,0.3170184298177008,False
soh60,46,163,0.06588418018251156,0.17069986675973808,0.10681194195042662,0.27805844715183037,False,0.6,0.13333333333333333,0.13333333333333333,0.13333333333333333,0.019109595304894346,0.0480043463116326,False,0.14014451815012938,0.4387943742527362,False,0.15427617629718596,0.32256076548651985,False,0.11371747804949683,0.3028743025564328,False
soh60,46,164,0.09616436075849753,0.19240657182406526,0.13930045396062443,0.3128422226120556,False,0.6,0.13333333333333333,0.13333333333333333,0.13333333333333333,0.04686596852749537,0.054765828066361995,False,0.16611628667680675,0.5271199364665616,False,0.17914528524452836,0.3486433900643216,False,0.16507427539366729,0.3208397358509772,False
soh60,46,165,0.06551089109243108,0.1719760579994561,0.10715127229451929,0.2829771027894319,False,0.6,0.13333333333333333,0.13333333333333333,0.13333333333333333,0.017921884004330285,0.04511772109662658,False,0.1402038604391661,0.4714959904578618,False,0.15746166713648363,0.3288330856443517,False,0.1130176775980971,0.2864616139588876,False
soh60,46,166,0.07015711356584367,0.197129824104423,0.11191167704969594,0.3173363475695813,False,0.6,0.13333333333333333,0.13333333333333333,0.13333333333333333,0.022437612441441077,0.059750940144242114,False,0.14436702413220423,0.5120765829457379,False,0.1575560783501747,0.38717148439448673,False,0.12328599327496376,0.31034638279385834,False
soh60,46,167,0.09179185804471812,0.22429424118344235,0.13471575540389474,0.3646630011574867,False,0.6,0.13333333333333333,0.13333333333333333,0.13333333333333333,0.04273597534851626,0.063872801213106,False,0.16573038025511552,0.6436270481228618,False,0.1910437780061223,0.4236686678432872,False,0.13935288800582496,0.3274834874506917,False
soh60,46,168,0.06744297533790249,0.20320294684317716,0.10965692893418776,0.3302487035112945,False,0.6,0.13333333333333333,0.13333333333333333,0.13333333333333333,0.019198456942147897,0.05800779636532879,False,0.1448148972288566,0.5222769120373972,False,0.15780482138928772,0.42768968177101213,False,0.11680954017645878,0.31302042387143975,False
soh60,46,169,0.06500845346122788,0.2005883937457596,0.10672506494650204,0.32709631734641864,False,0.6,0.13333333333333333,0.13333333333333333,0.13333333333333333,0.017332326049486004,0.056007909630720706,False,0.14224515721618766,0.5659810120031751,False,0.15569954156021396,0.36553490732048183,False,0.11162323496012057,0.3208614404312971,False
soh60,46,170,0.07300704079675602,0.21671000703908727,0.11573369866992833,0.34844836719560274,False,0.6,0.13333333333333333,0.13333333333333333,0.13333333333333333,0.024176574655987673,0.06615188114592677,False,0.14735191658344624,0.5581141643629354,False,0.16827920241628158,0.4292042788788948,False,0.1231271010239978,0.3403231443946539,False
soh60,46,171,0.06805635344624922,0.192769262578021,0.1099964293725349,0.313250227134883,False,0.6,0.13333333333333333,0.13333333333333333,0.13333333333333333,0.02012483810192273,0.05507673165589301,False,0.14387739673751637,0.5100294235942221,False,0.1578891661350539,0.36720629566108287,False,0.1180943165156466,0.3206884576283339,False
soh60,46,172,0.06493888861673186,0.17918656008186856,0.10741918228471566,0.292868575551781,False,0.6,0.13333333333333333,0.13333333333333333,0.13333333333333333,0.01638998156760751,0.049264256687682924,False,0.14203095353186765,0.48336594852178466,False,0.15584026585247585,0.3373496072960494,False,0.11541552818691163,0.3014944897016069,False
soh60,46,173,0.0724179351283063,0.19948829755336597,0.11851247961241528,0.33005667778597686,False,0.6,0.13333333333333333,0.13333333333333333,0.13333333333333333,0.01973845571789603,0.05026729157323924,False,0.1439828711257005,0.5694658897337862,False,0.1732786789329619,0.37973632065881185,False,0.13704991267310268,0.3207572091780702,False
soh60,46,174,0.07602835813630864,0.19020864591817394,0.12128795297426909,0.309139044901718,False,0.6,0.13333333333333333,0.13333333333333333,0.13333333333333333,0.024303106892925253,0.054288189936980744,False,0.15180476567098455,0.44291612118812496,False,0.17584111697228422,0.41675735798900737,False,0.13320282236088235,0.32259451049275895,False
soh60,46,175,0.07130579401578697,0.19203051537182425,0.11432141558412065,0.3011762850211111,False,0.6,0.13333333333333333,0.13333333333333333,0.13333333333333333,0.02214508365197706,0.06729249291549637,False,0.14384548468757033,0.46337025097870005,False,0.16355668082057237,0.33415097870656646,False,0.1277384131763628,0.3398914174836816,False
soh60,46,176,0.07761274731549478,0.1922438696857416,0.11920754466395797,0.3067833457906063,False,0.6,0.13333333333333333,0.13333333333333333,0.13333333333333333,0.030075836060108295,0.06134161128018198,False,0.15430618136216576,0.4778474545765638,False,0.16185592402622295,0.3585612715574075,False,0.13059223720733487,0.3293830457482717,False
soh60,46,177,0.06697469051431322,0.24051945520994752,0.10976721955886795,0.39853593908473145,False,0.6,0.13333333333333333,0.13333333333333333,0.13333333333333333,0.018068943034822104,0.05992918792448015,False,0.15193171159052124,0.7441507148965923,False,0.1580682029525149,0.45191558277720567,False,0.11100002065761361,0.33814827074064774,False
soh60,46,178,0.07976318641587397,0.18531894418510392,0.12051497760788026,0.3087401941775459,False,0.6,0.13333333333333333,0.13333333333333333,0.13333333333333333,0.033189710767866795,0.044266087050884514,False,0.1507667235362289,0.5409310481641845,False,0.16882250019587555,0.35462473918212756,False,0.1292809759315498,0.29513890231298695,False
soh60,46,179,0.06832873343438592,0.17056638161790333,0.11185794903472991,0.2791170448554156,False,0.6,0.13333333333333333,0.13333333333333333,0.13333333333333333,0.018581058462564224,0.04650848077503216,False,0.14263547331522988,0.44187924393462535,False,0.1643723599605497,0.33677171282029633,False,0.12184290440057584,0.2913087418917086,False
soh60,46,180,0.06974216985827537,0.19433452350151614,0.11250027691917396,0.3224324360605451,False,0.6,0.13333333333333333,0.13333333333333333,0.13333333333333333,0.020875761788677002,0.04793690914834014,False,0.1471199108445508,0.5533659471656942,False,0.1663956149780668,0.37422371725058784,False,0.11560982006540121,0.3142031706775584,False
soh60,46,181,0.069910633079196,0.19960226241343773,0.11290141343109224,0.327578266796111,False,0.6,0.13333333333333333,0.13333333333333333,0.13333333333333333,0.020778312677028853,0.053343971690382484,False,0.1457618366647044,0.5581089874024879,False,0.16456510591352383,0.3937545432468035,False,0.12050039846911187,0.3051055648447703,False
soh60,46,182,0.07223837978668883,0.19620629855968058,0.11529040786014363,0.3153793156479889,False,0.6,0.13333333333333333,0.13333333333333333,0.13333333333333333,0.023036061988454763,0.06000856474447106,False,0.14474622606843704,0.5121800346351568,False,0.15985583795549374,0.3652681637286042,False,0.133523505428189,0.32406049948372345,False
soh60,46,183,0.08145013985361531,0.18021867955101983,0.12681305147800914,0.29421340168420634,False,0.6,0.13333333333333333,0.13333333333333333,0.13333333333333333,0.02960681228287952,0.04993899711309243,False,0.1538499354402818,0.4891716273062674,False,0.17311989979931028,0.33534186788323056,False,0.15067555838956487,0.3024011144342349,False
soh60,46,184,0.0647151403105541,0.1848353991762913,0.10630857086119491,0.30010133888424717,False,0.6,0.13333333333333333,0.13333333333333333,0.13333333333333333,0.01717979110982174,0.053102896652913165,False,0.1408044428512653,0.49819380708646016,False,0.15584835085348078,0.33635410335040045,False,0.11140169863021182,0.3127545484472149,False
soh60,46,185,0.06965467316267833,0.17274217297004665,0.11289404929744527,0.28165722197076337,False,0.6,0.13333333333333333,0.13333333333333333,0.13333333333333333,0.020238243294373244,0.04826783125494182,False,0.14396963659132064,0.4617793416817224,False,0.1655232628521542,0.3115463378426065,True,0.12184505445193301,0.30503537710378276,False
soh60,46,186,0.06209780532003103,0.180139874908122,0.10419034037060079,0.29392381921880073,False,0.6,0.13333333333333333,0.13333333333333333,0.13333333333333333,0.013992050976522745,0.05010108141020345,False,0.142641125731266,0.46406295697968547,False,0.15500560278658823,0.34633924440340214,False,0.10512258198802615,0.3151919940819118,False
soh60,46,187,0.06448846456094147,0.18643216837243282,0.10586688093910852,0.2996719929775966,False,0.6,0.13333333333333333,0.13333333333333333,0.13333333333333333,0.01719884584303626,0.057015225966531344,False,0.14039163344824931,0.47043863165164246,False,0.1547259719191684,0.3548069584727979,False,0.11115107254598011,0.31642715581941483,False
soh60,46,188,0.0638664785493583,0.18332211882345426,0.10553766236551539,0.295602682221963,False,0.6,0.13333333333333333,0.13333333333333333,0.13333333333333333,0.01624226847375021,0.055001474939444274,False,0.13829459482700687,0.47403262961327547,False,0.1586783847084058,0.3378712616941791,False,0.10893540145289864,0.31550536264095314,False
soh60,46,189,0.0708418013357193,0.20547111191795148,0.11277493866283642,0.3320253704140276,False,0.6,0.13333333333333333,0.13333333333333333,0.13333333333333333,0.022918215819013994,0.0608376736367217,False,0.14276734150519974,0.5502525332210343,False,0.16105093660432074,0.3909690793486038,False,0.12436326072281124,0.3260421954497505,False
soh60,46,190,0.07284589241389754,0.19113461432017834,0.11615218007945603,0.31503160259150587,False,0.6,0.13333333333333333,0.13333333333333333,0.13333333333333333,0.023352992224687813,0.049538056295804024,False,0.1441901486915843,0.5321392042911627,False,0.1652035883712204,0.3528318842247345,False,0.13186199103033164,0.3256172655543223,False
soh60,46,191,0.07368963167941124,0.1953474782312538,0.11551517753152521,0.31446268730019244,False,0.6,0.13333333333333333,0.13333333333333333,0.13333333333333333,0.025889007848423875,0.059215810723895396,False,0.14743115899005682,0.5116476473377546,False,0.1574960765975645,0.36917595125641234,False,0.1312444666900556,0.31781133988270743,False
soh60,46,192,0.06756726068587916,0.18636116594554714,0.11307430495384645,0.3053211010131238,False,0.6,0.13333333333333333,0.13333333333333333,0.13333333333333333,0.015559210093916554,0.05040695443974521,False,0.15175868966647507,0.5368467058205332,False,0.17332850599335536,0.3447884116978721,False,0.1116508140616388,0.28924233209434486,False
soh60,46,193,0.07408817305461565,0.17356536937790376,0.11701885958339533,0.28116278020903274,False,0.6,0.13333333333333333,0.13333333333333333,0.13333333333333333,0.02502453130743888,0.05059689985661348,False,0.15015548290702457,0.46146556831402835,False,0.16477311712359738,0.31252862945614807,False,0.1281223069955205,0.3000600232093411,False
soh60,46,194,0.06371863909850849,0.18453725272578195,0.1055283708002197,0.2996990474941331,False,0.6,0.13333333333333333,0.13333333333333333,0.13333333333333333,0.015936088582267107,0.05292377299052351,False,0.1378031266934251,0.5014470281319813,False,0.15782342386851642,0.3420307353290198,False,0.11055084405667019,0.30239465352500783,False
soh60,46,195,0.06901790361810474,0.17886002600888729,0.11245782129359094,0.294384406624728,False,0.6,0.13333333333333333,0.13333333333333333,0.13333333333333333,0.01937228341754908,0.0468321624479265,False,0.14290149506036662,0.5055958248192792,False,0.16826691754727544,0.3266002012487162,False,0.11929058914917266,0.29850943798298996,False
soh60,46,196,0.07613842984731689,0.18362607028801942,0.11921178220154081,0.29240746484851177,False,0.6,0.13333333333333333,0.13333333333333333,0.13333333333333333,0.026911741442489538,0.05930447650459958,False,0.14614959660603102,0.4560654122011221,False,0.1634573600870485,0.31971553430814553,False,0.1403284306705942,0.33454443638017994,False
soh60,46,197,0.06815200940504845,0.19842931915933654,0.11055220813245575,0.32597208349807877,False,0.6,0.13333333333333333,0.13333333333333333,0.13333333333333333,0.019694639430868705,0.05266615991505971,False,0.1422841704316858,0.5144801871681318,False,0.16310287098557638,0.4140649046294634,False,0.11712715168169208,0.3226770822796601,False
soh60,46,198,0.06405276846893264,0.18776570239164606,0.10624434570174182,0.31018610750974396,False,0.6,0.13333333333333333,0.13333333333333333,0.13333333333333333,0.015833823060007836,0.04785666797096275,False,0.14171371434232713,0.5200299177353306,False,0.157925875837906,0.3691677311057133,False,0.10950396956672638,0.3036901132269692,False
soh60,46,199,0.0717639742426033,0.18543537519836692,0.11408438003145246,0.2977720826704242,False,0.6,0.13333333333333333,0.13333333333333333,0.13333333333333333,0.02339779619820428,0.05705056665887285,False,0.14497859501820518,0.46566401056571904,False,0.15981633256897007,0.3502500036564635,False,0.12814479634043033,0.31812374980064145,False
soh60,46,200,0.06737080090042753,0.16991210014271602,0.11103804320034284,0.28702453556200147,False,0.6,0.13333333333333333,0.13333333333333333,0.13333333333333333,0.01746538112909575,0.03606931680638985,False,0.14042849898990842,0.503623849525495,False,0.16706916691526144,0.32238561571539237,False,0.11918912576710576,0.2860193602007286,False
